Name,Phone,Trade,Rating,Reviews,Website,Address
"Parker & Sons","(602) 424-9619","plumber","4.7","31253","https://www.parkerandsons.com/?utm_campaign=gmb_pk-phx_home_cus-all_googlebusinessprofile&utm_medium=gmb&utm_source=google","3636 E Anne St A, Phoenix, AZ 85040, USA"
"Goettl Air Conditioning and Plumbing - Phoenix AZ","(602) 517-0039","hvac-engineer","4.7","13084","https://www.goettl.com/location/phoenix-arizona/?utm_source=google&utm_medium=organic&utm_campaign=gmb","4611 E Baseline Rd, Phoenix, AZ 85042, USA"
"Collins Comfort Masters","(480) 212-9220","hvac-engineer","4.9","10569","https://collinscomfort.com/?utm_source=GMB&utm_medium=organic&utm_campaign=Website","102 W Julie Dr, Tempe, AZ 85283, USA"
"Day & Night Air Conditioning, Heating, & Plumbing","(602) 584-7758","hvac-engineer","4.9","8917","https://www.dayandnightair.com/?utm_source=gmb&utm_medium=local&utm_campaign=phoenix-az","3669 E La Salle St, Phoenix, AZ 85040, USA"
"Hobaica Services","(602) 633-9555","electrician","4.9","6867","https://www.hobaica.com/?utm_source=gbp&utm_medium=organic&utm_campaign=Google%20My%20Business","10636 N Cave Creek Rd, Phoenix, AZ 85020, USA"
"ACE Home Services","(602) 830-2365","hvac-engineer","4.7","6721","https://acehomeaz.com/areas-served/phoenix-az/?utm_source=google-gbp&utm_medium=organic&utm_campaign=*9*ace-home-services-phoenix","4814 S 35th St, Phoenix, AZ 85040, USA"
"Locksmith Guru LLC","(623) 244-8896","locksmith","4.9","6162","https://www.locksmithguruaz.com/","2920 E Northern Ave Suite #102, Phoenix, AZ 85028, USA"
"Penguin Air, Plumbing & Electrical","(480) 525-5400","electrician","4.7","6032","https://www.penguinair.com/?utm_source=google&utm_medium=organic&utm_campaign=GMBListing-Phoenix-AZ","3710 E University Dr # 1, Phoenix, AZ 85034, USA"
"Rite Way Heating, Cooling & Plumbing Of Phoenix","(480) 725-5031","hvac-engineer","4.9","4878","https://ritewayac.com/phoenix/?utm_source=gmb&utm_medium=organic&utm_campaign=smp_gmb_gilbert","1320 W Boxwood Ave, Gilbert, AZ 85233, USA"
"George Brazil Air Conditioning & Heating","(602) 649-1374","hvac-engineer","4.7","4722","https://georgebrazilhvac.com/?utm_source=google&utm_medium=organic&utm_campaign=gbp_website","2655 E Magnolia St #200, Phoenix, AZ 85034, USA"
"Sundial Locksmith LLC","(480) 525-7778","locksmith","4.9","3596","https://sundiallocksmith.com/","1709 E Guadalupe Rd, Tempe, AZ 85283, USA"
"Climate Pro LLC","(480) 602-4535","hvac-engineer","4.9","3210","https://climateprollc.com/","375 E Elliot Rd, Chandler, AZ 85225, USA"
"Wolfgangs Cooling, Heating & Plumbing","(928) 228-5968","hvac-engineer","4.9","3140","https://wolfgangscooling.com/locations/tempe-az?utm_source=GBP-listing&utm_medium=organic","2441 W Erie Dr, Tempe, AZ 85282, USA"
"John's Heating, Cooling, and Plumbing","(480) 648-0921","hvac-engineer","4.9","3075","https://www.justcalljohns.com/?utm_source=google&utm_medium=organic&utm_campaign=gbp","211 E 10th Dr #2, Mesa, AZ 85210, USA"
"American Home Water & Air","(602) 975-2697","hvac-engineer","4.9","2920","https://americanhomewater.com/","2030 W Desert Cove Ave, Phoenix, AZ 85029, USA"
"George Brazil Plumbing & Electrical","(602) 529-3749","electrician","4.7","2862","https://georgebrazilplumbingelectrical.com/?utm_source=gmb&utm_medium=organic","3830 S 38th St, Phoenix, AZ 85040, USA"
"Service Experts Tempe","(602) 393-6964","hvac-engineer","4.6","2820","https://www.serviceexperts.com/tempe-az?&utm_campaign=listing&utm_medium=organic_search&utm_source=gmb&utm_content=brand","2922 S Roosevelt St, Tempe, AZ 85282, USA"
"A/C & Plumbing Doctors","(602) 767-1830","hvac-engineer","4.9","2651","https://theacdoctors.com/?utm_source=google&utm_medium=organic&utm_campaign=GMBListing-gilbert-az","1394 N Farrell Ct, Gilbert, AZ 85233, USA"
"Alaskan Air Conditioning & Heating","(602) 529-5555","hvac-engineer","4.7","2634","https://www.alaskanac.com/phoenix-az/service-area/tempe-az-hvac-services/","2428 W Campus Dr, Tempe, AZ 85282, USA"
"Rescue One Air Heating & Cooling","(602) 536-9593","hvac-engineer","4.9","2545","http://rescueoneair.com/","7910 S Kyrene Rd #101, Tempe, AZ 85284, USA"
"Mister Sparky® of Phoenix","(480) 568-1137","electrician","4.8","2433","https://www.mistersparky.com/scottsdale/","15525 N 83rd Way Suite B6, Scottsdale, AZ 85260, USA"
"Rainforest Plumbing & Air","(480) 359-4513","plumber","4.8","2349","https://rainforestplumbingandair.com/air-conditioning/ac-repair-in-phoenix-az/","1837 N Rosemont, Mesa, AZ 85205, USA"
"AC by J","(602) 607-0943","hvac-engineer","4.8","2347","https://acbyj.com/","7595 E Gray Rd #1, Scottsdale, AZ 85260, USA"
"Just Better Air Conditioning and Heating LLC","(480) 631-9418","hvac-engineer","4.8","2109","https://justbetterair.com/","835 W 22nd St #101, Tempe, AZ 85282, USA"
"Gold Star Plumbing & Drain","(480) 405-0922","plumber","4.9","1985","https://goldstarplumbingaz.com/service-areas/gilbert-az-plumber/?utm_campaign=gmb&utm_medium=organic&utm_source=google","1528 W San Pedro St #4, Gilbert, AZ 85233, USA"
"ASAP Plumbing","(480) 933-1511","plumber","4.7","1929","https://asapplumbingaz.com/?utm_campaign=ASAP_GMB","1221 W Warner Rd # 103, Tempe, AZ 85284, USA"
"Flat Rate Mobile Locksmith","(480) 788-7612","locksmith","5","1922","http://www.thelockbutler.com/","740B E Flynn Ln, Phoenix, AZ 85014, USA"
"Same Day Air Repair","(602) 571-1728","hvac-engineer","4.8","1664","https://samedayairrepair.com/","1006 W Adams St, Phoenix, AZ 85007, USA"
"Reeis Air Conditioning, Plumbing & Electrical","(480) 581-5683","hvac-engineer","4.9","1574","http://reeis.com/","3525 E Corona Ave, Phoenix, AZ 85040, USA"
"Tucker Hill Air, Plumbing and Electric","(480) 591-2400","electrician","4.8","1557","https://tuckerhillaz.com/?utm_source=GMBlisting&utm_medium=referral","1553 W Elna Rae St #101, Tempe, AZ 85281, USA"
"AirTime Cooling and Heating","(480) 637-2799","hvac-engineer","5","1534","https://airtimeaz.com/heating/furnaces/repair/?utm_source=google&utm_medium=organic&utm_campaign=gmb","1540 S Gilbert Rd, Mesa, AZ 85204, USA"
"Lawson Family Plumbing Inc.","(602) 413-5790","plumber","4.9","1519","https://lawsonfamilyplumbing.com/","1497 E Baseline Rd STE 110, Gilbert, AZ 85233, USA"
"Wyman Plumbing & Mechanical LLC","(623) 250-5259","plumber","5","1485","http://www.wyman-services.com/?utm_source=local&utm_medium=organic&utm_campaign=gbp","12251 N 32nd St # 3, Phoenix, AZ 85032, USA"
"AZ Home Services Group AC Repair & Plumbing Services","(602) 806-7212","hvac-engineer","5","1456","https://azhomeservices.group/","1331 E Carmen St, Tempe, AZ 85283, USA"
"CallOrange.com","(480) 847-2635","locksmith","4.8","1439","https://callorange-locksmith-tempe.com/","2101 E Broadway Rd Suite 2, Tempe, AZ 85282, USA"
"Western States Home Services","(480) 531-8858","hvac-engineer","4.9","1411","https://www.westernstateshomeservices.com/?utm_source=google&utm_medium=gbp&utm_campaign=mesa","3065 N Norfolk, Mesa, AZ 85215, USA"
"Any Hour Services - Electric, Plumbing, Heating & Air","(602) 609-7184","plumber","4.9","1395","https://anyhourservices.com/arizona/","3415 W Northern Ave, Phoenix, AZ 85051, USA"
"Scottsdale Air Heating & Cooling","(602) 834-5334","hvac-engineer","4.9","1356","https://scottsdaleair.com/?utm_source=google&utm_medium=gmb&utm_campaign=SDA_ORG_EVER_A_GBP_TEMPE","722 S Perry Ln, Tempe, AZ 85288, USA"
"Elite Rooter Plumbers","(602) 698-8959","plumber","4.8","1352","https://www.eliterooter.com/location/phoenix/?utm_source=google&utm_medium=organic&utm_campaign=gmb","319 E Watkins St, Phoenix, AZ 85004, USA"
"Zest Plumbing & Drain","(480) 630-7725","plumber","4.9","1350","https://callzestplumbing.com/?utm_source=google&utm_medium=gbp","16445 N 91st St #107, Scottsdale, AZ 85260, USA"
"Patrick Riley | Isley's Cooling, Heating, Plumbing, & Electrical","(602) 638-2465","hvac-engineer","4.7","1344","https://patrickrileyservices.com/?utm_source=google&utm_campaign=gbp_website&utm_medium=organic","1850 E Watkins St, Phoenix, AZ 85034, USA"
"Drip Plumbing","(480) 679-6292","plumber","4.9","1339","https://dripplumbingaz.com/?utm_campaign=gmb&utm_medium=organic&utm_source=google&utm_term=mesa-website","952 E Baseline Rd Suite 123, Mesa, AZ 85204, USA"
"SMW Refrigeration and Heating, LLC","(602) 932-6925","hvac-engineer","4.8","1338","http://smwac.net/","1615 W University Dr #135, Tempe, AZ 85281, USA"
"Rooter Hero Plumbing & Air of Phoenix","(480) 351-0043","plumber","4.7","1298","https://rooterhero.com/plumber-phoenix-az-plumbing-repair-service","5424 S 40th St, Phoenix, AZ 85040, USA"
"Ideal Air Conditioning and Insulation","(480) 573-7604","hvac-engineer","4.9","1283","https://www.idealairaz.com/?utm_campaign=gmb&utm_medium=organic&utm_source=gmb","4127 E University Dr, Phoenix, AZ 85034, USA"
"Roto-Rooter Plumbing & Water Cleanup","(623) 687-3369","plumber","4.9","1266","https://www.rotorooter.com/phoenix/?utm_source=Google&utm_medium=organic&utm_campaign=gmb&utm_content=website","3230 E Washington St Ste 101, Phoenix, AZ 85034, USA"
"Mason Pro Services","(480) 835-9928","plumber","4.9","1259","https://www.masonproservices.com/?utm_source=google+business+listing&utm_medium=organic&utm_campaign=click+to+website&utm_content=chandler","2200 N Arizona Ave #18, Chandler, AZ 85225, USA"
"Chas Roberts Air Conditioning and Plumbing","(602) 328-5010","hvac-engineer","4.4","1252","https://www.chasroberts.com/","9828 N 19th Ave, Phoenix, AZ 85021, USA"
"Mr. Electric of Phoenix Metro","(480) 582-1249","electrician","4.9","1235","https://mrelectric.com/phoenix-metro/?cid=LSTL_MRE000196&utm_source=gmb&utm_campaign=local&utm_medium=organic","9831 S 51st St #C115, Phoenix, AZ 85044, USA"
"Robins Plumbing, Inc","(623) 486-4657","plumber","4.9","1231","https://www.robinsplumbing.com/","2802 N 37th Ave, Phoenix, AZ 85009, USA"
"Hansen Family Plumbing & Air","(602) 805-4836","plumber","4.9","1217","https://hansenfamilyplumbing.com/?utm_source=google_my_business","535 W Iron Ave #104, Mesa, AZ 85210, USA"
"EZ Flow Plumbing, LLC","(602) 613-4525","plumber","4.9","1208","https://www.ezflowplumbingaz.com/","3400 N Arizona Ave #112-113, Chandler, AZ 85225, USA"
"The Plumber","(480) 923-5066","plumber","4.9","1068","https://theplumberaz.com/?utm_source=google&utm_medium=gmb&utm_campaign=local","1635 N Greenfield Rd STE 106, Mesa, AZ 85205, USA"
"Maloney Plumbing & Drain Services in Phoenix, AZ","(602) 671-3617","plumber","4.9","1011","https://www.maloneyplumbing.com/?utm_source=gmb&utm_medium=organic","9119 7th St Suite 201, Phoenix, AZ 85020, USA"
"ACME Locksmith","(480) 380-2263","locksmith","4.8","989","https://www.acmelocksmith.com/mesa-lock-shop/?utm_source=GMB&utm_medium=Organic&utm_campaign=GMB+Mesa","4448 E Main St #3, Mesa, AZ 85205, USA"
"Chandler Air","(480) 372-5008","hvac-engineer","4.9","985","https://www.chandlerair.com/?utm_source=GMB&utm_medium=local","3250 N Colorado St, Chandler, AZ 85225, USA"
"Zippity Split Plumbing, Drain Cleaning, and Sewer Repair","(480) 637-3184","plumber","4.9","983","https://zippitysplitplumbing.com/phoenix-az/?utm_source=google&utm_medium=organic&utm_campaign=gbp_phoenix","3602 E Greenway Rd Ste 103, Phoenix, AZ 85032, USA"
"Howard Air Service Center","(480) 764-2921","hvac-engineer","4.7","971","https://howardair.com/utm_source=local&utm_medium=organic&utm_campaign=servicecenter","13235 N Cave Creek Rd, Phoenix, AZ 85022, USA"
"Plumbers Near Me, LLC","(602) 641-8882","plumber","5","932","https://plumbersnearme.services/","8990 E Raintree Dr Unit 100-G, Scottsdale, AZ 85260, USA"
"Bumble Bee Air Conditioning","(480) 966-2901","hvac-engineer","4.9","901","https://www.bumblebeeairconditioning.com/","1004 E Vista Del Cerro Dr, Tempe, AZ 85281, USA"
"Cheap Locksmith AZ","(602) 743-1934","locksmith","5","893","http://www.cheaplocksmithaz.com/?utm_source=omg-gbp&utm_medium=webclick","1212 E Bethany Home Rd, Phoenix, AZ 85014, USA"
"Anderson Lock & Safe - Phoenix Locksmith","(602) 973-3089","locksmith","4.9","867","https://andersonlockandsafe.com/","6146 N 35th Ave #101, Phoenix, AZ 85017, USA"
"The Aussie Plumber","(602) 820-5551","plumber","5","866","https://www.theaussieplumber.com/","4600 E Shea Blvd Ste 203, Phoenix, AZ 85028, USA"
"Roto-Rooter Plumbing & Water Cleanup","(480) 428-6336","plumber","4.9","862","https://www.rotorooter.com/tempeaz/?utm_source=Google&utm_medium=organic&utm_campaign=gmb&utm_content=website","1729 W Greentree Dr #107, Tempe, AZ 85284, USA"
"Benjamin Franklin The Punctual Plumber","(602) 786-5183","plumber","5","817","https://www.benfranklinplumbingaz.com/?utm_source=organic&utm_medium=gbp_listing","7440 E Karen Dr # 500, Scottsdale, AZ 85260, USA"
"Reliance Heating and Air Conditioning","(602) 607-2150","hvac-engineer","5","777","https://www.relianceac.com/?utm_source=Google&utm_medium=Google+Business+Profile&utm_campaign=GBP","302 W Lone Cactus Dr, Phoenix, AZ 85027, USA"
"B1 Locksmith of Tempe","(480) 757-9317","locksmith","4.9","768","https://b1locksmith.com/tempe-locksmith/","2003 E 5th St #7, Tempe, AZ 85288, USA"
"JMAC Heating & Cooling","(602) 279-2665","hvac-engineer","5","745","http://www.crycool.com/","1843 S Old Greenfield Rd, Mesa, AZ 85206, USA"
"Ignite Electric","(480) 725-7664","electrician","4.9","731","https://www.ignite-electric.com/","7820 E Evans Rd # 700, Scottsdale, AZ 85260, USA"
"Magic Touch Mechanical","(480) 855-8789","hvac-engineer","4.7","718","https://fireandairaz.com/","942 W 1st Ave, Mesa, AZ 85210, USA"
"Everest Air LLC","(480) 828-2705","hvac-engineer","5","711","https://everestairaz.com/?utm_source=GMB","1455 E University Dr, Mesa, AZ 85203, USA"
"J&L Plumbing and Air","(480) 720-7809","plumber","4.8","682","http://www.jlplumbingaz.com/","535 W Iron Ave, Mesa, AZ 85210, USA"
"Benefit Air Conditioning","(602) 840-9229","hvac-engineer","4.9","677","http://www.benefitair.com/","1315 W Indian School Rd, Phoenix, AZ 85013, USA"
"Air Conditioning of Arizona","(480) 250-3882","hvac-engineer","5","667","https://www.acofaz.net/","7652 E Greenway Rd Ste 103, Scottsdale, AZ 85260, USA"
"Mr. Rooter Plumbing of Phoenix Arizona","(602) 748-4821","plumber","4.7","666","https://www.mrrooter.com/phoenix/","133 S Country Club Dr, Mesa, AZ 85210, USA"
"Johnny Phoenix Locksmith","(480) 779-9144","locksmith","4.9","660","https://www.johnny-locksmith.net/","1940 E Camelback Rd #201, Phoenix, AZ 85016, USA"
"Air Care Cooling, Heating and Plumbing","(480) 238-2273","hvac-engineer","4.8","650","https://aircareaz.com/?utm_source=local&utm_medium=organic&utm_campaign=gbp","1815 W 1st Ave #137, Mesa, AZ 85202, USA"
"Diamondback Locksmith","(480) 360-5371","locksmith","5","647","https://diamondbacklockandkey.com/scottsdale","609 N Scottsdale Rd suite e, Scottsdale, AZ 85257, USA"
"Action Plumbing Heating Air & Electric","(928) 275-3725","plumber","4.9","633","https://actionplumbing.net/location/mesa-az/?loc=az_1","3707 E Southern Ave #6622, Mesa, AZ 85206, USA"
"Zippity Split Plumbing, Drain Cleaning, and Sewer Repair","(480) 374-4995","plumber","4.9","609","https://zippitysplitplumbing.com/tempe-az/?utm_source=google&utm_medium=organic&utm_campaign=gbp_tempe","2425 W 12th St #4, Tempe, AZ 85281, USA"
"Auto Programming Center LLC.","(623) 232-3333","locksmith","5","604","http://www.autoprogrammingcenter.com/","2843 W McDowell Rd, Phoenix, AZ 85009, USA"
"Peerless Plumbing & Nudrain Phoenix","(602) 265-5508","plumber","5","602","https://peerlessplumbingrepipes.com/?utm_source=google&utm_medium=gbp&utm_campaign=maps","3801 E Roeser Rd #20, Phoenix, AZ 85040, USA"
"Island Breeze Air Conditioning & Heating LLC","(623) 692-6013","hvac-engineer","5","601","https://islandbreeze-ac.com/","809 E Fairmount Ave, Phoenix, AZ 85014, USA"
"Car Key Replacement LLC","(480) 719-1719","locksmith","4.6","589","https://carkeyreplacementllc.com/?utm_source=gmb&utm_medium=referral","4747 E Thomas Rd suit c, Phoenix, AZ 85018, USA"
"Sun Tech Air Conditioning","(602) 900-3520","hvac-engineer","4.6","583","https://suntechair.com/","2727 W Glendale Ave Ste 207, Phoenix, AZ 85051, USA"
"Brewer's Air Conditioning and Heating LLC","(480) 725-5454","hvac-engineer","4.8","572","https://www.brewersac.com/","8830 S Hardy Dr Suite #102, Tempe, AZ 85284, USA"
"True North Air Conditioning","(480) 378-9591","hvac-engineer","5","563","https://www.truenorthairconditioning.com/","511 W Guadalupe Rd Suite 7, Gilbert, AZ 85233, USA"
"Champion Air","(480) 748-4000","hvac-engineer","4.9","561","https://championair.com/service-area/scottsdale/?utm_source=GMBlisting&utm_medium=referral","8989 E Vía Linda #117A, Scottsdale, AZ 85258, USA"
"Discount Locksmith LLC","(855) 766-8899","locksmith","4.8","545","https://discount-locksmith.com/locations/phoenix-az/","1021 E Washington St Suite #202, Phoenix, AZ 85034, USA"
"KAPPA-AIR LLC","(480) 673-8311","hvac-engineer","4.2","542","http://www.kappa-air.com/","3101 W Thomas Rd #102, Phoenix, AZ 85017, USA"
"Simon's Plumbing","(602) 739-4117","plumber","5","539","https://simonsplumbingaz.com/","4512 E Kelton Ln, Phoenix, AZ 85032, USA"
"Simple Electric","(602) 290-4707","electrician","4.9","532","https://simpleelectricaz.com/","1201 E Weldon Ave, Phoenix, AZ 85014, USA"
"One Hour Air Conditioning & Heating of Scottsdale","(480) 907-3938","hvac-engineer","4.8","529","https://www.onehourheatandair.com/scottsdale/?utm_source=gbp&utm_medium=organic&utm_campaign=OH0641-_-638807-","124 W Orion St STE F8, Tempe, AZ 85283, USA"
"ACE Home Services (formerly Hero Home Services)","(833) 247-6926","electrician","4.9","529","https://acehomeaz.com/areas-served/phoenix-az/?utm_source=google-gbp&utm_medium=organic&utm_campaign=*225*ace-home-services-phoenix","409 E Watkins St, Phoenix, AZ 85004, USA"
"Simba Plumbing LLC","(602) 962-3537","plumber","4.9","528","https://www.simbaplumbing.co/","221 E Indianola Ave, Phoenix, AZ 85012, USA"
"Call Locksmith AZ","(480) 400-1152","locksmith","5","525","http://calllocksmithaz.com/","4700 N 16th St, Phoenix, AZ 85016, USA"
"Way Cool Plumbing & Air","(480) 462-3843","hvac-engineer","4.9","522","http://www.callwaycool.com/","2328 E Van Buren St Ste 121, Phoenix, AZ 85006, USA"
"Locksmith Guru LLC","(623) 244-8897","locksmith","4.8","521","https://www.locksmithguruaz.com/","2406 S 24th St e119, Phoenix, AZ 85034, USA"
"All Out Cooling & Heating","(480) 578-1370","hvac-engineer","5","518","https://www.callallout.com/?utm_source=GMBlisting&utm_medium=organic","2775 N Arizona Ave #7, Chandler, AZ 85225, USA"
"Discount Locksmith LLC","(602) 833-1233","locksmith","4.7","514","","14819 N Cave Creek Rd UNIT 7, Phoenix, AZ 85032, USA"
"Option One Plumbing","(602) 252-4240","plumber","4.7","514","https://www.optiononeplumbing.com/locations/phoenix-plumber?utm_source=Google%20Maps&utm_medium=Maps&utm_campaign=AZ%20MAPS&utm_term=drain%20cleaning&utm_content=AZ%20Maps%20-%20Organic","3826 E Illini St, Phoenix, AZ 85040, USA"
"Roto-Rooter Plumbing & Water Cleanup","(480) 428-6335","plumber","4.8","511","https://www.rotorooter.com/scottsdaleaz/?utm_source=Google&utm_medium=organic&utm_campaign=gmb&utm_content=website","7720 E Evans Rd Ste 104C, Scottsdale, AZ 85260, USA"
"AZ Desert Locksmith LLC","(480) 204-1658","locksmith","4.9","505","https://www.azdesertlocksmith.com/","222 E Fremont Dr, Tempe, AZ 85282, USA"
"Autocare Air Conditioning & Auto Repair","(602) 569-0871","hvac-engineer","4.9","503","http://www.autocareacandbrakeinc.com/","4223 E Bell Rd, Phoenix, AZ 85032, USA"
"Locksmith Near Me, LLC","(480) 418-7560","locksmith","4.8","488","http://locksmith-near-me-mesa-arizona.com/","1855 E Southern Ave Suite #214, Mesa, AZ 85204, USA"
"NexLvl Services","(602) 439-4771","gas-engineer","4.9","483","http://nexlvlservices.com/","1841 S Horne, Mesa, AZ 85204, USA"
"Sure Lock & Key","(480) 771-2154","locksmith","4.7","477","https://surelockkey.com/az/locksmith-scottsdale/","15333 Hayden Rd #2242, Scottsdale, AZ 85260, USA"
"ACME Locksmith - Phoenix Shop and Service","(602) 422-9879","locksmith","4.9","476","https://www.acmelocksmith.com/?utm_source=GMB&utm_medium=Organic&utm_campaign=GMB+Phoenix","4143 N 16th St #3, Phoenix, AZ 85016, USA"
"JB Water & Air","(480) 498-8960","plumber","4.9","468","https://www.480water.com/","3932 E Presidio St, Mesa, AZ 85215, USA"
"Flush King Plumbing","(602) 644-1950","plumber","4.8","467","https://flushking.com/","6619 N Scottsdale Rd, Scottsdale, AZ 85250, USA"
"Collins Commercial Services","(844) 462-6554","plumber","4.8","466","https://collins-cs.com/?utm_source=gbp&utm_medium=local&utm_campaign=arizona&utm_id=organic","16413 N 91st St Suite C150, Scottsdale, AZ 85260, USA"
"MVP Plumbing","(480) 868-6722","plumber","4.8","461","http://www.mvpplumbingpro.net/","3215 N Arizona Ave Suite 7, Chandler, AZ 85225, USA"
"Arid Valley Plumbing","(480) 485-2832","plumber","5","455","https://aridvalleyaz.com/plumber-in-tempe-az/?utm_source=google&utm_medium=gmb-tempe","2114 E 5th St, Tempe, AZ 85288, USA"
"NES Electrical Services","(480) 474-7857","electrician","5","449","https://neselectricalservices.com/","659 S Oracle, Mesa, AZ 85204, USA"
"Comfort Experts","(480) 207-1239","hvac-engineer","4.9","446","https://www.azcomfortexperts.com/?utm_source=RocketListings&utm_medium=referral","1610 N Rosemont STE 113, Mesa, AZ 85205, USA"
"Mr. Handyman of Scottsdale","(602) 632-0877","plumber","4.9","445","https://www.mrhandyman.com/scottsdale/?cid=LSTL_MHM000197&utm_source=gmb&utm_campaign=local&utm_medium=organic","7678 E Greenway Rd Ste 102, Scottsdale, AZ 85260, USA"
"Locksmith Guru LLC","(480) 781-4472","locksmith","4.9","445","https://www.locksmithguruaz.com/tempe-az/","405 W Southern Ave #115, Tempe, AZ 85282, USA"
"Froggy Fix LLC","(480) 933-3764","plumber","5","437","https://froggyfix.com/","190 E Corporate Pl #2, Chandler, AZ 85225, USA"
"Aire Serv of East Valley","(480) 630-3261","hvac-engineer","4.9","437","https://www.aireserv.com/east-valley/?cid=LSTL_ASV-US000187&utm_source=gmb&utm_campaign=local&utm_medium=organic","1138 S Wilbur #104, Mesa, AZ 85210, USA"
"American Home Water and Air","(602) 698-4431","hvac-engineer","4.9","436","https://americanhomewater.com/","4600 E Washington St # 300, Phoenix, AZ 85034, USA"
"Absolute Refrigerants, Wholesale Refrigerants, HVAC Supply","(480) 681-1462","hvac-engineer","5","435","https://absoluterefrigerants.com/?utm_medium=organic&utm_source=gmb&utm_campaign=mainar","7607 E Greenway Rd #700, Scottsdale, AZ 85260, USA"
"Castle Electrical & Lighting","(480) 570-8014","electrician","5","432","https://www.castleaz.com/?utm_source=gbp&utm_medium=organic","8361 E Evans Rd # 106, Scottsdale, AZ 85260, USA"
"Aire Serv of Red Mountain","(480) 428-8498","hvac-engineer","4.9","411","https://www.aireserv.com/red-mountain/?cid=LSTL_ASV-US000187&utm_source=gmb&utm_campaign=local&utm_medium=organic","2160 E Brown Rd Ste 1, Mesa, AZ 85213, USA"
"SG Mechanical Air, LLC","(623) 777-9577","hvac-engineer","4.9","411","https://www.sgmechanicalair.com/","3446 N 29th Ave, Phoenix, AZ 85017, USA"
"Shamrock Heating & Cooling","(602) 560-8689","hvac-engineer","4.8","406","https://shamrockheatingandcooling.com/?utm_source=gbp&utm_medium=organic","5005 S Ash Ave # A-21, Tempe, AZ 85282, USA"
"Scottsdale Locksmithing","(480) 823-4544","locksmith","4.8","404","https://www.scottsdalelocksmithing.com/","4381 N 75th St #201, Scottsdale, AZ 85251, USA"
"Valleywide Cooling","(480) 439-9999","hvac-engineer","4.9","402","http://www.valleywidecooling.com/","75 W Baseline Rd a16, Gilbert, AZ 85233, USA"
"Savage Air Conditioning","(480) 916-4313","hvac-engineer","5","396","https://savageac.com/","2315 W Fairmont Dr, Tempe, AZ 85282, USA"
"ASAP Air Conditioning And Heating","(480) 654-2727","hvac-engineer","4.8","387","http://www.asapairconditioningandheating.com/","3653 E Main St, Mesa, AZ 85205, USA"
"Semper Fi Heating and Cooling","(602) 362-8592","hvac-engineer","4.9","383","https://www.semperfiheatingcooling.com/heating-cooling-phoenix-az/?utm_source=GBPNorthPHX","536 E Dunlap Ave ste 6, Phoenix, AZ 85020, USA"
"Accurate Air","(480) 894-2998","hvac-engineer","5","380","https://accurateairac.com/","1321 E Weber Dr, Tempe, AZ 85288, USA"
"Diamondback Lock and Key of Mesa","(480) 887-4267","locksmith","4.9","377","https://diamondbacklockandkey.com/mesa","1616 E Main St #123, Mesa, AZ 85203, USA"
"Scottsdale Air Heating & Cooling","(602) 834-2160","hvac-engineer","4.9","376","https://scottsdaleair.com/?utm_source=google&utm_medium=gmb&utm_campaign=SDA_ORG_EVER_A_GBP_PHOENIX","4747 E Thomas Rd STE F, Phoenix, AZ 85018, USA"
"Bolt Electric","(602) 566-9503","electrician","4.9","375","http://www.boltelectricaz.com/","145 E Comstock Dr #2, Chandler, AZ 85225, USA"
"Allegiance Water Services","(480) 530-7070","plumber","5","372","https://www.allegiancewater.com/","8240 E Gelding Dr, Scottsdale, AZ 85260, USA"
"American Home Water and Air","(602) 698-4432","hvac-engineer","4.9","363","https://americanhomewater.com/service-areas/scottsdale-hvac/","16427 N Scottsdale Rd Suite 410, Scottsdale, AZ 85254, USA"
"Advanced Lock Service®","(602) 336-8670","locksmith","4.8","360","https://advancedlockservice.com/","2329 W Glendale Ave # 3, Phoenix, AZ 85021, USA"
"Rad Plumbing","(602) 825-0745","plumber","5","355","https://www.radplumbingaz.com/","4140 E Baseline Rd STE 101, Mesa, AZ 85206, USA"
"Mark Daniels Air Conditioning & Heating","(480) 571-7219","hvac-engineer","5","355","https://www.markdanielsac.com/","4735 E Virginia St Suite #102, Mesa, AZ 85215, USA"
"All Time Plumbing and Drains","(480) 351-5408","plumber","4.9","349","https://www.alltimeplumbinganddrains.com/?utm_campaign=gmb","2309 E Main St, Mesa, AZ 85213, USA"
"Viking Heating and Air Conditioning","(480) 689-5167","hvac-engineer","4.9","349","https://www.viking-hvac.com/","3225 N Arizona Ave Ste. C12, Chandler, AZ 85225, USA"
"Discount Locksmith LLC","(480) 372-8854","locksmith","4.9","348","","2308 N Horne, Mesa, AZ 85203, USA"
"Cure All Plumbing","(480) 895-5858","plumber","4.9","347","https://www.cureallplumbing.com/?utm_source=gmb&utm_medium=organic&utm_campaign=gmb-listing","75 W Baseline Rd Suite 30, Gilbert, AZ 85233, USA"
"TSC Air","(480) 460-1487","hvac-engineer","4.9","339","http://www.tscair.com/","1022 W 23rd St, Tempe, AZ 85282, USA"
"Ellsworth Air Conditioning and Home Services - Gilbert","(480) 593-2265","hvac-engineer","4.8","338","https://ellsworthhomeservices.com/","700 N Neely St # 1, Gilbert, AZ 85233, USA"
"Arizona TradeMasters","(602) 324-1840","hvac-engineer","4.6","337","https://www.aztrademasters.com/","9417 N 11th Ave, Phoenix, AZ 85021, USA"
"Redline Electric & Solar","(480) 470-3058","electrician","4.9","337","https://www.iamredline.com/","125 W Gemini Dr Suite E-19, Tempe, AZ 85283, USA"
"Macho Contracting","(602) 857-2939","gas-engineer","5","333","https://www.machocontracting.com/","6424 E Greenway Pkwy #100, Scottsdale, AZ 85254, USA"
"Shon the Locksmith","(602) 596-6565","locksmith","4.9","327","https://shonthelocksmith.com/","4700 N 16th St, Phoenix, AZ 85016, USA"
"Just Air LLC","(602) 595-8544","hvac-engineer","4.8","326","http://justairllc.com/","15211 N Cave Creek Rd suite E, Phoenix, AZ 85032, USA"
"T&K Electric Company","(602) 844-9765","electrician","4.8","316","http://tnkelectric.com/","Val Vista Crossings, 3707 E Southern Ave 1031 Floor 1, Mesa, AZ 85206, USA"
"One Hour Heating & Air Conditioning","(602) 638-2884","hvac-engineer","5","316","https://www.onehourheatandair.com/west-valley/?utm_source=gbp&utm_medium=organic&utm_campaign=645787_-OH0906-","9831 S 51st St Suite D133, Phoenix, AZ 85044, USA"
"Dodge Electric","(480) 210-6058","electrician","4.9","315","https://dodgeelectric.com/?utm_campaign=gmb","3215 N Arizona Ave Suite B12, Chandler, AZ 85225, USA"
"True Home Maintenance Air Conditioning & Heating","(480) 813-8783","hvac-engineer","4.9","313","https://truehomeac.com/","4611 E Virginia St, Mesa, AZ 85215, USA"
"Compass Air","(480) 492-3606","hvac-engineer","5","311","https://azcompassair.com/","7741 E Gray Rd # 13, Scottsdale, AZ 85260, USA"
"Schiller Heating & Cooling, Inc.","(480) 961-4920","hvac-engineer","4.9","304","https://schillerair.com/","125 W Gemini Dr Suite E15A, Tempe, AZ 85283, USA"
"Super Electric","(602) 904-6842","electrician","4.6","302","","4640 E McDowell Rd, Phoenix, AZ 85008, USA"
"Harmon's Safe Lock and Key","(480) 834-9431","locksmith","4.7","302","https://harmonslockandkey.com/","905 E Main St, Mesa, AZ 85203, USA"
"Springs Plumbing","(480) 265-6936","plumber","5","301","https://www.springsplumbingaz.com/plumber-phoenix-az","19029 N 41st Pl, Phoenix, AZ 85050, USA"
"Weather Masters","(480) 832-9659","hvac-engineer","4.8","301","https://www.weather-masters.com/","155 E Broadway Rd, Mesa, AZ 85210, USA"
"Flo Pro Plumbing & Drain","(480) 933-2422","plumber","5","300","https://www.floproplumbingaz.com/?utm_campaign=gmb","1910 S Stapley Dr, Mesa, AZ 85204, USA"
"Affordable Plumbing, Rooter and Water Heaters","(480) 613-5307","plumber","4.9","296","https://www.affordableplumbingaz.com/?utm_source=google&utm_medium=gbp-32","16042 N 32nd St Suite C-3, Phoenix, AZ 85032, USA"
"Jiffy Locksmith","(480) 576-2254","locksmith","5","295","https://jiffy-locksmith.com/","443 E Meadows Ln, Gilbert, AZ 85234, USA"
"Somers Plumbers - Phoenix Plumbing Company","(480) 568-2596","plumber","5","287","https://www.somersplumbers.net/","14039 N 8th Pl, Phoenix, AZ 85022, USA"
"Martin Air HVAC","(480) 500-7393","hvac-engineer","4.9","283","https://www.martinairhvac.com/","431 S Stapley Dr #28, Mesa, AZ 85204, USA"
"Heath's Air LLC","(480) 470-7777","hvac-engineer","4.9","272","https://www.heathsair.com/?utm_source=gmb&utm_medium=organic&utm_campaign=tmg","555 W 2nd Ave B2, Mesa, AZ 85210, USA"
"Cactus Plumbing And Air","(480) 418-9912","plumber","4.9","271","https://cactusplumbingandair.com/scottsdale-plumber-and-ac-repair/?utm_source=gmb&utm_medium=scottsdale","6730 E McDowell Rd #129, Scottsdale, AZ 85257, USA"
"All Aloha Plumbing Phoenix","(480) 447-8153","plumber","4.8","271","https://www.callallaloha.com/phoenix/?utm_source=google&utm_medium=gbp&utm_campaign=Tempe","1615 W University Dr STE 131, Tempe, AZ 85281, USA"
"Alaskan Air Conditioning & Heating","(480) 999-9901","hvac-engineer","5","264","https://www.alaskanac.com/phoenix-az/service-area/scottsdale/","9590 E Ironwood Square Dr Ste 230-E, Scottsdale, AZ 85258, USA"
"M&P Locksmith","(480) 887-8656","locksmith","5","264","https://mnplocksmith.com/","2350 S Davis Cir, Mesa, AZ 85210, USA"
"Second Opinion Plumbing","(480) 448-1126","plumber","4.9","261","https://secondopinionplumbingaz.com/?utm_source=GMB&utm_medium=local","410 E Scott Ave, Gilbert, AZ 85234, USA"
"Dolce Electric Co","(480) 434-0777","electrician","4.9","259","https://electriciansmesaaz.com/","625 W Southern Ave #E239, Mesa, AZ 85210, USA"
"Benjamin Franklin Plumbing","(480) 480-8828","drain-specialist","4.9","258","https://www.benjaminfranklinplumbing.com/gilbert/?utm_source=gbp&utm_medium=organic&utm_campaign=638239_-BF0637-","1545 N McQueen Rd suite 102, Gilbert, AZ 85233, USA"
"Mister Sparky® of Mesa & Chandler","(480) 646-4029","electrician","4.8","256","https://www.mistersparky.com/mesa-chandler/?utm_source=gbp&utm_medium=organic&utm_campaign=DS0013_-639018-","4055 E Camino St, Mesa, AZ 85205, USA"
"Good Times Plumbing & Restoration","(602) 313-1869","plumber","4.9","256","https://goodtimesrestoration.com/","3454 N San Marcos Pl Unit D-12, Chandler, AZ 85225, USA"
"Felix Appliance Heating & Air","(480) 744-0731","hvac-engineer","4.9","256","https://felixappliancerepair.net/","1535 N Horne #31, Mesa, AZ 85203, USA"
"Merit Plumbing Services","(623) 526-6511","plumber","4.9","253","http://meritplumbingservices.com/","2200 N Scottsdale Rd suite o, Scottsdale, AZ 85257, USA"
"Master Rooter","(602) 661-7781","plumber","4.6","253","http://masterrooter.co/","2915 N Norfolk, Mesa, AZ 85215, USA"
"A/C Experts","(480) 386-6980","hvac-engineer","4.7","251","http://acexpertsaz.com/","331 S River Dr #4, Tempe, AZ 85288, USA"
"Cooper Climate Control","(480) 460-7417","hvac-engineer","5","246","http://cooperclimatecontrol.com/","170 S William Dillard Dr Ste. 110, Gilbert, AZ 85233, USA"
"AHR Mechanical Services","(480) 991-2353","hvac-engineer","4.9","245","http://www.ahrmechanical.com/","2009 E 5th St #9, Tempe, AZ 85288, USA"
"Hendel's Air Conditioning Inc.","(480) 813-1700","hvac-engineer","4.5","241","https://www.hendels.com/","3434 N Arizona Ave, Chandler, AZ 85225, USA"
"Cactus Plumbing And Air","(480) 608-9942","plumber","4.8","241","https://cactusplumbingandair.com/tempe/","425 S McClintock Dr #6, Tempe, AZ 85288, USA"
"www.thepeopleac.com","(480) 900-2665","hvac-engineer","5","241","http://www.wethepeopleac.com/","3954 E Oasis Cir Suite 1, Mesa, AZ 85215, USA"
"ON Services Mechanical, Electrical, Plumbing, & HVAC","(480) 326-6959","gas-engineer","4.6","239","https://onservicesllc.com/?utm_source=google&utm_medium=organic&utm_campaign=gbp-website","633 W 2nd Ave, Mesa, AZ 85210, USA"
"Apple Plumbing Services","(480) 664-8098","plumber","4.7","239","https://www.appleplumbingaz.com/","15207 N 75th St #111, Scottsdale, AZ 85260, USA"
"BLUE Electric","(480) 576-5428","electrician","5","238","https://blueelectricaz.com/?utm_source=google&utm_medium=organic&utm_campaign=GBP","955 E Javelina Ave, Mesa, AZ 85204, USA"
"Falcon Air Conditioning","(480) 813-3613","hvac-engineer","4.9","232","https://www.gofalconair.com/","320 E 10th Dr Suite F, Mesa, AZ 85210, USA"
"AC Works","(602) 780-3077","hvac-engineer","5","231","https://acworksaz.com/","9605 N Cave Creek Rd, Phoenix, AZ 85020, USA"
"Now Plumbing","(480) 802-2775","plumber","4.7","227","https://nowplumbing.net/","3050 S Country Club Dr, Mesa, AZ 85210, USA"
"Cactus Plumbing And Air","(480) 933-7732","plumber","4.9","227","https://cactusplumbingandair.com/gilbert-plumber-and-ac-repair/?utm_source=gmb&utm_medium=gilbert","1111 N Gilbert Rd Suite# 210-B, Gilbert, AZ 85234, USA"
"Vessel Home Services LLC","(480) 890-0848","hvac-engineer","4.9","227","https://www.vesselhomeservices.com/","1832 S MacDonald Ste 104, Mesa, AZ 85210, USA"
"Legendary Energy","(602) 266-9566","hvac-engineer","5","226","http://legendaryenergyaz.com/","7600 N 15th St Suite 150, Phoenix, AZ 85020, USA"
"Promise Heating & Air","(602) 363-0230","hvac-engineer","5","224","http://promiseheatingandair.com/?utm_campaign=gmb","2010 N 22nd Ave, Phoenix, AZ 85009, USA"
"Alien Air Conditioning and Heating llc","(602) 824-9494","hvac-engineer","4.9","223","https://www.alienairconditioning.com/","7235 N 30th Ln, Phoenix, AZ 85051, USA"
"Neighborhood Plumber & Drain Service","(602) 755-9098","plumber","5","222","https://azneighborhoodplumber.com/scottsdale-affordable-plumber-experts","1324 N 85th PL, Scottsdale, AZ 85257, USA"
"ABC Plumbing and Rooter","(480) 726-1600","plumber","4.4","221","https://www.abcplumbingandrooter.com/","284 E Chilton Dr #2, Chandler, AZ 85225, USA"
"City Wide Plumbing & Service Co.","(480) 966-8795","plumber","4.9","219","https://citywideplumbingaz.com/","401 W Orion St, Tempe, AZ 85283, USA"
"Smith Plumbing, Heating and Cooling","(480) 827-9111","plumber","4.9","218","https://www.smithservicesaz.com/","5135 E Ingram St #8, Mesa, AZ 85205, USA"
"Reliant Plumbing & Rooter","(602) 888-7060","plumber","5","215","https://reliantplumbingandrooter.com/?utm_source=GBPlisting&utm_medium=organic","2820 N 36th St, Phoenix, AZ 85008, USA"
"4HIM Cooling & Heating","(623) 294-1512","hvac-engineer","4.9","213","https://www.4himcooling.com/?utm_campaign=gmb","9013 N 24th Ave Suite 6, Phoenix, AZ 85021, USA"
"Superstition Plumbing","(480) 566-9316","plumber","4.9","212","https://www.superstitionplumbing.com/?utm_campaign=gmb","501 W 8th Ave #17, Mesa, AZ 85210, USA"
"All Area A/C & Heating","(602) 718-9363","hvac-engineer","5","210","https://allareaacandheating.com/","7109 S 19th Dr, Phoenix, AZ 85041, USA"
"JDL Refrigeration","(480) 833-2665","hvac-engineer","4.9","209","https://jdlrefrigeration.com/?utm_source=google&utm_medium=organic&utm_campaign=gmb","627 W 2nd Ave, Mesa, AZ 85210, USA"
"Arid Valley Plumbing LLC","(480) 485-2994","plumber","4.6","207","https://aridvalleyaz.com/plumber-in-gilbert-az/","511 W Guadalupe Rd #5, Gilbert, AZ 85233, USA"
"Cactus Plumbing And Air","(480) 906-3884","plumber","4.9","201","https://cactusplumbingandair.com/phoenix/","14819 N Cave Creek Rd Unit 1, Phoenix, AZ 85032, USA"
"Lee Collins Air Conditioning","(602) 944-1571","hvac-engineer","4.7","200","http://leecollinsac.com/","8927 N 2nd Way, Phoenix, AZ 85020, USA"
"Pineapple Air Heating & Cooling","(480) 310-0240","hvac-engineer","5","200","http://pineappleairaz.com/","725 W Commerce Ave #112, Gilbert, AZ 85233, USA"
"Anderson Lock and Safe - Arcadia Locksmith","(602) 805-6916","locksmith","4.7","199","https://andersonlockandsafe.com/","2316 N 32nd St, Phoenix, AZ 85008, USA"
"PHX Locksmith Pros","(602) 529-6678","locksmith","5","196","https://www.phoenixlocksmithpros.net/","4615 N 14th St Unit A, Phoenix, AZ 85014, USA"
"Oasis Air AZ","(480) 485-5630","hvac-engineer","4.7","196","https://www.oasisairaz.com/","3550 N Goldwater Blvd, Scottsdale, AZ 85251, USA"
"Star Light Electric LLC","(602) 545-6800","electrician","5","193","https://starlightelectricaz.com/","1928 E Rosemonte Dr, Phoenix, AZ 85024, USA"
"Gemba Automotive Repair","(480) 947-4863","hvac-engineer","4.7","192","https://www.gembaautomotive.com/","3014 N Civic Center Plaza, Scottsdale, AZ 85251, USA"
"All Season Plumbing And Air","(623) 462-0357","hvac-engineer","5","190","https://allseasonsplumbingandair.com/tempe/?utm_source=gmb&utm_medium=tempe","405 W Southern Ave Unit 1-105, Tempe, AZ 85282, USA"
"Travis & Sons Plumbing & Rooter","(480) 568-2309","plumber","4.8","189","https://www.travisandsonsplumbing.com/?utm_source=google&utm_medium=organic&utm_campaign=gmb-gilbert&utm_content=listing","1324 N Farrell Ct suite 109 office 6, Gilbert, AZ 85233, USA"
"Gold Star Plumbing & Drain","(480) 372-9583","plumber","5","188","https://goldstarplumbingaz.com/?utm_source=google&utm_medium=gbp&utm_campaign=tempe","3010 S Potter Dr, Tempe, AZ 85282, USA"
"Pink Plumbing and Sewer","(602) 562-5290","plumber","4.9","188","http://www.pinkplumbingandsewer.com/","2375 E Camelback Rd #600, Phoenix, AZ 85016, USA"
"Iceman Cooling and Heating","(480) 466-4921","hvac-engineer","4","187","","7721 E Gray Rd unit 201, Scottsdale, AZ 85260, USA"
"Mr. Sunshine Plumbing and Drain","(602) 705-9918","plumber","4.9","186","https://www.mrsunshineaz.com/","216 W Southern Ave, Mesa, AZ 85210, USA"
"Saguaro Plumbing And Air","(623) 343-4953","plumber","5","185","https://saguaroplumbingandair.com/tempe/","5024 S Ash Ave Unit 107, Tempe, AZ 85282, USA"
"Affordable Plumbing, Rooter and Water Heaters","(480) 841-9085","plumber","4.9","183","https://www.affordableplumbingaz.com/?utm_source=google&utm_medium=gbp-24","2942 N 24th St Suite 12, Phoenix, AZ 85016, USA"
"Gideon Service Company","(480) 916-0842","electrician","5","178","https://www.gideonservicecompany.com/","2942 N 24th St #201, Phoenix, AZ 85016, USA"
"Kendall Plumbing & Rooter","(480) 969-1040","plumber","4.9","177","http://www.kendallplumbingandrooter.com/","123 N Centennial Way suite 146, Mesa, AZ 85201, USA"
"AZ Cars Locksmith","(602) 586-5999","locksmith","5","176","https://carslocksmith.com/","537 E Boca Raton Rd, Phoenix, AZ 85022, USA"
"MAGMA HVAC","(602) 960-3949","hvac-engineer","4.6","175","https://magmahvac.com/","1855 W Greenway Rd, Phoenix, AZ 85023, USA"
"Morehart Air Conditioning and Heating","(623) 738-4004","hvac-engineer","4.7","175","https://morehartac.com/?utm_source=google&utm_medium=organic&utm_campaign=GMB-Peoria-AZ","8853 N 78th Ave, Peoria, AZ 85345, USA"
"Bob's Locks & Safes","(480) 834-4393","locksmith","4.9","174","http://www.bobslocks.us/","1560 W Main St, Mesa, AZ 85201, USA"
"B1 Locksmith of Mesa","(480) 550-8811","locksmith","5","170","http://b1locksmith.com/mesa-locksmith","1819 S Dobson Rd UNIT 205, Mesa, AZ 85202, USA"
"Downtown Locksmith","(602) 253-6916","locksmith","4.7","169","https://downtownlocksmith.com/","137 W McDowell Rd, Phoenix, AZ 85003, USA"
"Paul's Ace Hardware","(480) 948-3102","locksmith","4.8","167","http://www.paulsacehardware.com/","8449 E McDonald Dr, Scottsdale, AZ 85250, USA"
"All Season Plumbing And Air","(623) 304-8128","hvac-engineer","5","166","https://allseasonsplumbingandair.com/scottsdale/?utm_source=gmb&utm_medium=scottsdale","3010 N 67th Pl suite#106, Scottsdale, AZ 85251, USA"
"Alan's Air","(602) 469-1824","hvac-engineer","4.9","166","https://www.alansairllc.com/","2451 W Birchwood Ave # 113, Mesa, AZ 85202, USA"
"Alliance Plumbing Service & Repair, LLC","(480) 633-3020","plumber","3.8","165","http://www.allianceplumbingaz.com/","2626 E Elwood St, Phoenix, AZ 85040, USA"
"Golden Key Locksmith","(480) 526-5873","locksmith","5","164","https://www.goldenkeylocksmithaz.com/","2200 W San Angelo St, Gilbert, AZ 85233, USA"
"Rooter Hero Plumbing & Air of Tempe","(480) 646-3888","plumber","4.8","164","https://rooterhero.com/plumber-tempe-az-plumbing-repair-service","60 E Rio Salado Pkwy Suite 900A, Tempe, AZ 85281, USA"
"Zoom Drain Tempe","(602) 613-1114","drain-specialist","5","163","http://zoomdrain.com/phoenix","1705 W University Dr, Tempe, AZ 85281, USA"
"A-1 Locksmith & Security Center, Inc.","(480) 966-1423","locksmith","4.9","163","http://www.a1locksmith.com/","1707 E Weber Dr #1, Tempe, AZ 85288, USA"
"Aloha Air Conditioning and Plumbing","(480) 832-8192","hvac-engineer","4.8","160","http://www.aloha-ac.com/","236 W Mahoney Ave, Mesa, AZ 85210, USA"
"Accent Plumbing, Inc.","(602) 955-5050","plumber","4.7","159","https://www.accentplumbingaz.com/","2721 E Indian School Rd, Phoenix, AZ 85016, USA"
"Marshall's Service Center","(480) 990-3630","hvac-engineer","4.7","157","https://www.marshallsautorepair.com/","8128 E Indian School Rd, Scottsdale, AZ 85251, USA"
"PriceMyAC.com","(480) 451-7022","hvac-engineer","5","155","https://pricemyac.com/","1909 E La Vieve Ln, Tempe, AZ 85284, USA"
"Sage Locksmith LLC","(602) 671-0362","locksmith","4.5","154","https://sagelocksmith.com/?utm_campaign=gmb","18413 N Cave Creek Rd, Phoenix, AZ 85032, USA"
"Omnia Plumbing","(480) 772-8342","plumber","5","151","http://omniaplumbing.com/","5602 E Acoma Dr, Scottsdale, AZ 85254, USA"
"Air & Water Mechanical Services","(480) 706-3333","hvac-engineer","4.7","151","https://airwateraz.com/","1048 S Sirrine, Mesa, AZ 85210, USA"
"scottsdale locksmithing shop","(480) 770-6656","locksmith","5","150","http://www.scottsdale-locksmithing.com/","7802 E Gray Rd STE 300, Scottsdale, AZ 85260, USA"
"Supreme Comfort LLC","(623) 294-2831","hvac-engineer","5","145","https://supremecomfortaz.com/","2900 E Adams St, Phoenix, AZ 85034, USA"
"Semper Fi Heating and Cooling","(623) 283-2272","hvac-engineer","4.9","145","https://www.semperfiheatingcooling.com/heating-cooling-phoenix-az/?utm_source=GBPSouthPHX","3726 W Roanoke Ave #4, Phoenix, AZ 85009, USA"
"Sure Lock & Security","(602) 510-1769","locksmith","4.8","144","https://surelocksmiths.com/","1811 E Apache Blvd, Tempe, AZ 85281, USA"
"American Plumbing and Rooter","(480) 888-5213","plumber","4.9","143","https://americanplumbingaz.com/","3225 N Arizona Ave c1, Chandler, AZ 85225, USA"
"Arizona Keys Locksmith","(480) 941-7239","locksmith","5","143","https://arizonakeyslocksmith.com/","6930 E Pinchot Ave #6863, Scottsdale, AZ 85251, USA"
"Honest Air Inc.","(480) 934-0407","hvac-engineer","4.9","142","https://honestairconditioning.net/?utm_source=google&utm_medium=organic&utm_campaign=GMBListing-Mesa-AZ","2942 N Greenfield Rd STE 147, Mesa, AZ 85215, USA"
"Primos Locksmith","(602) 710-0007","locksmith","4.7","142","","3006w W McDowell Rd, Phoenix, AZ 85009, USA"
"Grand Electric LLC","(480) 584-1780","electrician","4.9","138","https://grandelectricllc.com/","S Granada Dr, Tempe, AZ 85283, USA"
"Holly Plumbing Solutions","(480) 604-6402","plumber","5","137","http://www.hollyplumbing.com/","S Longmore, Mesa, AZ 85202, USA"
"Water Pros Plumbing","(480) 459-4424","plumber","5","137","https://waterprosplumbing.com/","757 N Golden Key St C, Gilbert, AZ 85233, USA"
"Red Mountain Air Conditioning","(480) 878-7098","hvac-engineer","4.9","137","http://redmountainair.com/","1661 N Quail, Mesa, AZ 85205, USA"
"Peavler Air Conditioning & Heating","(480) 247-2170","hvac-engineer","4.9","136","http://peavlerac.com/","645 W 2nd Ave, Mesa, AZ 85210, USA"
"New Era Plumbing","(480) 440-6730","plumber","5","135","https://neweraplumbingaz.com/","1317 W Palomino Dr, Chandler, AZ 85224, USA"
"Patriot Air, Inc.","(480) 219-8288","hvac-engineer","4.7","134","http://www.patriotairinc.com/","2465 W 12th St #5, Tempe, AZ 85281, USA"
"DC Family Plumbing","(480) 300-4791","plumber","4.9","133","https://dcfamilyplumbing.com/","1797 W University Dr, Tempe, AZ 85281, USA"
"Javier's Quick Electricians","(602) 932-2326","electrician","4.8","131","","426 N Drew St #25D, Mesa, AZ 85201, USA"
"TotalTech Arizona","(480) 326-4507","plumber","4.8","130","https://totaltecharizona.com/","402 W Gemini Dr, Tempe, AZ 85283, USA"
"Adams Refrigeration","(602) 269-6447","hvac-engineer","4.6","129","https://adamsrefrig.com/phoenix/?utm_source=google&utm_medium=organic&utm_campaign=PhoenixGBP","1824 N 35th Ave, Phoenix, AZ 85009, USA"
"Lock Docs","(480) 399-9972","locksmith","5","129","https://azlockdocs.com/","670 E El Prado Rd, Chandler, AZ 85225, USA"
"Sonoran Locksmith","(602) 362-7374","locksmith","4.8","128","http://sonoranlocksmith.com/","8601 N Black Cyn Hwy #205, Phoenix, AZ 85021, USA"
"Action Plumbing Heating Air & Electric","(480) 808-1641","plumber","4.9","127","https://actionplumbing.net/location/tempe-az/?loc=az_1","927 W 23rd St, Tempe, AZ 85282, USA"
"Affordable Locksmith","(480) 568-0669","locksmith","4.9","127","https://a1affordablelocksmith.com/locksmith-scottsdale-az/","7900 E Princess Dr, Scottsdale, AZ 85255, USA"
"America’s Home Services","(623) 462-3591","hvac-engineer","5","125","https://americahomeservicesllc.com/gilbert-plumber-and-ac-repair/?utm_source=gmb&utm_medium=gilbert","1111 N Gilbert Rd Suite 211-B, Gilbert, AZ 85234, USA"
"Grivet Electric Inc","(480) 357-0288","electrician","5","125","https://grivetelectricinc.com/","3008 S Fairway Dr, Tempe, AZ 85282, USA"
"Champion Plumbing & Rooter","(602) 269-6323","plumber","4.7","125","https://championplumbingandrooter.com/?utm_source=gmb&utm_campaign=local&utm_medium=organic","3744 W Roanoke Ave Ste 1, Phoenix, AZ 85009, USA"
"Zoom Drain Phoenix","(602) 613-1114","plumber","4.9","125","https://zoomdrain.com/phoenix?utm_source=Google&utm_medium=GBP","2425 E Camelback Rd, Phoenix, AZ 85016, USA"
"Dial One Mears Air Conditioning & Heating Inc","(602) 997-5701","hvac-engineer","5","124","https://www.mearsac.com/?utm_source=google&utm_medium=organic&utm_campaign=gbp-profile","743 E Dunlap Ave, Phoenix, AZ 85020, USA"
"Westside Plumbing Inc.","(602) 680-9414","plumber","4.9","124","http://www.westside.plumbing/","1611 E Fremont Rd, Phoenix, AZ 85042, USA"
"Copperstate Lock and Security","(480) 785-9999","locksmith","4.8","124","http://copperstatelock.com/?y_source=1_ODc1NDYyMS03MTUtbG9jYXRpb24ud2Vic2l0ZQ==","1761 E Warner Rd A16, Tempe, AZ 85284, USA"
"D.W. Plumbing, Heating & Cooling Inc.","(623) 979-6778","plumber","4.4","123","http://www.dwplumbing.com/","3719 N 32nd Ave, Phoenix, AZ 85017, USA"
"S3 Plumbing","(480) 332-3591","plumber","4.9","120","https://s3plumbingaz.com/","3321 N Reseda #65, Mesa, AZ 85215, USA"
"Cobra Plumbing LLC","(602) 663-8432","plumber","4.8","120","http://cobraplumbingllc.com/","1431 E Osborn Rd, Phoenix, AZ 85014, USA"
"Olive Air, Heating & AC Repair","(480) 690-3700","hvac-engineer","4.9","117","https://www.oliveairandheating.com/mesa-air-conditioning-services/?utm_campaign=gmb","3707 E Southern Ave #2038, Mesa, AZ 85206, USA"
"Phoenix Best Electricians","(602) 780-1140","electrician","4.8","116","","8929 N Central Ave #53C, Phoenix, AZ 85020, USA"
"Joshua Brothers HVAC","(520) 532-4300","hvac-engineer","4.9","116","https://joshuahvac.best/","6330 S Rural Rd, Tempe, AZ 85283, USA"
"Universal Drain Cleaners","(602) 482-1900","drain-specialist","5","116","https://universaldraincleaners.com/","13402 N 40th Pl, Phoenix, AZ 85032, USA"
"America’s Home Services LLC","(623) 462-3485","plumber","4.9","115","https://americahomeservicesllc.com/phoenix/","14819 N Cave Creek Rd Suite 11, Phoenix, AZ 85032, USA"
"Cooling Specialists","(480) 452-8604","hvac-engineer","5","115","https://thecoolingspecialists.com/","9375 E Shea Blvd Suite 111D, Scottsdale, AZ 85260, USA"
"Patriotic Plumbing And Rooter","(480) 530-8911","plumber","4.9","115","https://patrioticplumbingandrooter.com/?utm_source=local&utm_medium=organic&utm_campaign=gbp","1826 W Broadway Rd #43, Mesa, AZ 85202, USA"
"Lock and Key Experts LLC","(480) 698-5502","locksmith","5","115","https://www.lockandkeyexperts.com/","819 N 73rd Pl, Scottsdale, AZ 85257, USA"
"Paramount Home Services","(602) 826-9006","hvac-engineer","4.9","114","http://www.azphs.com/","315 S 48th St #101, Tempe, AZ 85281, USA"
"TAP and Sons Electric Inc","(480) 507-2900","electrician","4.7","111","https://www.tapandsons.com/","906 S Priest Dr #107, Tempe, AZ 85281, USA"
"No Worries Rooter Plumbing & Water Cleanup","(480) 405-4497","plumber","4.8","110","https://www.noworriesrooter.com/","195 W San Angelo St, Gilbert, AZ 85233, USA"
"Sharp Air Conditioning & Heating","(480) 210-6203","hvac-engineer","4.9","110","https://www.myazac.com/","506 N Vineyard, Mesa, AZ 85201, USA"
"America’s Home Services","(623) 343-2611","hvac-engineer","4.9","107","https://americahomeservicesllc.com/glendale-plumber-and-ac-repair/?utm_source=gmb&utm_medium=glendale","5008 W Glendale Ave unit 2, Glendale, AZ 85301, USA"
"Scottsdale Appliance And AC Repair","(480) 245-5875","hvac-engineer","4.5","106","http://scottsdaleapplianceandacrepair.com/","14700 N Frank Lloyd Wright Blvd UNIT 157, Scottsdale, AZ 85260, USA"
"Plomero Paisano, Plomeros en Phoenix","(602) 472-2792","drain-specialist","4.8","106","http://www.plomerosenphoenix.com/?utm_source=google&utm_medium=wix_google_business_profile&utm_campaign=4589519416219994638","6214 S 46th Pl, Phoenix, AZ 85042, USA"
"Sun Devil Heating and Cooling","(602) 466-1932","hvac-engineer","4.7","103","https://sundevilaz.com/","3033 N 35th Ave, Phoenix, AZ 85017, USA"
"AC and Refrigeration (AC, Heating, Refrigeration, Electrical and Plumbing)","(480) 890-0848","hvac-engineer","5","100","https://www.vesselhomeservices.com/","1705 W University Dr UNIT 107, Tempe, AZ 85281, USA"
"Lipovic Heating & Cooling","(480) 964-4930","hvac-engineer","5","100","https://lipovic.com/","723 N Hosick Cir, Mesa, AZ 85201, USA"
"Thunder Valley Electric, LLC","(602) 620-8134","electrician","5","100","https://thundervalleyelectric.com/","939 S 48th St ste 203, Tempe, AZ 85281, USA"
"Cardinal Heating & Cooling","(602) 301-2993","hvac-engineer","4.2","99","http://www.cardinalairaz.com/","3653 N 35th Ave, Phoenix, AZ 85017, USA"
"Antrim Air","(480) 664-6575","hvac-engineer","4.8","99","","3100 W Ray Rd #201, Chandler, AZ 85226, USA"
"North Valley Locksmith","(480) 688-9335","locksmith","4.7","98","http://northvalleylocksmith.com/","14202 N Scottsdale Rd suite 101, Scottsdale, AZ 85254, USA"
"Pipeliners","(480) 447-5345","drain-specialist","5","97","http://pipelinersusa.com/?utm_source=google&utm_medium=gmb&utm_campaign=Pipeliners%20-%20Local%20SEO%20-%20Google%20Business%20Profile%20%28Marketing%29","633 W 2nd Ave, Mesa, AZ 85210, USA"
"Nu Flow Phoenix","(480) 505-3618","plumber","4.8","97","https://www.nuflowphoenix.com/?utm_campaign=gmb","3640 E Wier Ave #2, Phoenix, AZ 85040, USA"
"RP Gas Piping, Inc.","(602) 759-8340","gas-engineer","4.9","96","https://www.rpgaspiping.com/","731 N 19th Ave, Phoenix, AZ 85009, USA"
"Hackney Heating and Cooling, Inc.","(480) 940-9814","hvac-engineer","5","96","http://www.hackneyinc.com/","2737 W Baseline Rd STE 22, Tempe, AZ 85283, USA"
"Platinum Services Plumbing","(480) 246-9330","plumber","5","96","https://m.facebook.com/platinumservicesacr/?ref=bookmarks","8455 E San Miguel Ave, Scottsdale, AZ 85250, USA"
"Kwikeys AZ Lock Products","(602) 252-3896","locksmith","4.6","95","https://kwikeys.com/","1701 Grand Ave, Phoenix, AZ 85007, USA"
"Northern Air Mechanical Services","(480) 352-8710","hvac-engineer","4.7","92","https://northernairac.com/","5353 N 16th St #105, Phoenix, AZ 85016, USA"
"Affordable Plumber AZ LLC","(480) 702-6165","plumber","4.8","92","","127 W Juanita Ave, Mesa, AZ 85210, USA"
"Peterson Air Care & Home Services","(480) 584-3226","hvac-engineer","4.9","92","https://petersonac.com/air-conditioning/?utm_source=google&utm_medium=organic&utm_campaign=gbp","2010 E University Dr #26, Tempe, AZ 85288, USA"
"Techcool AC Repair Scottsdale","(602) 785-6230","plumber","4.8","91","https://techcoollv.com/nearme/LandingPage.php?air-conditioning-repair-scottsdale-AZ","12932 E Appaloosa Pl, Scottsdale, AZ 85259, USA"
"Scott's Az Services Plumbing & HVAC","(602) 345-0055","hvac-engineer","5","90","http://scottsaz.com/","4529 E La Puente Ave, Phoenix, AZ 85044, USA"
"DP Electric Inc","(480) 858-9070","electrician","4.3","90","http://www.dpelectric.com/","2210 S Roosevelt St, Tempe, AZ 85282, USA"
"Apache Plumbing Services","(602) 246-2944","plumber","4.8","90","https://www.apacheplumbingservices.com/","6827 N Black Cyn Hwy, Phoenix, AZ 85015, USA"
"RSB Electrical Inc","(480) 485-4284","electrician","4.4","90","https://rsbelectricalinc.com/","1826 W Broadway Rd #44, Mesa, AZ 85202, USA"
"Reyna Heating and Air Conditioning","(602) 442-8866","hvac-engineer","4.4","89","http://reynaairconditioning.com/","3144 Grand Ave, Phoenix, AZ 85017, USA"
"Tucker Hill Air, Plumbing, and Electric - Chandler","(602) 767-7975","plumber","4.6","89","http://tuckerhillaz.com/","3100 W Ray Rd, Chandler, AZ 85226, USA"
"Coppertown Electric LLC","(602) 390-0253","electrician","5","89","http://coppertownaz.com/","624 W Mission Ln, Phoenix, AZ 85021, USA"
"Ocean Plumbing LLC","(602) 755-3860","plumber","5","89","https://oceanplumbingaz.com/","2313 W Alice Ave, Phoenix, AZ 85021, USA"
"Harrison & Sons HVAC LLC","(520) 438-8300","hvac-engineer","4.8","87","https://harrisonhvac.homes/","1708 E Warner Rd, Tempe, AZ 85284, USA"
"Carter Brothers HVAC LLC","(520) 650-2333","hvac-engineer","4.9","87","https://carterhvac.site/","1740 W Southern Ave, Mesa, AZ 85202, USA"
"Northstar Plumbing","(480) 563-4117","plumber","4.8","86","http://nstarplumbing.com/","916 E Impala Ave, Mesa, AZ 85204, USA"
"Eagle Locksmith","(602) 400-3585","locksmith","4.8","85","http://www.eaglelocksmithaz.com/","16042 N 32nd St b9, Phoenix, AZ 85032, USA"
"Iron Horse Companies LLC","(480) 830-2865","plumber","4.9","84","http://ironhorsecompanies.com/","410 S Perry Ln #1, Tempe, AZ 85288, USA"
"Arizona Integrity Plumbing - The Repipe Expert™","(480) 274-9662","plumber","5","83","https://www.azip.com/?utm_source=google&utm_medium=organic&utm_campaign=gmb_website_link","21 S 36th St, Phoenix, AZ 85034, USA"
"Mountain Vista Plumbing","(480) 847-9769","plumber","5","82","https://www.mountainvistaplumbing.com/","3707 E Southern Ave #1081, Mesa, AZ 85206, USA"
"Ace Locksmith","(602) 892-8978","locksmith","4.9","82","https://ace-locksmith.net/areas-served/locksmith-in-phoenix/","4425 E Agave Rd Bldg 2 Suite 106, Phoenix, AZ 85044, USA"
"Always Plumbing, LLC","(480) 658-0066","plumber","5","81","https://alwaysplumbingaz.com/","2267 E Caballero Cir, Mesa, AZ 85213, USA"
"Z Plumberz of East Valley","(602) 428-7106","drain-specialist","5","80","https://www.zplumberz.com/eastvalley/?utm_source=google&utm_medium=organic&utm_campaign=gbp","1528 W San Pedro St #2, Gilbert, AZ 85233, USA"
"Johnson Family Plumber & HVAC","(623) 220-5400","hvac-engineer","4.8","80","https://johnsonplumbinghvac.site/scottsdale","10859 N Frank Lloyd Wright Blvd, Scottsdale, AZ 85259, USA"
"Affordable Locksmith","(602) 830-6240","locksmith","4.7","80","https://a1affordablelocksmith.com/locksmith-phoenix/","222 E McDowell Rd, Phoenix, AZ 85004, USA"
"1-800-PLUMBER +AIR","(480) 581-9796","plumber","4.8","80","https://1800plumber.com/locations/scottsdale-az","7701 E Gray Rd # 107, Scottsdale, AZ 85260, USA"
"Tate's A/C Heating & Cooling, LLC","(480) 988-5933","hvac-engineer","4.6","78","http://www.tatesac.com/","3935 E Palm St, Mesa, AZ 85215, USA"
"Good Men Cooling & Heating Services, LLC","(623) 404-4006","hvac-engineer","4.9","76","https://www.goodmenhvacaz.com/","16165 N 83rd Ave Suite 200, Peoria, AZ 85382, USA"
"AZ DC Electric","(602) 346-6525","electrician","4.8","75","https://azdcelectric.com/","6424 E Greenway Pkwy suite 376, Scottsdale, AZ 85254, USA"
"AirZona HVAC Inc.","(623) 295-1911","hvac-engineer","4.9","75","http://www.airzonahvac.com/","6094 N 57th Ave, Glendale, AZ 85301, USA"
"Minuteman Home Services","(602) 279-0942","electrician","4.1","74","","1533 N Alma School Rd, Mesa, AZ 85201, USA"
"United Appliances and Air","(602) 754-6303","hvac-engineer","4.9","74","https://unitedapplianceandair.com/","4722 E Bell Rd APT# 2096, Phoenix, AZ 85032, USA"
"Frozen Cactus Air Conditioning & Heating, LLC","(480) 269-1565","hvac-engineer","5","72","http://frozencactusair.com/","E El Moro Ave, Mesa, AZ 85204, USA"
"Lynx Air Service","(602) 818-9419","hvac-engineer","4.8","72","https://lynxairservice.com/?utm_source=gmb","1 E Lexington Ave, Phoenix, AZ 85012, USA"
"Hayes & Sons Plumbing & HVAC","(623) 400-6398","hvac-engineer","4.8","71","https://hayeshvaccompany.pro/","2013b W Bethany Home Rd, Phoenix, AZ 85015, USA"
"Wilson Electric Services Corp.","(480) 505-6600","electrician","4.1","71","http://www.wilsonelectric.net/","600 E Gilbert Dr, Tempe, AZ 85288, USA"
"Arizona Refrigeration Service Inc.","(602) 244-9900","hvac-engineer","4","70","http://azrs.com/?utm_source=GMBlisting&utm_medium=referral","820 W 1st St, Tempe, AZ 85281, USA"
"Steve's Ultimate Air Heating & Cooling Services LLC","(480) 458-7287","hvac-engineer","4.9","70","http://www.stevesultimateair.com/","3215 N Arizona Ave B9, Chandler, AZ 85225, USA"
"AC by Sam LLC","(480) 427-5588","hvac-engineer","5","70","https://acbysamllc.com/","4131 E Taro Ln, Phoenix, AZ 85050, USA"
"Phoenix Valley Wide Locksmith","(480) 448-2088","locksmith","5","69","https://phoenix-valley-wide-locksmith.com/","2942 N 24th St #205, Phoenix, AZ 85016, USA"
"Flat Rate Locksmith Paradise Valley","(480) 923-4576","locksmith","4.9","68","https://flatratelocksmith.org/locksmith-scottsdale-az/","6940 E Cochise Rd, Scottsdale, AZ 85253, USA"
"Expert Locksmith","(602) 842-5655","locksmith","4.9","67","http://expertlocksmithphoenix.com/","5124 N 21st Ave #2, Phoenix, AZ 85015, USA"
"Phoenix Plumbers & Drain Clean Services","(520) 482-1068","plumber","4.9","65","","1613 E McDowell Rd, Phoenix, AZ 85006, USA"
"AZ Trusted Air","(623) 252-6403","hvac-engineer","4.4","64","http://www.aztrusted.com/","15677 N Cave Creek Rd, Phoenix, AZ 85032, USA"
"Cool Aid Air Conditioning LLC","(480) 941-2665","hvac-engineer","4.9","64","http://coolaidair.com/","8313 E Weldon Ave, Scottsdale, AZ 85251, USA"
"Valley's Best Heating and Air Conditioning","(480) 892-3938","hvac-engineer","4.8","62","https://www.valleysbestac.com/","9014 N 23rd Ave Suite #1, Phoenix, AZ 85021, USA"
"All Hours Plumbing, Emergency Plumber","(602) 677-2615","plumber","4.8","62","http://www.allhoursplumbingnow.com/","3049 E Winchcomb Dr, Phoenix, AZ 85032, USA"
"Power Locksmith","(480) 795-7952","locksmith","4.8","62","https://powerlocksmith-scottsdale.com/","15345 N Scottsdale Rd #4040, Scottsdale, AZ 85254, USA"
"Innovative Lighting & Electric, Inc.","(480) 513-2099","electrician","4.9","61","http://lightingaz.com/","15855 N Greenway Hayden Loop #130, Scottsdale, AZ 85260, USA"
"TCH Plumbing and Air , LLC","(602) 910-3151","plumber","4.1","61","http://www.tchplumbing.com/","3960 E Palm St Building 6, Mesa, AZ 85215, USA"
"KeyMe Locksmiths","(602) 666-9431","locksmith","4.8","61","https://key.me/kiosks/arizona/phoenix/town-and-country-shopping-center/make-keys-town-and-country-shopping-center-az","4724 N 20th St, Phoenix, AZ 85016, USA"
"Serenity Plumbing","(480) 776-9039","plumber","5","60","http://tranquility-plumbing.com/","6619 N 82nd Pl, Scottsdale, AZ 85250, USA"
"Second Opinion Plumbing","(480) 365-9555","plumber","5","60","https://secondopinionplumbingaz.com/plumbers-phoenix-arizona/?utm_source=GMB&utm_medium=local","2375 E Camelback Rd #600, Phoenix, AZ 85016, USA"
"KeyMe Locksmiths","(602) 362-7804","locksmith","4.5","60","https://key.me/kiosks/arizona/phoenix/camelback-village/make-keys-camelback-village-az","744 W Camelback Rd, Phoenix, AZ 85013, USA"
"Anderson Lock and Safe- Chandler Locksmith","(480) 573-0004","locksmith","4.8","60","https://andersonlockandsafe.com/locksmith-chandler-az/","940 N Alma School Rd Ste 101, Chandler, AZ 85224, USA"
"East Valley Locksmith Of Scottsdale","(480) 923-3662","locksmith","4.8","60","https://eastvalley-locksmith.com/locksmith-scottsdale-az","10865 E Sahuaro Dr, Scottsdale, AZ 85259, USA"
"Look Electric, LLC","(480) 739-2228","electrician","4.7","59","http://www.lookelectric.com/","414 S Grand, Mesa, AZ 85210, USA"
"East Valley Locksmith Phoenix","(602) 412-1894","locksmith","4.8","59","https://eastvalley-locksmith.com/locksmith-phoenix-az/","3601 E McDowell Rd, Phoenix, AZ 85008, USA"
"Definitive Air","(480) 656-3337","hvac-engineer","5","59","https://www.definitiveair.com/","3014 E Leland St, Mesa, AZ 85213, USA"
"Trend Electric","(480) 369-6768","electrician","5","59","https://www.trendelectrical.com/","6885 E Cochise Rd, Paradise Valley, AZ 85253, USA"
"J & H Plumbing LLC","(480) 892-6564","plumber","3.4","58","https://jandhplumbing.com/","3015 N Norfolk, Mesa, AZ 85215, USA"
"Rosendin","(480) 581-4100","electrician","4.4","58","http://www.rosendin.com/","1375 W Drivers Way, Tempe, AZ 85284, USA"
"Walker Family Plumbing & Electric","(623) 300-2649","plumber","4.7","58","","6805 N 19th Ave #302, Phoenix, AZ 85015, USA"
"Geronimo key Llc","(602) 430-4307","locksmith","4.8","57","http://www.geronimolocksmith.com/","1817 W Indian School Rd, Phoenix, AZ 85015, USA"
"Mercury Lock & Safe","(480) 799-6244","locksmith","4.5","57","http://www.mercurylock.com/","7128 E Becker Ln, Scottsdale, AZ 85254, USA"
"ZonAir AC Repair Tempe","(480) 916-2780","hvac-engineer","5","57","http://zonairacrepairtempe.com/","424 W 4th St, Tempe, AZ 85281, USA"
"Four Silos HVAC LLC","(480) 808-6466","hvac-engineer","5","57","https://www.foursilosservices.com/","1952 E Fairfield St, Mesa, AZ 85203, USA"
"Phoenix Electrician | OE Electric","(602) 715-9346","electrician","4.7","57","","3032 W Pima St, Phoenix, AZ 85009, USA"
"King Locksmith","(480) 999-3355","locksmith","4.9","56","http://www.king-locksmith.com/","7802 E Gray Rd STE 300, Scottsdale, AZ 85260, USA"
"locksmith pro solutions","(480) 719-5123","locksmith","3.9","56","https://www.locksmithprosolutions.com/","6640 E McDowell Rd, Scottsdale, AZ 85257, USA"
"KeyMe Locksmiths","(480) 605-0682","locksmith","4.1","56","https://key.me/kiosks/arizona/phoenix/phoenix/make-keys-phoenix-arizona","4505 E Thomas Rd, Phoenix, AZ 85018, USA"
"Sparks by Rabbit LLC","(602) 784-6382","electrician","5","56","http://www.sparksbyrabbit.com/","8044 E Indianola Ave, Scottsdale, AZ 85251, USA"
"Mo's Plumbing LLC","(480) 589-8669","plumber","5","55","https://mosplumbing.com/","12213 N 36th Pl, Phoenix, AZ 85032, USA"
"Plumbing 2.0","(480) 664-2690","plumber","4.8","55","https://plumbing2point0.co/?utm_source=organic&utm_medium=gbp&utm_term=vr","2855 E Laurel St, Mesa, AZ 85213, USA"
"United Plumbers Tempe","(623) 352-3534","plumber","5","54","http://unitedplumberstempe.com/","33 W 5th St, Tempe, AZ 85281, USA"
"East Valley Locksmith Tempe","(480) 923-4570","locksmith","4.9","54","https://eastvalley-locksmith.com/locksmith-tempe-az","995 E Baseline Rd, Tempe, AZ 85283, USA"
"Arizona Backup Power | Generac | Electrical","(480) 863-6997","electrician","5","53","https://azbackuppower.com/","9096 E Bahia Dr STE 103, Scottsdale, AZ 85260, USA"
"Airbender Heating and Cooling HVAC","(480) 745-0423","hvac-engineer","5","53","http://airbenderacrepair.com/","2735 Thomas Rd, Phoenix, AZ 85016, USA"
"Degree's AC & Heating","(480) 983-3012","hvac-engineer","4","53","https://www.degreeac.com/","1817 S Horne #6, Mesa, AZ 85204, USA"
"Mesa Plumbing Pros","(480) 956-0317","plumber","5","52","http://mesaplumbingprosco.com/","447 W Pepper Pl, Mesa, AZ 85201, USA"
"Fresh Breeze Heating and Cooling","(480) 251-1222","hvac-engineer","4.8","52","http://www.freshbreezeac.com/","755 W 2nd St, Mesa, AZ 85201, USA"
"Armer Air","(480) 257-3233","hvac-engineer","4.8","52","http://facebook.com/armerair38","9830 S 51st St Suite A128, Phoenix, AZ 85044, USA"
"PANDA AIR LLC","(602) 999-5928","hvac-engineer","5","50","https://pandaairaz.com/","101 N 1st Ave, Phoenix, AZ 85003, USA"
"Chandler Locksmith LLC","(480) 933-4353","locksmith","4.9","49","","2121 W Main St, Mesa, AZ 85201, USA"
"Aire Serv of Tempe","(480) 405-9630","hvac-engineer","4.9","49","https://www.aireserv.com/tempe/?cid=LSTL_ASV-US000187&utm_source=gmb&utm_campaign=local&utm_medium=organic","2741 W Southern Ave Suite #22, Tempe, AZ 85282, USA"
"Don's Mobile Locks","(480) 874-3303","locksmith","5","48","http://donsmobilelocksaz.com/","2117 W 3rd St, Mesa, AZ 85201, USA"
"America’s Home Services","(623) 294-5429","plumber","5","47","https://americahomeservicesllc.com/scottsdale/","6730 E McDowell Rd Unit 145, Scottsdale, AZ 85257, USA"
"Freddys Fox Rooter","(602) 910-8250","plumber","4.7","47","https://freddysfoxrooter.com/","1920 E Indian School Rd unit 5004, Phoenix, AZ 85016, USA"
"Arizona Premier Electric","(602) 203-4930","electrician","5","47","https://arizonapremierelectric.com/","1945 E Warner St, Phoenix, AZ 85040, USA"
"HOWLAIR Air Conditioning & Heating HVAC","(480) 297-1064","hvac-engineer","4.9","47","https://www.howlairscottsdale.com/","6914 E Grandview Dr, Scottsdale, AZ 85254, USA"
"1st Plumber Phoenix","(480) 602-0801","plumber","5","46","http://1stplumberphoenix.com/","2745 E McDowell Rd, Phoenix, AZ 85008, USA"
"Apollo Electric LLC","(480) 405-7591","electrician","4.3","46","https://www.apolloelectricaz.com/","6910 E Almeria Rd, Scottsdale, AZ 85257, USA"
"Mr. Electric of Mesa, Gilbert & Chandler","(480) 448-9332","electrician","5","46","https://mrelectric.com/Mesa-Gilbert-Chandler?cid=LSTL_MRE000256","1235 S Gilbert Rd #21, Mesa, AZ 85204, USA"
"University Lock & Security, Inc.","(480) 966-4505","locksmith","4.7","46","http://www.ulssecurity.com/","1031 W University Dr, Tempe, AZ 85281, USA"
"A+ Air And Aeroseal","(480) 213-9201","hvac-engineer","4.9","46","http://www.aplusairaz.com/","3443 N Alba Cir, Mesa, AZ 85213, USA"
"Desert Heroes HVAC","(602) 299-7774","hvac-engineer","5","45","https://desertheroeshvac.com/","814 W Rose Ln, Phoenix, AZ 85013, USA"
"Robinson Plumbing, LLC","(602) 849-5572","plumber","4.8","45","https://robinsonplumbingazllc.com/","10048 N 7th Pl, Phoenix, AZ 85020, USA"
"AAJ Cooling, Inc.","(480) 885-2665","hvac-engineer","4.2","45","https://hvactechrepair.com/?utm_source=google&utm_medium=organic&utm_campaign=gmb-listing","3255 E Washington St, Phoenix, AZ 85034, USA"
"Jet’n Drains Plumbing & Rooter","(888) 353-1730","plumber","5","45","https://jetndrainsmesa.com/?utm_campaign=gmb","5051 E Indigo St #101, Mesa, AZ 85205, USA"
"Heating Ventilation & Air Conditioning Phoenix","(602) 932-7280","hvac-engineer","5","44","https://www.heatingventilationairconditioningphoenix.com/","20940 N Tatum Blvd, Phoenix, AZ 85050, USA"
"Scottsdale Plumbing Co","(480) 945-9583","plumber","4","44","http://www.scottsdaleplumbing.com/?utm_campaign=gmb","7214 E Granada Rd, Scottsdale, AZ 85257, USA"
"Your Phoenix HVAC","(480) 426-9664","hvac-engineer","5","44","https://yourphoenixhvac.net/?utm_source=google&utm_medium=google-profile&utm_id=gmb","15677 N Cave Creek Rd, Phoenix, AZ 85032, USA"
"2 Good Plumbers LLC","(602) 565-6408","plumber","4.7","44","http://2goodplumbers.com/","3426 E Glenrosa Ave, Phoenix, AZ 85018, USA"
"Ricks Advanced Electric LLC","(480) 612-1328","electrician","4.9","43","https://www.ricksadvancedelectric.com/","711 N 22nd St, Mesa, AZ 85213, USA"
"Iconic Plumbing Services, LLC","(480) 442-5644","plumber","4.7","42","http://www.iconicplumbingservices.com/","663 W 2nd Ave #10, Mesa, AZ 85210, USA"
"Small Plumber Small Prices","(480) 519-7400","plumber","5","42","","5105 S Rockford Dr, Tempe, AZ 85282, USA"
"Biltmore Mechanical Heating And Cooling LLC","(602) 885-7328","hvac-engineer","5","42","http://www.biltmoremechanical.com/","5021 N 20th St #10533, Phoenix, AZ 85064, USA"
"Locksmith Phoenix","(602) 903-1648","locksmith","4.9","41","https://locksmith-arizona.com/locksmith-phoenix/","100 W Maryland Ave, Phoenix, AZ 85013, USA"
"Heatwave Water Heater Service","(480) 714-2426","gas-engineer","5","41","https://heatwave.plumbing/","1616 N Central Ave, Phoenix, AZ 85004, USA"
"Chilled Haven Air, LLC.","(602) 881-9867","hvac-engineer","5","41","https://www.chilledhavenair.com/?UTM_source=GBP_listing&UTM_medium=organic&source=gmb","1136 E Harmony Ave #205, Mesa, AZ 85204, USA"
"Pacman Plumbing, LLC","(480) 389-7581","drain-specialist","4.8","41","https://www.pacmanplumbing.com/","2537 W Lane Ave, Phoenix, AZ 85051, USA"
"Kearney Electric - Communications","(602) 437-0235","electrician","4.2","40","http://www.kearneyaz.com/","3609 E Superior Ave, Phoenix, AZ 85040, USA"
"Gonzales Heating & Cooling","(602) 253-2977","hvac-engineer","4.9","40","http://gonzaleshc.com/","1547 Grand Ave, Phoenix, AZ 85007, USA"
"Phoenix HVAC Air Conditioning","(928) 433-0801","hvac-engineer","4.9","40","","101 W Portland St, Phoenix, AZ 85003, USA"
"Turn Key Mechanical","(480) 401-4049","hvac-engineer","4.8","39","https://www.tkmarizona.com/","2325 E Jacaranda St, Mesa, AZ 85213, USA"
"KeyMe Locksmiths","(602) 975-3179","locksmith","4.2","39","https://key.me/kiosks/arizona/phoenix/sun-ray-manor/make-keys-sun-ray-manor-az","4025 E Thunderbird Rd, Phoenix, AZ 85032, USA"
"Mustang plumbing and rooter service","(602) 216-9256","plumber","4.5","38","","1525 W Palmer Dr, Phoenix, AZ 85021, USA"
"All Season Plumbing And Air","(623) 343-2503","hvac-engineer","5","38","https://allseasonsplumbingandair.com/mesa","244 N Country Club Dr #201, Mesa, AZ 85201, USA"
"Electrician Pros Tempe","(480) 588-2412","electrician","4.9","38","http://www.electricianprostempe.com/","Tempe, AZ 85282, USA"
"First Electric","(480) 818-8955","electrician","4.9","38","https://first-electric.net/contact","4811 E Julep St # 128, Mesa, AZ 85205, USA"
"KeyMe Locksmiths","(480) 470-0188","locksmith","4.6","38","https://key.me/kiosks/arizona/phoenix/phoenix/make-cut-keys-phoenix-az","4707 E Shea Blvd, Phoenix, AZ 85028, USA"
"Mesa Premier Locksmith & Garage Repair LLC","(480) 764-2839","locksmith","5","38","https://mesa-premier.com/","330 E Southern Ave STE 5, Mesa, AZ 85210, USA"
"AAA Ajax Pumping Service, Inc.","(602) 278-0075","gas-engineer","4","38","http://www.ajaxpumping.com/","2433 S 7th Ave, Phoenix, AZ 85007, USA"
"Omazing Air","(602) 677-9166","hvac-engineer","5","37","https://omazingair.com/","660 N Neely St #3, Gilbert, AZ 85233, USA"
"Cold Stinger Heating And Air Conditioning Phoenix Arizona","(623) 521-6448","hvac-engineer","4.9","37","https://coldstingerheatingandairconditioning.com/","1720 E Wood St, Phoenix, AZ 85040, USA"
"A/C Handyman LLC","(480) 343-2530","hvac-engineer","4.6","37","https://www.air-conditioning-arizona.com/","104 S Pomeroy, Mesa, AZ 85210, USA"
"Triple M Electric","(480) 818-8126","electrician","4.9","36","","2816 E Jones Ave # 1, Phoenix, AZ 85040, USA"
"Barone Electrical Services Inc","(602) 993-5628","electrician","4.8","36","http://www.baroneelectric.com/","610 E Bell Rd ste 2-121, Phoenix, AZ 85022, USA"
"KeyMe Locksmiths","(602) 962-1348","locksmith","3.8","36","https://key.me/kiosks/arizona/mesa/mesa/locksmith-copy-keys-mesa-fry-s-85205-arizona","4440 E Main St, Mesa, AZ 85205, USA"
"United Air Cooling & Heating Phoenix","(602) 654-3522","hvac-engineer","5","36","","Squaw Peak Plaza, 2048 E Thomas Rd, Phoenix, AZ 85016, USA"
"API Plumbing, Inc.","(602) 843-8474","plumber","4.6","36","http://apiplumbing.com/","936 N Stadem Dr, Tempe, AZ 85288, USA"
"Canyon State Electric","(602) 437-3088","electrician","3.6","35","https://canyonstateelectric.com/","1618 S Priest Dr #101, Tempe, AZ 85281, USA"
"APS Plumbing AZ: AQUA Plumbing Services","(480) 572-4807","plumber","5","35","https://apsplumbingaz.com/","6730 E McDowell Rd Suit 120, Scottsdale, AZ 85257, USA"
"PRO-LOCK & SAFE Phoenix Mobile Locksmith Lockout & Key Service","(602) 482-9855","locksmith","4.3","35","http://phoenixlocksmithservice.org/","13026 N Cave Creek Rd #101, Phoenix, AZ 85022, USA"
"Cannon & Wendt Electric Co.","(602) 279-1681","electrician","4.7","35","http://www.cannon-wendt.com/","4020 N 16th St, Phoenix, AZ 85016, USA"
"Pipe Masters Plumbing & Sewer","(480) 707-3067","plumber","4.8","35","https://www.pipemastersaz.com/","1210 W Alameda Dr Suite 103, Tempe, AZ 85282, USA"
"Phoenix Heating and Air Conditioning","(602) 364-9629","hvac-engineer","4.8","35","","2203 N 24th Pl, Phoenix, AZ 85008, USA"
"Enviro tech AC and Heating - Air Conditioning","(480) 628-9522","hvac-engineer","4.8","34","http://envirotechvac.com/","4502 E Monte Way, Phoenix, AZ 85044, USA"
"Compton Plumbing Services","(480) 926-3931","plumber","4.8","34","","2902 N Norfolk, Mesa, AZ 85215, USA"
"Your Chandler Electrician","(480) 939-3336","electrician","4.8","34","","2139 N Yucca Ct, Chandler, AZ 85224, USA"
"KeyMe Locksmiths","(602) 975-3353","locksmith","4.2","34","https://key.me/kiosks/arizona/phoenix/phoenix/make-copy-cut-keys-phoenix-az","3036 E Thomas Rd, Phoenix, AZ 85016, USA"
"Frederick & Sons Air Conditioning & Plumbing","(480) 332-6589","hvac-engineer","4.3","34","https://www.frederickandsons.com/","170 S William Dillard Dr Building #6, Suite 117, Gilbert, AZ 85233, USA"
"DRAIN SURGEONS","(480) 696-1777","drain-specialist","5","34","https://drainsurgeonsaz.com/","14201 Hayden Rd, Scottsdale, AZ 85260, USA"
"Bjelde Electric","(480) 659-1059","electrician","4.7","33","https://www.bjeldeelectric.com/","415 S 48th St Unit.111, Tempe, AZ 85281, USA"
"Your Mesa Electrician - Electrical Contractor","(480) 701-4348","electrician","5","33","http://www.yourmesaelectrician.com/","1740 S Robin Ln, Mesa, AZ 85204, USA"
"ASAP Repipe Pros","(480) 800-7611","plumber","4.5","33","https://asapplumbingaz.com/","1221 W Warner Rd #104, Tempe, AZ 85284, USA"
"Arcadia Locksmith","(480) 343-3349","locksmith","5","32","https://arcadialocksmithphoenix.com/","815 N 52nd St #1062, Phoenix, AZ 85008, USA"
"Appliance Repair & HVAC Repair Phoenix","(480) 269-8504","hvac-engineer","5","31","","7919 E Thomas Rd, Scottsdale, AZ 85251, USA"
"Ultimate Air LLC","(480) 963-3398","hvac-engineer","5","31","http://ultimateairaz.com/","550 W Baseline Rd Suite#102-225, Mesa, AZ 85210, USA"
"Phoenix Air Dynamics","(602) 621-3797","hvac-engineer","5","31","https://phxairdynamics.com/","3206 S Fair Ln, Tempe, AZ 85282, USA"
"Ez AC Repair Scottsdale","(602) 848-8238","hvac-engineer","5","31","http://ezacrepairscottsdale.com/","20247 Hayden Rd, Scottsdale, AZ 85255, USA"
"Koolit Air Conditioning and Heating Installation and Repair Services","(602) 689-9961","hvac-engineer","5","31","https://koolitac.com/","19230 N 40th St, Phoenix, AZ 85050, USA"
"AC TO THE MAX, INC","(480) 721-1810","hvac-engineer","4.1","31","https://actothemax.com/","2526 E Greenway Pkwy, Phoenix, AZ 85022, USA"
"Flash Air Conditioning & Heating Llc","(480) 297-2738","hvac-engineer","5","31","https://flashairconditioningandheating.godaddysites.com/","868 E 8th Pl, Mesa, AZ 85203, USA"
"Around the Sun Heating and Cooling","(623) 303-8449","hvac-engineer","4.9","30","http://www.aroundthesunaz.com/?utm_source=organic&utm_medium=gbp","150 N William Dillard Dr D113, Gilbert, AZ 85233, USA"
"Your Phoenix HVAC Contractor","(602) 753-4851","hvac-engineer","5","30","https://www.heatingcoolingphoenix.com/?utm_source=google&utm_medium=google-profile&utm_campaign=gmb","2740 E Marguerite Ave, Phoenix, AZ 85040, USA"
"Wellco Electric","(602) 242-4454","electrician","4.7","30","https://wellcoaz.com/","645 W Coolidge St, Phoenix, AZ 85013, USA"
"Icon Electric LLC","(480) 801-9200","electrician","5","29","https://www.icon-ec.com/","1525 W 10th Pl, Tempe, AZ 85281, USA"
"CLW Plumbing","(602) 690-3111","plumber","4.8","29","http://www.clwplumbing.com/","1943 W North Ln #8, Phoenix, AZ 85021, USA"
"Valleywide Plumbing","(602) 439-4771","gas-engineer","4","29","https://nexlvlservices.com/","3112 W Virginia Ave, Phoenix, AZ 85009, USA"
"Universal HVAC LLC","(480) 275-5137","hvac-engineer","5","28","http://dontsweatitaz.com/","3321 N Reseda Cir #60, Mesa, AZ 85215, USA"
"HOFFMAN REFRIGERATION","(602) 953-1234","hvac-engineer","3.6","28","","1410 E Tierra Buena Ln, Phoenix, AZ 85022, USA"
"Step Up Plumbing LLC","(480) 703-3533","plumber","4.9","28","http://stepupplumbing.com/","5338 E Lindstrom Ln, Mesa, AZ 85215, USA"
"Electrical Contractors in Mesa Arizona","(480) 939-3263","electrician","5","28","http://www.yourmesaelectrician.com/about-us/","1111 S San Jose, Mesa, AZ 85202, USA"
"Econolight Electrical","(602) 230-7079","electrician","4.7","27","http://www.econo-light.com/","32 W Hatcher Rd, Phoenix, AZ 85021, USA"
"Rod Electric, Llc","(602) 501-1473","electrician","4.4","27","http://www.rodelectricllc.com/","1438 W 12th Pl, Tempe, AZ 85281, USA"
"Ambition Mechanical Services","(480) 600-2942","hvac-engineer","4.4","27","http://www.ambitionac.com/","437 S 48th St #101, Tempe, AZ 85281, USA"
"Elite Plumbers Phoenix","(602) 854-7717","plumber","5","27","https://eliteplumbersphoenix.com/","6044 S 16th St #150, Phoenix, AZ 85042, USA"
"Brylee Tempe Electric Experts","(520) 652-3404","electrician","4.9","27","","2609 W Southern Ave, Tempe, AZ 85282, USA"
"Phoenix Lock & Locksmith.","(480) 582-3880","locksmith","3.9","27","http://www.phoenixlocklocksmith.com/","2406 S 24th St Ste 210D, Phoenix, AZ 85034, USA"
"T&D Power Inc","(480) 654-0162","electrician","1.3","26","https://ecsourceservices.com/td-power/","1138 N Alma School Rd #215, Mesa, AZ 85201, USA"
"Cactus Plumbing And Air","(480) 750-7647","plumber","4.9","26","https://cactusplumbingandair.com/mesa-plumber-and-ac-repair/?utm_source=gmb&utm_medium=mesa","244 N Country Club Dr #207, Mesa, AZ 85201, USA"
"Coronado HVAC LLC","(602) 538-3616","hvac-engineer","5","26","http://www.coronadohvac.com/","2730 W Royal Palm Rd, Phoenix, AZ 85051, USA"
"Emergency Plumbing, LLC","(480) 425-8262","plumber","3.2","26","","7735 E Gelding Dr, Scottsdale, AZ 85260, USA"
"Valleywide Dig and Haul","(480) 275-2180","gas-engineer","4.8","25","https://valleywidedigandhaul.com/","14435 N 7th St # 300A, Phoenix, AZ 85022, USA"
"Delaney's plumbing","(602) 421-8208","plumber","5","25","http://delaneysplumbingaz.com/","4238 N 35th St, Phoenix, AZ 85018, USA"
"KeyMe Locksmiths","(480) 568-2057","locksmith","4.2","25","https://key.me/kiosks/arizona/mesa/mesa/locksmith-key-copy-mesa-fry-s-85204-arizona","2727 E Broadway Rd, Mesa, AZ 85204, USA"
"Arizona Electrical Solutions Phoenix, LLC","(602) 396-5216","electrician","4.7","25","http://phoenixarizonaelectrician.com/","1 E Washington St STE#500, Phoenix, AZ 85004, USA"
"Fast Track Heating & Cooling LLC","(602) 799-5557","hvac-engineer","5","25","https://fasttrackheatingandcooling.com/","525 N Val Vista Dr, Mesa, AZ 85213, USA"
"AME Electrical Contracting Inc","(602) 437-7222","electrician","3.6","25","http://www.ameelectrical.com/","7120 S Priest Dr, Tempe, AZ 85283, USA"
"Varsity Zone HVAC of Scottsdale","(480) 771-2701","hvac-engineer","5","24","http://www.varsityzone.com/scottsdale-az","1403 W 10th Pl Ste B-121, Tempe, AZ 85281, USA"
"Drainiology","(480) 256-9226","plumber","5","24","https://www.drainiology.com/","208 W Portland St UNIT 558, Phoenix, AZ 85003, USA"
"Iron Horse Plumbing & Air","(480) 808-9990","plumber","5","24","https://ironhorseair.com/","1917 E 5th St, Tempe, AZ 85288, USA"
"PM Plumbing & Mechanical, Inc.","(480) 844-2892","plumber","4.5","24","http://www.pmplumbingaz.com/","660 E Main St #8768, Mesa, AZ 85203, USA"
"QuickCall Electric Co","(520) 839-3585","electrician","4.8","24","","15608 N Pima Rd, Scottsdale, AZ 85260, USA"
"Colonial Electric","(480) 252-4908","electrician","4.6","24","https://colonialelectricaz.com/","16050 N 76th St #102, Scottsdale, AZ 85260, USA"
"IMCOR","(602) 257-1319","gas-engineer","4.4","24","https://www.imcor-az.com/","1841 E Washington St, Phoenix, AZ 85034, USA"
"Elite Air Conditioning Tempe Specialists","(602) 899-3048","hvac-engineer","5","24","https://eliteairconditioningtempespecialists.com/","108 E 7th St, Tempe, AZ 85281, USA"
"Locksmith Masters Of Tempe","(623) 252-6486","locksmith","4.5","24","http://thelocksmithmastersaz.com/","64 E Broadway Rd #200, Tempe, AZ 85282, USA"
"Reliable Tempe Heating & Air Conditioning","(602) 899-3051","hvac-engineer","5","24","https://reliabletempeheatingairconditioning.com/","6465 S Rural Rd, Tempe, AZ 85283, USA"
"Arizona Air Experts","(602) 253-6995","hvac-engineer","4.1","24","http://www.azacexperts.com/","10645 N Tatum Blvd #200-215, Phoenix, AZ 85028, USA"
"State 48 Drain Service","(480) 477-8842","plumber","5","23","","2266 S Dobson Rd #200, Mesa, AZ 85202, USA"
"All Season Plumbing And Air","(623) 462-1482","plumber","5","23","http://allseasonsplumbingandair.com/phoenix","2942 N 24th St #205, Phoenix, AZ 85016, USA"
"BAMS Electrical Services LLC","(928) 478-8967","electrician","5","23","https://mesaelectricalcontractor.org/","3318 E Jerome Ave, Mesa, AZ 85204, USA"
"AZ Home Services Group AC Repair & Plumbing Services of Mesa","(602) 730-9081","hvac-engineer","5","23","https://azhomeservices.group/service-areas/mesa-arizona-air-conditioner-plumbing-services/","3707 E Southern Ave, Mesa, AZ 85206, USA"
"Foster Mechanical Inc","(623) 930-9303","hvac-engineer","4.9","23","http://www.fostermechanical.com/","9224 N 5th Ave, Phoenix, AZ 85021, USA"
"W. D. Manor Mechanical Contractors, Inc","(602) 253-0703","hvac-engineer","4.7","23","https://wdmanor.com/","1838 N 23rd Ave, Phoenix, AZ 85009, USA"
"Air Conditioning by Roberts","(602) 258-6650","hvac-engineer","3.9","23","https://acbyroberts.godaddysites.com/","1421 E McDowell Rd, Phoenix, AZ 85006, USA"
"A Quality Electric","(602) 867-0806","electrician","3.6","23","","12620 N Cave Creek Rd Suite #10, Phoenix, AZ 85022, USA"
"A1 Handyman Services","(480) 944-0444","electrician","5","23","https://a1handyman.pro/","13802 N Scottsdale Rd #151, Scottsdale, AZ 85254, USA"
"Reliable Heating and Cooling Scottsdale","(520) 842-5085","hvac-engineer","5","22","https://reliableheatingandcoolingscottsdale.com/","8149 Rose Ln, Scottsdale, AZ 85250, USA"
"Cerrajeria El Pariente","(602) 299-3939","locksmith","3.7","22","https://www.cerrajeriaenphoenix.com/mesa-arizona/","137 N Country Club Dr, Mesa, AZ 85201, USA"
"SD Electrical","(480) 382-7345","electrician","4.8","22","http://www.sdephx.com/","505 W 8th Ave #16, Mesa, AZ 85210, USA"
"The Twin Home Experts","(602) 892-0661","gas-engineer","4.3","22","http://www.twinplumbing.com/","9375 E Shea Blvd, Scottsdale, AZ 85260, USA"
"Fresh American Air","(480) 434-5432","hvac-engineer","5","22","https://freshamericanair.com/","511 N Lewis, Mesa, AZ 85201, USA"
"IES Residential","(602) 997-7511","electrician","3.8","21","https://www.iesresidential.com/","4339 E University Dr, Phoenix, AZ 85034, USA"
"Superior Phoenix HVAC Solutions","(480) 999-2564","hvac-engineer","5","21","https://superiorphoenixhvacsolutions.com/","3130 W Indian School Rd, Phoenix, AZ 85017, USA"
"Karl Meyer Air Conditioning & Heating","(602) 265-1224","hvac-engineer","4.6","20","http://www.karlmeyer.com/","4848 E Cactus Rd, Scottsdale, AZ 85254, USA"
"Double Check Cooling and Heating","(480) 602-4880","hvac-engineer","4.9","20","","7014 E Camelback Rd, Scottsdale, AZ 85251, USA"
"Whipple Air Conditioning & Heating","(480) 321-8062","hvac-engineer","5","20","http://www.whippleac.com/","2, 9113, 4735 E Virginia St, Mesa, AZ 85215, USA"
"Blue Mountain Cooling","(602) 469-7369","hvac-engineer","5","20","https://www.bluemountaincooling.com/","4755 E Olney Dr, Phoenix, AZ 85044, USA"
"Wang Electric Systems","(602) 324-5350","electrician","4.2","20","https://wangelectric.com/","4107 E Winslow Ave Suite C, Phoenix, AZ 85040, USA"
"License2chillAir","(480) 678-9431","hvac-engineer","5","20","http://license2chillair.com/","914 E Fairfield St, Mesa, AZ 85203, USA"
"Ice Cold Air LLC","(602) 380-1345","hvac-engineer","4.4","19","http://www.icecoldairllc.com/","8584 E McDonald Dr, Scottsdale, AZ 85250, USA"
"East Valley Locksmith Mesa","(480) 923-3658","locksmith","4.5","19","https://eastvalley-locksmith.com/locksmith-mesa-az/","1033 S Longmore, Mesa, AZ 85202, USA"
"KeyMe Locksmiths","(480) 530-8562","locksmith","3.7","19","https://key.me/kiosks/arizona/scottsdale/scottsdale/key-copy-scottsdale-arizona","6321 E Greenway Rd, Scottsdale, AZ 85254, USA"
"Simply Better Plumbing and Drain","(480) 993-2230","drain-specialist","4.8","19","https://www.simplybetterplumbinganddrain.com/","535 W Iron Ave #105, Mesa, AZ 85210, USA"
"Phoenix Electrical Contracting","(866) 650-9644","electrician","4.9","19","","4717 N 39th Dr, Phoenix, AZ 85019, USA"
"Hyde Electric, Inc.","(602) 669-3826","electrician","4.3","18","","1717 E Van Buren St #100, Phoenix, AZ 85006, USA"
"Desert Comfort Mechanical","(480) 483-3099","hvac-engineer","4.5","18","https://www.desertcomfortmechanical.com/","7335 E Acoma Dr Ste 103, Scottsdale, AZ 85260, USA"
"KeyMe Locksmiths","(480) 637-3253","locksmith","4.1","18","https://key.me/kiosks/arizona/phoenix/phoenix/locksmith-key-copy-phoenix-fry-s-85032-arizona","3246 E Bell Rd, Phoenix, AZ 85032, USA"
"Locksmith Masters of laveen","(480) 381-5833","locksmith","4.3","17","http://thelocksmithmastersaz.com/","2907 W Carson Rd, Phoenix, AZ 85041, USA"
"Royal Rooter Arizona","(480) 910-8255","plumber","5","17","https://royalrooteraz.com/","2214 W Washington St, Phoenix, AZ 85009, USA"
"KeyMe Locksmiths","(480) 376-2939","locksmith","5","17","https://key.me/kiosks/arizona/scottsdale/scottsdale/keys-made-scottsdale-arizona","10450 N 90th St, Scottsdale, AZ 85258, USA"
"Ampulse Electric, LLC","(623) 889-5868","electrician","5","17","https://www.ampulseelectric.com/","2432 W Peoria Ave, Phoenix, AZ 85029, USA"
"Day Advanced Air Conditioning","(480) 567-5335","hvac-engineer","4.5","17","http://dayadvancedairconditioning.com/","1829 S Horne STE 9, Mesa, AZ 85204, USA"
"Scottsdale Heating and Cooling","(480) 870-8860","hvac-engineer","4.6","17","","14036 N Scottsdale Rd, Scottsdale, AZ 85254, USA"
"Unique Electrical Contractors","(480) 840-1050","electrician","4.8","17","http://www.uniqueelectrical.com/","7655 E Redfield Rd #195, Scottsdale, AZ 85260, USA"
"Mechanical Air Design","(520) 650-8715","hvac-engineer","4.6","16","","7735 E Gelding Dr # 1, Scottsdale, AZ 85260, USA"
"AZ Home Services Group AC Repair & Plumbing Services of Scottsdale","(480) 923-3969","hvac-engineer","5","16","https://azhomeservices.group/service-areas/scottsdale-arizona-air-conditioner-plumbing-services/","15333 N Pima Rd #305, Scottsdale, AZ 85260, USA"
"KeyMe Locksmiths","(480) 397-0201","locksmith","4.1","16","https://key.me/kiosks/arizona/scottsdale/scottsdale/make-keys-scottsdale-arizona","8900 E Vía Linda, Scottsdale, AZ 85258, USA"
"ROGER'S AIRE MECHANICAL LLC","(602) 488-7387","hvac-engineer","5","16","http://www.rogersaire.com/","8541 N 6th St, Phoenix, AZ 85020, USA"
"HVAC Services: Heating & Air Conditioning","(480) 916-7357","hvac-engineer","5","16","","10612 N 71st Pl, Scottsdale, AZ 85254, USA"
"ECO Electric LLC","(480) 828-1181","electrician","4.6","16","","3030 N 7th St, Phoenix, AZ 85014, USA"
"Cardinal State","(480) 461-8447","hvac-engineer","4.3","15","http://www.cardinalstatehvac.com/","1730 N Stapley Dr, Mesa, AZ 85203, USA"
"Superior HVAC Phoenix Specialists","(480) 999-2690","hvac-engineer","5","15","https://superiorhvacphoenixspecialists.com/","7805 N 19th Ave, Phoenix, AZ 85021, USA"
"NextDoor Plumbing LLC","(480) 935-6900","plumber","5","15","http://www.nextdoorplumbingaz.com/","7135 E Camelback Rd #230, Scottsdale, AZ 85251, USA"
"Premium HVAC Phoenix Services","(480) 999-1830","hvac-engineer","5","15","https://premiumhvacphoenixservices.com/","4437 N Central Ave, Phoenix, AZ 85012, USA"
"EliteElectro Electric Contractors","(480) 764-2360","electrician","5","15","","16801 N 49th St Floor 3, Scottsdale, AZ 85254, USA"
"Hope Home Services And Construction","(480) 495-4515","electrician","4.7","15","https://www.hopeacelectric.com/?utm_source=google-business-profile&utm_medium=gbp&utm_campaign=local-seo","33 W 7th Pl, Mesa, AZ 85201, USA"
"AHR Mechanical Services Inc","(480) 991-2353","hvac-engineer","4.6","14","","Scottsdale, AZ 85251, USA"
"True Plumbing LLC","(623) 320-6944","plumber","5","14","https://trueplumbingaz.com/","227 E Manhatton Dr, Tempe, AZ 85282, USA"
"AEC Electric","(602) 993-4948","electrician","4.1","14","https://aecelectric.com/","1401 N 29th Ave, Phoenix, AZ 85009, USA"
"Minute Key","(480) 340-8644","locksmith","3.9","14","https://www.minutekey.com/key-services/arizona/mesa/locksmith-key-copy-duplication-240-west-baseline-road/26572/","240 W Baseline Rd, Mesa, AZ 85210, USA"
"Phoenix Heating, Refrigeration & Air Conditioning","(602) 922-8507","hvac-engineer","5","14","","1976 W Baseline Rd, Phoenix, AZ 85041, USA"
"US Electrical Services","(602) 877-8533","electrician","5","14","https://www.uselectricalservices.us/","4405 E Hubbell St UNIT 56, Phoenix, AZ 85008, USA"
"Pro Electrical Inc","(602) 898-1834","electrician","4.7","14","","110 N 3rd St, Phoenix, AZ 85004, USA"
"KeyMe Locksmiths","(480) 376-1692","locksmith","4.4","14","https://key.me/kiosks/arizona/fountain-hills/eagle-mountain-village/key-copy-eagle-mountain-village-arizona","14845 E Shea Blvd, Fountain Hills, AZ 85268, USA"
"The A1 Electric Phoenix","(602) 313-3670","electrician","4.5","13","","709 N 1st St, Phoenix, AZ 85004, USA"
"Drain Pros, Emergency Plumbers","(480) 387-0130","plumber","4.6","13","http://azdrainpro.com/","2324 E Beverly Ln, Phoenix, AZ 85022, USA"
"Meade Electric","(602) 576-8325","electrician","5","13","","3260 Hayden Rd suite 210-520, Scottsdale, AZ 85251, USA"
"Phoenix Water Softeners","(623) 283-1473","plumber","4.4","13","https://bestphoenixplumberrepair.com/scottsdale-plumbing-draining-water-heater-repair/","7272 E Indian School Rd Ste 20642, Scottsdale, AZ 85251, USA"
"Bergelectric Corporation","(480) 968-4200","electrician","4.1","13","https://www.bergelectric.com/","7850 S Hardy Dr #107, Tempe, AZ 85284, USA"
"Pro Force Plumbing Sewer & Drain","(480) 618-7900","drain-specialist","4.7","13","https://proforceplumbing.com/","16427 N Scottsdale Rd Suite 410, Scottsdale, AZ 85254, USA"
"Reynolds Electric","(623) 780-2008","electrician","5","13","","8621 N 27th Ave, Phoenix, AZ 85051, USA"
"Mesa Heating and Air Conditioning","(480) 257-5773","hvac-engineer","4.9","13","","1146 N Mesa Dr #102, Mesa, AZ 85201, USA"
"Go Direct Plumbing, Sewer and Water","(303) 288-0039","drain-specialist","4.7","13","https://godirectplumbing.com/","1826 W Broadway Rd #22, Mesa, AZ 85202, USA"
"78 Degrees Inc","(602) 315-9309","hvac-engineer","4.6","13","http://www.78degreesinc.com/","13418 N 18th Pl, Phoenix, AZ 85022, USA"
"Hampton Electric Inc.","(602) 669-3709","electrician","5","13","","366 W Hampton Ave, Mesa, AZ 85210, USA"
"On Time HVAC Phoenix","(602) 483-6183","hvac-engineer","5","13","https://ontimehvacphoenix.com/","26 E Pima St, Phoenix, AZ 85003, USA"
"DL Air Conditioning AZ","(520) 800-8212","hvac-engineer","5","13","","3921 E Camelback Rd, Phoenix, AZ 85018, USA"
"North Valley Mechanical","(623) 462-3586","hvac-engineer","4.5","13","https://northvalleymechanical.com/scottsdale-ac-installation-repair-plumbing-draining-water-heater-repair/","7150 E Camelback Rd Suite 501, Scottsdale, AZ 85251, USA"
"Minute Key","(480) 973-9451","locksmith","3.9","12","https://www.minutekey.com/key-services/arizona/phoenix/locksmith-key-copy-duplication-3721-e-thomas-rd/26564/","3721 E Thomas Rd, Phoenix, AZ 85018, USA"
"Kortman, Inc","(602) 256-6103","electrician","4.6","12","http://www.kortmaninc.com/","4710 E Elwood St Suite 15, Phoenix, AZ 85040, USA"
"Honest HVAC Installation & Repair - Way","(623) 304-5644","hvac-engineer","5","12","https://honesthvaccompany.com/phoenix-ac-installation-repair","20 E Thomas Rd 2200 Suite A200, Phoenix, AZ 85012, USA"
"Optimal Chandler HVAC Repair","(480) 542-8142","hvac-engineer","5","12","https://optimalchandlerhvacrepair.com/","2400 N Arizona Ave, Chandler, AZ 85225, USA"
"Cx Testing Services","(888) 735-1389","electrician","4.9","12","http://cxtesting.com/","10443 N Cave Creek Rd #207, Phoenix, AZ 85020, USA"
"Javi Electric Services","(480) 406-5300","electrician","4.9","12","https://www.javielectric.org/","310 N 26th St, Mesa, AZ 85213, USA"
"Triple-R Electric","(480) 370-4755","electrician","5","11","","1724 N Spencer, Mesa, AZ 85203, USA"
"Perfect Choice Cooling & Heating","(480) 228-5196","hvac-engineer","3.5","11","https://m.facebook.com/perfectchoicecoolingandheating/","857 N Gaylord Cir, Mesa, AZ 85213, USA"
"Minute Key","(480) 973-9519","locksmith","4.1","11","https://www.minutekey.com/key-services/arizona/salt-river/locksmith-key-copy-duplication-4915-n--pima-rd-/13359/","4915 N Pima Rd, Scottsdale, AZ 85251, USA"
"AJP Electric Inc","(888) 681-7568","electrician","4.5","11","","11250 N Cave Creek Rd, Phoenix, AZ 85020, USA"
"Air Army","(480) 992-1234","hvac-engineer","5","11","https://www.hvac.inc/","3636 E Camelback Rd, Phoenix, AZ 85018, USA"
"Minute Key","(480) 318-2086","locksmith","4.3","11","https://www.minutekey.com/key-services/arizona/phoenix/locksmith-key-copy-duplication-115-e--dunlap-ave/14201/","115 E Dunlap Ave, Phoenix, AZ 85020, USA"
"Sonoran Air Solutions LLC","(480) 617-1455","hvac-engineer","4","11","","902 E Beryl Ave, Phoenix, AZ 85020, USA"
"North Valley Mechanical","(623) 292-4643","hvac-engineer","4.3","11","https://northvalleymechanical.com/paradise-valley-village-ac-installation-repair-plumbing-draining-water-heater-repair/","11811 N Tatum Blvd Suite B33, Phoenix, AZ 85028, USA"
"Click Electric","(520) 843-6640","electrician","5","10","","3423 E Enid Ave, Mesa, AZ 85204, USA"
"AZ Locksmith & Garage Repair","(602) 806-7771","locksmith","5","10","https://az-locksmith-garage.com/","9830 S 51st St B-122, Phoenix, AZ 85044, USA"
"Saguaro Mechanical Heating & Cooling","(480) 587-3475","hvac-engineer","4.9","10","http://saguaroacmen.com/","Scottsdale, AZ 85257, USA"
"Phoenix AC Services: Heating & Air Conditioning","(928) 433-1139","hvac-engineer","5","10","","8937 N 12th St, Phoenix, AZ 85020, USA"
"Quick N' Easy Mobile Locksmith","(480) 329-6368","locksmith","5","10","https://quickneasylocksmith.com/","7010 E Acoma Dr, Scottsdale, AZ 85254, USA"
"Reidhead Plumbing & Solar","(480) 306-7442","plumber","4.6","10","http://reidheadplumbing.com/?utm_campaign=gmb","1749 N Country Club Dr, Mesa, AZ 85201, USA"
"Bascom's Air Conditioning & Heating Scottsdale","(520) 699-3215","hvac-engineer","3.3","10","","8100 E Indian School Rd, Scottsdale, AZ 85251, USA"
"Arizona Air Works","(602) 366-5071","hvac-engineer","5","10","","2824 E Mulberry Dr, Phoenix, AZ 85016, USA"
"Laker Electric Inc","(480) 697-6071","electrician","5","9","","3456 E Southern Ave, Mesa, AZ 85204, USA"
"Ludvik Electric","(602) 777-5000","electrician","4.6","9","http://ludvik.com/","1020 E University Dr, Phoenix, AZ 85034, USA"
"All Time Leak Detection of Phoenix","(602) 536-4060","drain-specialist","5","9","https://www.alltimeleakdetectionofphoenix.com/","2211 W 1st St suite B108, Tempe, AZ 85281, USA"
"AZ Home Services Group AC Repair & Plumbing Services of Phoenix","(602) 844-7757","hvac-engineer","5","9","https://azhomeservices.group/service-areas/phoenix-arizona-air-conditioner-plumbing-services/","2375 E Camelback Rd #600, Phoenix, AZ 85016, USA"
"Arizona Air Plumbing & Electrical","(602) 376-2075","hvac-engineer","4","9","http://www.arizona-air.com/","8260 E Raintree Dr #7, Scottsdale, AZ 85260, USA"
"Thomas Electrical Contractors","(602) 858-1684","electrician","5","8","","4636 S 35th St, Phoenix, AZ 85040, USA"
"Newmatic Plumbing Specialists, LLC","(623) 533-5688","plumber","4.3","8","","1559 Grand Ave, Phoenix, AZ 85007, USA"
"Cannon Wendt","(602) 669-3814","electrician","4.5","8","","120 E Van Buren St, Phoenix, AZ 85004, USA"
"RP Energy Electrical Contractors","(602) 380-2876","electrician","5","8","https://rpenergy.co/contact-us","2916 E Campo Bello Dr, Phoenix, AZ 85032, USA"
"Minute Key","(800) 539-7571","locksmith","4","8","https://www.minutekey.com/key-services/arizona/mesa/locksmith-key-copy-duplication-4505-e-mckellips-rd-/14883/","4505 E McKellips Rd, Mesa, AZ 85215, USA"
"4 Seasons Phoenix Electrical Services","(520) 652-3461","electrician","5","8","","4302 S Central Ave, Phoenix, AZ 85040, USA"
"B&D Industries","(480) 632-4002","electrician","4.6","8","https://banddindustries.com/","3001 S 35th St C10, Phoenix, AZ 85034, USA"
"Total Air and Appliances, LLC","(602) 335-9584","hvac-engineer","5","8","","830 E Orange Dr, Phoenix, AZ 85014, USA"
"Sun State HVAC","(602) 867-9480","hvac-engineer","4","8","http://www.sunstatehvac.com/","2602 E Acoma Dr, Phoenix, AZ 85032, USA"
"Liberty Gandy Pipeline Services of Arizona","(623) 251-3457","gas-engineer","4.1","8","http://www.lgpipeline.com/","3720 W Whitton Ave, Phoenix, AZ 85019, USA"
"Allied Electric Technology, LLC (AET)","(602) 878-7950","electrician","4.4","7","http://www.aet-az.com/","1936 E Jackson St, Phoenix, AZ 85034, USA"
"Jump Electric","(602) 536-5020","electrician","4.6","7","","1209 W Woodland Ave, Phoenix, AZ 85007, USA"
"Titan Heat & Air Conditioning","(623) 663-6813","hvac-engineer","4.4","7","","2325 E Camelback Rd, Phoenix, AZ 85016, USA"
"Mesa Air Conditioning and Heating","(480) 257-4236","hvac-engineer","4.9","7","","1926 E Broadway Rd, Mesa, AZ 85204, USA"
"Red Mountain Plumbing Services LLC","(480) 450-8583","drain-specialist","5","7","https://www.redmountainplumbingservices.com/","1905 S MacDonald # 8, Mesa, AZ 85210, USA"
"Scottsdale Air Conditioning & Plumbing","(623) 887-1096","hvac-engineer","5","7","","6959 E Shea Blvd, Scottsdale, AZ 85254, USA"
"Minute Key","(480) 322-6278","locksmith","4.5","6","https://www.minutekey.com/key-services/arizona/phoenix/locksmith-key-copy-duplication-4617-e-bell-rd/26559/","4617 E Bell Rd, Phoenix, AZ 85032, USA"
"Kennedy Air","(623) 215-8106","hvac-engineer","3","6","https://kennedyairaz.com/","16236 N 32nd St, Phoenix, AZ 85032, USA"
"K & F Electric","(602) 267-0100","electrician","5","6","http://www.zakcompanies.com/","4970 E Beverly Rd, Phoenix, AZ 85044, USA"
"Electrician Service Phoenix","(602) 562-5534","electrician","5","6","","3638 S 17th St, Phoenix, AZ 85040, USA"
"Edgardo TRAILER & REPAIR","(623) 570-5967","drain-specialist","5","6","","3201 W Mohave St, Phoenix, AZ 85009, USA"
"Manchester Plumbing Company","(480) 590-6050","plumber","5","6","","1107 S Center St, Mesa, AZ 85210, USA"
"KeyMe Locksmiths","(602) 975-3752","locksmith","4.5","6","https://key.me/kiosks/arizona/scottsdale/scottsdale/make-keys-scottsdale-az","4842 E Bell Rd, Scottsdale, AZ 85254, USA"
"All Points Electric AZ LLC","(480) 272-9299","electrician","5","5","http://allpointselectricaz.com/","7702 E Gray Rd #101, Scottsdale, AZ 85260, USA"
"Green Star Plumbing Company Phoenix","(480) 485-3134","plumber","4.2","5","","18202 N Cave Creek Rd #116, Phoenix, AZ 85032, USA"
"Shamrock Electric, Inc.","(480) 835-1969","electrician","5","5","http://shamrockelectricaz.com/","3215 N Arizona Ave Suite #B16, Chandler, AZ 85225, USA"
"Einstein Heating and Cooling Phoenix Arizona","(602) 888-9250","hvac-engineer","4.2","5","https://einsteinprosphoenix.com/","10001 N 19th Ave, Phoenix, AZ 85021, USA"
"Superior Electric, LLC","(480) 335-5551","electrician","5","5","https://superiorelectricllc.com/","1930 E 3rd St #6, Tempe, AZ 85288, USA"
"AZ Home Services Group AC Repair & Plumbing Services of Chandler","(480) 903-5615","hvac-engineer","5","5","","3100 W Ray Rd #201, Chandler, AZ 85226, USA"
"North Valley Locksmith Phoenix","(602) 920-2393","locksmith","5","5","https://northvalleylocksmith.com/","2732 E Bell Rd, Phoenix, AZ 85032, USA"
"Main Street Mechanical","(480) 946-3001","plumber","4.8","5","https://mainstreetmech.com/","4035 E Oasis St, Mesa, AZ 85215, USA"
"Taylor Made Refrigeration Inc.","(602) 466-0787","hvac-engineer","4.3","4","http://www.taylormaderefrigeration.com/","8749 E Thornwood Dr, Scottsdale, AZ 85251, USA"
"EZ Flow Plumbing, LLC","(480) 351-1820","plumber","5","4","http://www.ezflowplumbingaz.com/","1405 E Southern Ave, Tempe, AZ 85282, USA"
"Phoenix Plumbing and construction","(818) 332-6028","plumber","5","4","","1931 W Sweetwater Ave, Phoenix, AZ 85029, USA"
"Overland Heating and Cooling LLC","(480) 495-3063","hvac-engineer","5","4","https://overlandheatingandcooling.com/","7778 E Vía Del Futuro, Scottsdale, AZ 85258, USA"
"Myres Electrical Service","(480) 721-4497","electrician","5","4","https://myreselectricalservice.com/","1815 W 1st Ave STE 108, Mesa, AZ 85202, USA"
"The Plumber Inc Sewer Service","(602) 497-1480","plumber","5","4","https://theplumberinc.com/","2375 E Camelback Rd, Phoenix, AZ 85016, USA"
"D&D Local Air Conditioning","(520) 608-7028","hvac-engineer","5","4","","2934 Hayden Rd, Scottsdale, AZ 85251, USA"
"Unlock Car Door Service","(480) 442-9356","locksmith","2","4","","4420 E Brown Rd, Mesa, AZ 85205, USA"
"Cirtcele Electric","(480) 545-9600","gas-engineer","5","4","http://www.cirtceleelectric.com/","441 E Broadway Rd, Mesa, AZ 85204, USA"
"Solar 4 Les","(480) 462-0733","electrician","5","4","https://www.solar4les.com/","9375 E Shea Blvd Suite 100, Scottsdale, AZ 85260, USA"
"Honest HVAC Installation & Repair","(623) 286-3695","hvac-engineer","5","4","https://honesthvaccompany.com/north-tatum-phoenix-ac-installation-repair","11811 N Tatum Blvd suite 130 a100, Phoenix, AZ 85028, USA"
"Home Electrician Pros Mesa","(520) 924-7647","electrician","5","4","","1304 E Ivyglen St, Mesa, AZ 85203, USA"
"Standard Air Heating and Cooling","(480) 845-0842","hvac-engineer","5","4","https://standardairheatingandcooling.com/","4269 N Miller Rd, Scottsdale, AZ 85251, USA"
"Sierra Electric, Inc.","(480) 313-5247","electrician","5","3","http://www.sierraelectricaz.com/","1025 N McQueen Rd #158, Gilbert, AZ 85233, USA"
"ICF Electric Phoenix","(602) 584-7820","electrician","3.7","3","https://icfelectrical.com/","24 W Camelback Rd a254, Phoenix, AZ 85013, USA"
"Quickey Locksmith","(480) 470-3579","locksmith","5","3","https://www.quickeylocksmitharizona.com/","853 W Broadway Rd, Mesa, AZ 85210, USA"
"Service Line Group LLC","(800) 568-4754","gas-engineer","2.3","3","https://servicelinegroupllc.com/","333 S Nina Dr, Mesa, AZ 85210, USA"
"Liberty Locksmith","(480) 666-8828","locksmith","3.7","3","","2330 E McDowell Rd Suite B, Phoenix, AZ 85006, USA"
"Change Home Lock Phoenix AZ","(623) 282-1568","locksmith","3.7","3","","3729 E Roeser Rd, Phoenix, AZ 85040, USA"
"Wolff Mechanical Heating AC & Slr","(602) 492-4032","hvac-engineer","5","3","","Phoenix, AZ 85004, USA"
"Oasis Cooling and Heating","(602) 669-5169","hvac-engineer","5","3","","9316 E Raintree Dr #170, Scottsdale, AZ 85260, USA"
"Meyer's Air Conditioning & Refrigeration Inc","(602) 266-5932","hvac-engineer","5","3","","9839 N 39th St, Phoenix, AZ 85028, USA"
"BISWAS AIR AND REFRIGERATION","(480) 358-8187","hvac-engineer","5","3","https://www.biswasairandrefrigeration.com/","9160 E Shea Blvd, Scottsdale, AZ 85260, USA"
"Arizona Energy Services","(480) 458-7352","electrician","5","3","https://arizonaenergyservices.net/#!contact-us","3400 N Arizona Ave #119, Chandler, AZ 85225, USA"
"Southwest Boiler & Mechanical LLC","(877) 646-0167","gas-engineer","5","3","http://www.southwestboiler.com/","15001 Hayden Rd Ste 111, Scottsdale, AZ 85260, USA"
"Quality Systems AC & Refrigeration","(480) 945-2665","hvac-engineer","5","3","https://qualityacsystems.com/","4247 N 78th St unit 4, Scottsdale, AZ 85251, USA"
"Home Electrician Pros Scottsdale","(520) 680-3820","electrician","5","2","","4002 N Granite Reef Rd, Scottsdale, AZ 85251, USA"
"W C Electrical Services","(480) 318-9547","electrician","5","2","https://wcelectrical.com/","1955 W Baseline Rd, Mesa, AZ 85202, USA"
"Aea Plumbing Co","(480) 219-6276","plumber","5","2","","8149 E Evans Rd # 7, Scottsdale, AZ 85260, USA"
"High Flow Heating & Air Conditioning","(602) 960-1440","hvac-engineer","5","2","https://www.highflowheatingacrepair.com/phoenix-az/","3801 S 7th St, Phoenix, AZ 85040, USA"
"Jacobs Electrical Services, LLC","(480) 455-2872","electrician","5","2","https://jesaz.com/","1835 E 6th St #9, Tempe, AZ 85281, USA"
"Cowboy Electric","(602) 296-7319","electrician","5","2","","2744 W Thomas Rd, Phoenix, AZ 85017, USA"
"Minute Key","(303) 532-0602","locksmith","5","2","https://www.minutekey.com/key-services/arizona/phoenix/locksmith-key-copy-duplication-2217-e-bell-rd/33154/","2217 E Bell Rd, Phoenix, AZ 85022, USA"
"24 HR Emergency Plumber Phoenix Inc","(602) 806-7614","plumber","5","2","","7250 N 16th St ste 48, Phoenix, AZ 85020, USA"
"AAA Arizona Repair Solutions","(480) 990-2525","hvac-engineer","5","2","","8449 E Montecito Ave, Scottsdale, AZ 85251, USA"
"Done Right Plumbing Mesa","(480) 685-9953","plumber","5","1","","1055 N Mesa Dr, Mesa, AZ 85201, USA"
"AirPro Trane Dealer","(480) 745-7525","hvac-engineer","5","1","https://www.arizonaacsales.com/","6424 E Greenway Pkwy, Scottsdale, AZ 85254, USA"
"Mesa Electricians","(480) 602-5631","electrician","5","1","","1 N Macdonald #203, Mesa, AZ 85201, USA"
"AZ Electric 24/7","(520) 680-3709","electrician","5","1","","1601 W McNair St, Chandler, AZ 85224, USA"
"Best Electrician in Tempe","(520) 379-8740","electrician","5","1","","423 W Orion St, Tempe, AZ 85283, USA"
"A&T ELECTRIC, LLC.","(602) 633-5328","gas-engineer","4","1","http://atelectricllc.com/","1500 E Harvard St, Phoenix, AZ 85006, USA"
"Minute Key","(303) 532-0602","locksmith","5","1","https://www.minutekey.com/key-services/arizona/scottsdale/locksmith-key-copy-duplication-9890-n-90th-st/33157/","9890 N 90th St, Scottsdale, AZ 85258, USA"
"A1 Electric Pros Scottsdale","(520) 680-3606","electrician","5","1","","7579 E Tierra Buena Ln, Scottsdale, AZ 85260, USA"
"Dent Electric","(480) 834-8160","electrician","3","1","https://usmapir.org/details/dent-electric-ChIJITI","1728 E Palm Ln, Phoenix, AZ 85006, USA"
"Minute Key","(480) 322-4514","locksmith","4","1","https://www.minutekey.com/key-services/arizona/phoenix/locksmith-key-copy-duplication-3609-e-thomas-rd/32392/","3609 E Thomas Rd, Phoenix, AZ 85018, USA"
"Minute Key","(602) 989-4778","locksmith","","","https://www.minutekey.com/key-services/arizona/phoenix/locksmith-key-copy-duplication-12434-n-cave-creek-rd/33933/","12434 N Cave Creek Rd, Phoenix, AZ 85022, USA"
"Plumbing Repair in Phoenix, AZ","(602) 892-3797","plumber","","","https://www.plumbingservicesphoenixaz.com/contact-page","12425 N Cave Creek Rd #102, Phoenix, AZ 85022, USA"
"Locks Replacement Phoenix AZ","(602) 466-7024","locksmith","","","","2971 N Greenfield Rd, Phoenix, AZ 85016, USA"
"Picky-locksmith","(480) 876-9766","locksmith","","","https://www.picky-locksmith.com/","522 E Cheery Lynn Rd, Phoenix, AZ 85012, USA"
"TriMedia Environmental & Engineering Services","(480) 839-0521","gas-engineer","","","http://www.trimediaee.com/","5024 S Ash Ave #103, Tempe, AZ 85282, USA"
"FHR Electric","(602) 492-9999","electrician","","","https://fhrelectric.com/","7720 E Gelding Dr Unit 250, Scottsdale, AZ 85260, USA"
"Walmart HVAC Services","(833) 750-2665","hvac-engineer","","","https://www.walmart.com/cp/home-heating-ac-installation/2111506/?veh=seo_loc","4915 N Pima Rd, Scottsdale, AZ 85251, USA"
"Automotive Rekey Phoenix AZ","(602) 492-2707","locksmith","","","","47 E Monterey Way, Phoenix, AZ 85012, USA"
"ACME Locksmith - Scottsdale Shop and Service","(480) 951-1971","locksmith","","","https://www.acmelocksmith.com/locksmith-scottsdale-az/?utm_source=GMB&utm_medium=Organic&utm_campaign=GMB+Scottsdale","7118 E Sahuaro Dr Ste A, Scottsdale, AZ 85254, USA"
"Refined HVAC/Duct Clean","(480) 525-7806","hvac-engineer","","","https://philippam853.wixsite.com/my-site-1","5211 N 70th Pl, Paradise Valley, AZ 85253, USA"
"Total Pro AC","(480) 261-3638","hvac-engineer","","","https://totalproac.com/","20551 N Pima Rd # 200, Scottsdale, AZ 85255, USA"
"CONTACT ELECTRIC LLC","(602) 486-8436","electrician","","","","24 W Camelback Rd Suite A, Phoenix, AZ 85013, USA"
"Ancla Plumbing, LLC","(480) 771-3520","drain-specialist","","","https://anclaplumbingllc.com/","1829 W Drake Dr Suite 105, Tempe, AZ 85283, USA"
"Earth Electric LLC","(480) 217-6024","electrician","","","http://earthelectricaz.com/","2849 E Nora St, Mesa, AZ 85213, USA"
"Top Tier Electric","(480) 549-8812","electrician","","","","6445 S Maple Ave, Tempe, AZ 85282, USA"
"Minute Key","(303) 532-0602","locksmith","","","https://www.minutekey.com/key-services/arizona/phoenix/locksmith-key-copy-duplication-16803-n-tatum-blvd/32867/","16803 N Tatum Blvd, Phoenix, AZ 85032, USA"