Name,Phone,Trade,Rating,Reviews,Website,Address
"Parker & Sons","(602) 424-9619","plumber","4.7","31253","https://www.parkerandsons.com/?utm_campaign=gmb_pk-phx_home_cus-all_googlebusinessprofile&utm_medium=gmb&utm_source=google","3636 E Anne St A, Phoenix, AZ 85040, USA"
"Goettl Air Conditioning and Plumbing - Phoenix AZ","(602) 517-0039","hvac-engineer","4.7","13083","https://www.goettl.com/location/phoenix-arizona/?utm_source=google&utm_medium=organic&utm_campaign=gmb","4611 E Baseline Rd, Phoenix, AZ 85042, USA"
"Collins Comfort Masters","(480) 212-9220","plumber","4.9","10569","https://collinscomfort.com/?utm_source=GMB&utm_medium=organic&utm_campaign=Website","102 W Julie Dr, Tempe, AZ 85283, USA"
"Day & Night Air Conditioning, Heating, & Plumbing","(602) 584-7758","hvac-engineer","4.9","8917","https://www.dayandnightair.com/?utm_source=gmb&utm_medium=local&utm_campaign=phoenix-az","3669 E La Salle St, Phoenix, AZ 85040, USA"
"Bell Air Conditioning, LLC.","(623) 748-3324","hvac-engineer","4.9","7290","http://www.bellairconditioningaz.com/","18700 N 107th Ave #30, Sun City, AZ 85373, USA"
"Hobaica Services","(602) 633-9555","electrician","4.9","6867","https://www.hobaica.com/?utm_source=gbp&utm_medium=organic&utm_campaign=Google%20My%20Business","10636 N Cave Creek Rd, Phoenix, AZ 85020, USA"
"ACE Home Services","(602) 830-2365","hvac-engineer","4.7","6721","https://acehomeaz.com/areas-served/phoenix-az/?utm_source=google-gbp&utm_medium=organic&utm_campaign=*9*ace-home-services-phoenix","4814 S 35th St, Phoenix, AZ 85040, USA"
"Locksmith Guru LLC","(623) 244-8896","locksmith","4.9","6162","https://www.locksmithguruaz.com/","2920 E Northern Ave Suite #102, Phoenix, AZ 85028, USA"
"Penguin Air, Plumbing & Electrical","(480) 525-5400","plumber","4.7","6032","https://www.penguinair.com/?utm_source=google&utm_medium=organic&utm_campaign=GMBListing-Phoenix-AZ","3710 E University Dr # 1, Phoenix, AZ 85034, USA"
"Rite Way Heating, Cooling & Plumbing Of Phoenix","(480) 725-5031","hvac-engineer","4.9","4878","https://ritewayac.com/phoenix/?utm_source=gmb&utm_medium=organic&utm_campaign=smp_gmb_gilbert","1320 W Boxwood Ave, Gilbert, AZ 85233, USA"
"Precision Air & Plumbing","(602) 490-8566","hvac-engineer","4.7","4735","https://www.precisionairandplumbing.com/?utm_source=local&utm_medium=organic&utm_campaign=gmb","3045 N Colorado St Ste 3, Chandler, AZ 85225, USA"
"George Brazil Air Conditioning & Heating","(602) 649-1374","hvac-engineer","4.7","4722","https://georgebrazilhvac.com/?utm_source=google&utm_medium=organic&utm_campaign=gbp_website","2655 E Magnolia St #200, Phoenix, AZ 85034, USA"
"Plumbing Masters","(623) 208-4963","plumber","4.8","3911","https://plumbingmastersaz.com/?utm_source=google&utm_medium=gbp","9299 W Olive Ave Building 2, Suite 207, Peoria, AZ 85345, USA"
"Bumble Bee Home Services","(602) 813-0298","plumber","4.9","3694","https://bumblebeeplumbingaz.com/?utm_source=google&utm_medium=organic&utm_campaign=GMBListing-glendale-az/","7600 N 71st Ave, Glendale, AZ 85303, USA"
"Sundial Locksmith LLC","(480) 525-7778","locksmith","4.9","3596","https://sundiallocksmith.com/","1709 E Guadalupe Rd, Tempe, AZ 85283, USA"
"The Plumber Guy","(623) 233-4350","plumber","4.9","3355","https://www.theplumberguy.com/","9162 W Cactus Rd ste c, Peoria, AZ 85381, USA"
"Climate Pro LLC","(480) 602-4535","hvac-engineer","4.9","3210","https://climateprollc.com/","375 E Elliot Rd, Chandler, AZ 85225, USA"
"Howard Air Showroom & Design Center","(602) 805-8215","hvac-engineer","4.9","3193","https://howardair.com/utm_source=local&utm_medium=organic&utm_campaign=showroom","17855 N Black Cyn Hwy, Phoenix, AZ 85023, USA"
"PlumbSmart Plumbing Heating and Air","(480) 654-8865","plumber","4.9","3176","https://itsjustplumbsmart.com/","3010 E Main St Building 1, Mesa, AZ 85213, USA"
"Wolfgangs Cooling, Heating & Plumbing","(928) 228-5968","hvac-engineer","4.9","3140","https://wolfgangscooling.com/locations/tempe-az?utm_source=GBP-listing&utm_medium=organic","2441 W Erie Dr, Tempe, AZ 85282, USA"
"John's Heating, Cooling, and Plumbing","(480) 648-0921","hvac-engineer","4.9","3075","https://www.justcalljohns.com/?utm_source=google&utm_medium=organic&utm_campaign=gbp","211 E 10th Dr #2, Mesa, AZ 85210, USA"
"American Home Water & Air","(602) 975-2697","hvac-engineer","4.9","2920","https://americanhomewater.com/","2030 W Desert Cove Ave, Phoenix, AZ 85029, USA"
"George Brazil Plumbing & Electrical","(602) 529-3749","plumber","4.7","2862","https://georgebrazilplumbingelectrical.com/?utm_source=gmb&utm_medium=organic","3830 S 38th St, Phoenix, AZ 85040, USA"
"Service Experts Tempe","(602) 393-6964","hvac-engineer","4.6","2820","https://www.serviceexperts.com/tempe-az?&utm_campaign=listing&utm_medium=organic_search&utm_source=gmb&utm_content=brand","2922 S Roosevelt St, Tempe, AZ 85282, USA"
"A/C & Plumbing Doctors","(602) 767-1830","hvac-engineer","4.9","2651","https://theacdoctors.com/?utm_source=google&utm_medium=organic&utm_campaign=GMBListing-gilbert-az","1394 N Farrell Ct, Gilbert, AZ 85233, USA"
"Alaskan Air Conditioning & Heating","(602) 529-5555","hvac-engineer","4.7","2634","https://www.alaskanac.com/phoenix-az/service-area/tempe-az-hvac-services/","2428 W Campus Dr, Tempe, AZ 85282, USA"
"Rescue One Air Heating & Cooling","(602) 536-9593","hvac-engineer","4.9","2545","http://rescueoneair.com/","7910 S Kyrene Rd #101, Tempe, AZ 85284, USA"
"Mister Sparky® of Phoenix","(480) 568-1137","electrician","4.8","2433","https://www.mistersparky.com/scottsdale/","15525 N 83rd Way Suite B6, Scottsdale, AZ 85260, USA"
"Canyon State Service Experts","(623) 584-2850","hvac-engineer","4.9","2424","https://www.serviceexperts.com/surprise-az?&utm_campaign=listing&utm_medium=organic_search&utm_source=gmb&utm_content=brand","11560 N Dysart Rd Suite 116, Surprise, AZ 85379, USA"
"APES HVAC & Plumbing","(623) 521-1172","hvac-engineer","4.9","2352","https://go4apes.com/","2222 W Parkside Ln STE 105, Phoenix, AZ 85027, USA"
"AC by J","(602) 607-0943","hvac-engineer","4.8","2347","https://acbyj.com/","7595 E Gray Rd #1, Scottsdale, AZ 85260, USA"
"Desert Diamond Air Cooling & Heating","(623) 246-2377","hvac-engineer","4.9","2340","https://desertdiamondhvac.com/residential/air-conditioning-repair/?utm_source=google&utm_medium=gmb&utm_campaign=phoenix&se_campaign=Google%20My%20Business%20-%20Clicked%20to%20Website","16602 N 25th Ave, Phoenix, AZ 85023, USA"
"Elite Garage Doors & Gates","(480) 941-1313","gas-engineer","4.5","2177","https://elitegaragedoorsandgates.com/","7652 E Greenway Rd Ste 100, Scottsdale, AZ 85260, USA"
"Just Better Air Conditioning and Heating LLC","(480) 631-9418","hvac-engineer","4.8","2109","https://justbetterair.com/","835 W 22nd St #101, Tempe, AZ 85282, USA"
"Christian Brothers Plumbing, A/C, & Electrical","(623) 939-9421","electrician","4.8","2096","https://cbrothers.com/","6827 W Belmont Ave, Glendale, AZ 85303, USA"
"Service Experts Phoenix","(602) 613-4625","hvac-engineer","4.8","2073","https://www.serviceexperts.com/phoenix-az?&utm_campaign=listing&utm_medium=organic_search&utm_source=gmb&utm_content=brand","24825 N 16th Ave #115, Phoenix, AZ 85085, USA"
"Ground Zero Plumbing & AC repair - Chandler","(480) 448-0603","plumber","4.9","2026","https://www.groundzeroplumbingac.com/","17 S Roosevelt Ave, Chandler, AZ 85226, USA"
"Gold Star Plumbing & Drain","(480) 405-0922","plumber","4.9","1985","https://goldstarplumbingaz.com/service-areas/gilbert-az-plumber/?utm_campaign=gmb&utm_medium=organic&utm_source=google","1528 W San Pedro St #4, Gilbert, AZ 85233, USA"
"ASAP Plumbing","(480) 933-1511","plumber","4.7","1929","https://asapplumbingaz.com/?utm_campaign=ASAP_GMB","1221 W Warner Rd # 103, Tempe, AZ 85284, USA"
"Flat Rate Mobile Locksmith","(480) 788-7612","locksmith","5","1922","http://www.thelockbutler.com/","740B E Flynn Ln, Phoenix, AZ 85014, USA"
"Benjamin Franklin Plumbing of Phoenix, AZ","(480) 223-9348","plumber","4.8","1892","https://www.benfranklinplumbingaz.com/?utm_source=organic&utm_medium=gbp_listing","1911 W Parkside Ln, Phoenix, AZ 85027, USA"
"A Quality HVAC and Plumbing Services LLC","(623) 257-5406","plumber","4.9","1835","https://aqualityhvac.org/","520 N Bullard Ave #43, Goodyear, AZ 85338, USA"
"Diamondback Lock and Key","(602) 388-1201","locksmith","4.9","1690","https://diamondbacklockandkey.com/","77 W Chicago St #1, Chandler, AZ 85225, USA"
"Rooter Ranger","(480) 581-1644","plumber","4.7","1676","http://www.rooterranger.com/","11226 N 23rd Ave, Phoenix, AZ 85029, USA"
"Same Day Air Repair","(602) 571-1728","hvac-engineer","4.8","1664","https://samedayairrepair.com/","1006 W Adams St, Phoenix, AZ 85007, USA"
"Larson Air Conditioning","(480) 780-3912","hvac-engineer","4.9","1615","https://www.larsonairaz.com/?utm_campaign=gmb&utm_medium=organic&utm_source=google","7363 E Adobe Dr STE 101, Scottsdale, AZ 85255, USA"
"Reeis Air Conditioning, Plumbing & Electrical","(480) 581-5683","hvac-engineer","4.9","1574","http://reeis.com/","3525 E Corona Ave, Phoenix, AZ 85040, USA"
"100% Plumbing","(602) 757-6780","plumber","5","1562","https://www.100percentplumber.com/","17437 N 71st Dr Ste 106, Glendale, AZ 85308, USA"
"Tucker Hill Air, Plumbing and Electric","(480) 591-2400","plumber","4.8","1557","https://tuckerhillaz.com/?utm_source=GMBlisting&utm_medium=referral","1553 W Elna Rae St #101, Tempe, AZ 85281, USA"
"AirTime Cooling and Heating","(480) 637-2799","hvac-engineer","5","1534","https://airtimeaz.com/heating/furnaces/repair/?utm_source=google&utm_medium=organic&utm_campaign=gmb","1540 S Gilbert Rd, Mesa, AZ 85204, USA"
"Lawson Family Plumbing Inc.","(602) 413-5790","plumber","4.9","1519","https://lawsonfamilyplumbing.com/","1497 E Baseline Rd STE 110, Gilbert, AZ 85233, USA"
"Wyman Plumbing & Mechanical LLC","(623) 250-5259","plumber","5","1485","http://www.wyman-services.com/?utm_source=local&utm_medium=organic&utm_campaign=gbp","12251 N 32nd St # 3, Phoenix, AZ 85032, USA"
"Autumn Air Heating & Cooling","(602) 428-5332","hvac-engineer","4.9","1477","http://www.callautumn.com/?utm_source=google&utm_medium=organic_social&utm_campaign=1seo_gbp","12409 W Indian School Rd Suite C307, Avondale, AZ 85392, USA"
"AZ Home Services Group AC Repair & Plumbing Services","(602) 806-7212","hvac-engineer","5","1456","https://azhomeservices.group/","1331 E Carmen St, Tempe, AZ 85283, USA"
"CallOrange.com","(480) 847-2635","locksmith","4.8","1439","https://callorange-locksmith-tempe.com/","2101 E Broadway Rd Suite 2, Tempe, AZ 85282, USA"
"Reddi Services","(602) 789-3910","plumber","4.9","1421","https://www.reddiservices.com/?utm_source=google&utm_medium=organic&utm_campaign=GMBListing-Peoria-AZ","12268 92nd Dr, Peoria, AZ 85381, USA"
"Any Hour Services - Electric, Plumbing, Heating & Air","(602) 609-7184","plumber","4.9","1395","https://anyhourservices.com/arizona/","3415 W Northern Ave, Phoenix, AZ 85051, USA"
"Scottsdale Air Heating & Cooling","(602) 834-5334","hvac-engineer","4.9","1356","https://scottsdaleair.com/?utm_source=google&utm_medium=gmb&utm_campaign=SDA_ORG_EVER_A_GBP_TEMPE","722 S Perry Ln, Tempe, AZ 85288, USA"
"North Valley Mechanical HVAC & Plumbing","(602) 975-4247","hvac-engineer","4.9","1356","https://northvalleymechanical.com/","2110 W Greenway Rd, Phoenix, AZ 85023, USA"
"Elite Rooter Plumbers","(602) 698-8959","plumber","4.8","1352","https://www.eliterooter.com/location/phoenix/?utm_source=google&utm_medium=organic&utm_campaign=gmb","319 E Watkins St, Phoenix, AZ 85004, USA"
"Zest Plumbing & Drain","(480) 630-7725","plumber","4.9","1350","https://callzestplumbing.com/?utm_source=google&utm_medium=gbp","16445 N 91st St #107, Scottsdale, AZ 85260, USA"
"Patrick Riley | Isley's Cooling, Heating, Plumbing, & Electrical","(602) 638-2465","hvac-engineer","4.7","1344","https://patrickrileyservices.com/?utm_source=google&utm_campaign=gbp_website&utm_medium=organic","1850 E Watkins St, Phoenix, AZ 85034, USA"
"Drip Plumbing","(480) 679-6292","plumber","4.9","1339","https://dripplumbingaz.com/?utm_campaign=gmb&utm_medium=organic&utm_source=google&utm_term=mesa-website","952 E Baseline Rd Suite 123, Mesa, AZ 85204, USA"
"SMW Refrigeration and Heating, LLC","(602) 932-6925","hvac-engineer","4.8","1338","http://smwac.net/","1615 W University Dr #135, Tempe, AZ 85281, USA"
"Semper Fi Heating & Cooling LLC","(480) 885-1999","hvac-engineer","4.8","1310","https://www.semperfiheatingcooling.com/heating-cooling-peoria-az/?utm_source=GBPPeoria","9720 W Peoria Ave #107, Peoria, AZ 85345, USA"
"Rooter Hero Plumbing & Air of Phoenix","(480) 351-0043","plumber","4.7","1298","https://rooterhero.com/plumber-phoenix-az-plumbing-repair-service","5424 S 40th St, Phoenix, AZ 85040, USA"
"Ideal Air Conditioning and Insulation","(480) 573-7604","hvac-engineer","4.9","1283","https://www.idealairaz.com/?utm_campaign=gmb&utm_medium=organic&utm_source=gmb","4127 E University Dr, Phoenix, AZ 85034, USA"
"Mason Pro Services","(480) 835-9928","hvac-engineer","4.9","1259","https://www.masonproservices.com/?utm_source=google+business+listing&utm_medium=organic&utm_campaign=click+to+website&utm_content=chandler","2200 N Arizona Ave #18, Chandler, AZ 85225, USA"
"Chas Roberts Air Conditioning and Plumbing","(602) 328-5010","plumber","4.4","1252","https://www.chasroberts.com/","9828 N 19th Ave, Phoenix, AZ 85021, USA"
"Mr. Electric of Phoenix Metro","(480) 582-1249","electrician","4.9","1235","https://mrelectric.com/phoenix-metro/?cid=LSTL_MRE000196&utm_source=gmb&utm_campaign=local&utm_medium=organic","9831 S 51st St #C115, Phoenix, AZ 85044, USA"
"Robins Plumbing, Inc","(623) 486-4657","plumber","4.9","1231","https://www.robinsplumbing.com/","2802 N 37th Ave, Phoenix, AZ 85009, USA"
"Deer Valley Plumbing & Air Conditioning","(623) 281-3783","plumber","4.8","1221","https://www.deervalleyplumbing.com/","2411 W Lone Cactus Dr, Phoenix, AZ 85027, USA"
"Hansen Family Plumbing & Air","(602) 805-4836","plumber","4.9","1217","https://hansenfamilyplumbing.com/?utm_source=google_my_business","535 W Iron Ave #104, Mesa, AZ 85210, USA"
"EZ Flow Plumbing, LLC","(602) 613-4525","plumber","4.9","1208","https://www.ezflowplumbingaz.com/","3400 N Arizona Ave #112-113, Chandler, AZ 85225, USA"
"A Plus Plumbing","(480) 899-5959","plumber","4.9","1140","https://aplusplumbingservice.com/","1909 E Ray Rd #9-160, Chandler, AZ 85225, USA"
"Robins Plumbing Inc","(623) 486-4657","plumber","4.9","1121","http://www.robinsplumbing.com/","5955 W Peoria Ave #5160, Glendale, AZ 85302, USA"
"Donley A/C & Plumbing","(480) 295-7385","plumber","4.9","1099","https://www.donleyservice.com/","11062 N 24th Ave, Phoenix, AZ 85029, USA"
"1st Choice Mechanical AC Repair","(623) 292-3697","hvac-engineer","4.9","1055","https://1stchoicemechanicalaz.com/heating-service-phoenix-az/?utm_source=google&utm_medium=organic&utm_campaign=gbp","23309 N 17th Dr STE 116, Phoenix, AZ 85027, USA"
"Maloney Plumbing & Drain Services in Phoenix, AZ","(602) 671-3617","plumber","4.9","1011","https://www.maloneyplumbing.com/?utm_source=gmb&utm_medium=organic","9119 7th St Suite 201, Phoenix, AZ 85020, USA"
"Chandler Air","(480) 372-5008","hvac-engineer","4.9","985","https://www.chandlerair.com/?utm_source=GMB&utm_medium=local","3250 N Colorado St, Chandler, AZ 85225, USA"
"Zippity Split Plumbing, Drain Cleaning, and Sewer Repair","(480) 637-3184","plumber","4.9","983","https://zippitysplitplumbing.com/phoenix-az/?utm_source=google&utm_medium=organic&utm_campaign=gbp_phoenix","3602 E Greenway Rd Ste 103, Phoenix, AZ 85032, USA"
"The Home Depot","(480) 767-9294","gas-engineer","4.1","971","https://www.homedepot.com/l/Scottsdale-Shea/AZ/Scottsdale/85258/420?emt=MSGMBGoogleMaps","9890 N 90th St, Scottsdale, AZ 85258, USA"
"Howard Air Service Center","(480) 764-2921","hvac-engineer","4.7","971","https://howardair.com/utm_source=local&utm_medium=organic&utm_campaign=servicecenter","13235 N Cave Creek Rd, Phoenix, AZ 85022, USA"
"Cool Blew Inc.","(623) 872-2900","hvac-engineer","4.7","954","http://coolblew.com/","8927 W Bloomfield Rd #135, Peoria, AZ 85381, USA"
"Plumbers Near Me, LLC","(602) 641-8882","plumber","5","932","https://plumbersnearme.services/","8990 E Raintree Dr Unit 100-G, Scottsdale, AZ 85260, USA"
"AC Repair Near Me","(602) 780-7100","hvac-engineer","5","906","https://acrepairnearme.services/","77 W Chicago St Unit 4, Chandler, AZ 85225, USA"
"Bumble Bee Air Conditioning","(480) 966-2901","hvac-engineer","4.9","901","https://www.bumblebeeairconditioning.com/","1004 E Vista Del Cerro Dr, Tempe, AZ 85281, USA"
"Cheap Locksmith AZ","(602) 743-1934","locksmith","5","893","http://www.cheaplocksmithaz.com/?utm_source=omg-gbp&utm_medium=webclick","1212 E Bethany Home Rd, Phoenix, AZ 85014, USA"
"Desert Water Plumbing and Rooter","(602) 641-2998","plumber","5","890","https://www.desertwateraz.com/near-me-plumber-peoria-az/?utm_campaign=gmb","8301 W Foothill Dr, Peoria, AZ 85383, USA"
"Delta Home Services LLC","(623) 887-0712","hvac-engineer","4.8","885","http://deltahomeservices.com/?utm_campaign=gmb","1745 W Deer Valley Rd STE 104, Phoenix, AZ 85027, USA"
"Anderson Lock & Safe - Phoenix Locksmith","(602) 973-3089","locksmith","4.9","867","https://andersonlockandsafe.com/","6146 N 35th Ave #101, Phoenix, AZ 85017, USA"
"The Aussie Plumber","(602) 820-5551","plumber","5","866","https://www.theaussieplumber.com/","4600 E Shea Blvd Ste 203, Phoenix, AZ 85028, USA"
"Roto-Rooter Plumbing & Water Cleanup","(480) 428-6336","plumber","4.9","862","https://www.rotorooter.com/tempeaz/?utm_source=Google&utm_medium=organic&utm_campaign=gmb&utm_content=website","1729 W Greentree Dr #107, Tempe, AZ 85284, USA"
"24 Hour Flood Pros of Arizona","(480) 738-9624","drain-specialist","4.9","859","https://www.24hourfloodpros.com/?utm_source=gmb&utm_medium=organic","1710 E Germann Rd, Chandler, AZ 85286, USA"
"Benjamin Franklin The Punctual Plumber","(602) 786-5183","plumber","5","817","https://www.benfranklinplumbingaz.com/?utm_source=organic&utm_medium=gbp_listing","7440 E Karen Dr # 500, Scottsdale, AZ 85260, USA"
"Air-zona Air Conditioning, Heating & Ventilation L.L.C.","(623) 257-4148","hvac-engineer","4.9","798","https://www.air-zona.net/","9299 W Olive Ave STE 202, Peoria, AZ 85345, USA"
"Dignity Plumbers Service & Water Softeners","(623) 235-4045","plumber","5","796","https://dignityplumbingaz.com/","11200 W Wisconsin Ave #5A, Youngtown, AZ 85363, USA"
"Pruitt's Plumbing, LLC","(602) 944-8777","plumber","4.4","794","https://www.pruittsplumbingllc.com/","11049 N 23rd Dr #102, Phoenix, AZ 85029, USA"
"Reliance Heating and Air Conditioning","(602) 607-2150","hvac-engineer","5","777","https://www.relianceac.com/?utm_source=Google&utm_medium=Google+Business+Profile&utm_campaign=GBP","302 W Lone Cactus Dr, Phoenix, AZ 85027, USA"
"B1 Locksmith of Tempe","(480) 757-9317","locksmith","4.9","768","https://b1locksmith.com/tempe-locksmith/","2003 E 5th St #7, Tempe, AZ 85288, USA"
"Big O Tires","(480) 900-4751","hvac-engineer","4.6","746","https://www.bigotires.com/location/az/phoenix/15625-s-desert-foothills-pkwy-85048/004221?utm_source=google&utm_medium=maps&utm_campaign=google+maps&y_source=1_OTkyNzQxOC03MTUtbG9jYXRpb24ud2Vic2l0ZQ%3D%3D","15625 S Desert Foothills Pkwy, Phoenix, AZ 85048, USA"
"West Valley Locksmith","(623) 321-4380","locksmith","4.7","731","https://westvalley-locksmith.org/locksmith-avondale-az/","12725 W Indian School Rd, Avondale, AZ 85392, USA"
"Ignite Electric","(480) 725-7664","electrician","4.9","731","https://www.ignite-electric.com/","7820 E Evans Rd # 700, Scottsdale, AZ 85260, USA"
"Magic Touch Mechanical","(480) 855-8789","hvac-engineer","4.7","718","https://fireandairaz.com/","942 W 1st Ave, Mesa, AZ 85210, USA"
"Everest Air LLC","(480) 828-2705","hvac-engineer","5","711","https://everestairaz.com/?utm_source=GMB","1455 E University Dr, Mesa, AZ 85203, USA"
"Plumbers Near Me - Water Heater & Plumbing Services","(480) 674-5931","plumber","5","710","https://plumbersnearme.services/service-areas/chandler-plumbing-services/","201 S Washington St Space A, Chandler, AZ 85225, USA"
"Roto-Rooter Plumbing & Water Cleanup","(480) 428-6160","plumber","4.9","689","https://www.rotorooter.com/chandleraz/?utm_source=Google&utm_medium=organic&utm_campaign=gmb&utm_content=website","333 N Dobson Rd suite 5-139, Chandler, AZ 85224, USA"
"Diamondback Plumbing","(602) 428-0910","plumber","4.5","689","http://www.diamondbackplumbing.com/","17423 N 25th Ave, Phoenix, AZ 85023, USA"
"Benefit Air Conditioning","(602) 840-9229","hvac-engineer","4.9","677","http://www.benefitair.com/","1315 W Indian School Rd, Phoenix, AZ 85013, USA"
"Air Conditioning of Arizona","(480) 250-3882","hvac-engineer","5","667","https://www.acofaz.net/","7652 E Greenway Rd Ste 103, Scottsdale, AZ 85260, USA"
"Mr. Rooter Plumbing of Phoenix Arizona","(602) 748-4821","plumber","4.7","666","https://www.mrrooter.com/phoenix/","133 S Country Club Dr, Mesa, AZ 85210, USA"
"Johnny Phoenix Locksmith","(480) 779-9144","locksmith","4.9","660","https://www.johnny-locksmith.net/","1940 E Camelback Rd #201, Phoenix, AZ 85016, USA"
"Integrity Air Conditioning & Heating L.L.C","(602) 971-0567","hvac-engineer","4.9","660","https://integrity-hvac.com/?utm_source=google&utm_medium=organic&utm_campaign=gbp-profile","2250 E Rose Garden Loop, Phoenix, AZ 85024, USA"
"AZ Perfect Comfort Heating & Cooling","(602) 858-8261","hvac-engineer","4.9","655","https://azperfectcomfort.com/?utm_source=gbp&utm_medium=organic","20650 N 29th Pl STE 104, Phoenix, AZ 85050, USA"
"Air Care Cooling, Heating and Plumbing","(480) 238-2273","hvac-engineer","4.8","650","https://aircareaz.com/?utm_source=local&utm_medium=organic&utm_campaign=gbp","1815 W 1st Ave #137, Mesa, AZ 85202, USA"
"Diamondback Locksmith","(480) 360-5371","locksmith","5","647","https://diamondbacklockandkey.com/scottsdale","609 N Scottsdale Rd suite e, Scottsdale, AZ 85257, USA"
"Anthony's Plumbing","(623) 936-5400","plumber","4.8","645","https://www.dayandnightair.com/anthonysplumbing/?utm_source=Anthony%27s%20GMB%20redirect%20to%20DNT&utm_medium=Anthony%27s%20GMB&utm_campaign=redirect%20to%20DNT%20page","1201 N 54th Ave #127, Phoenix, AZ 85043, USA"
"CallOrange.com","(623) 300-1771","locksmith","4.9","614","http://locksmith-peoria-az-call-orange.com/","6718 W Greenway Rd #103, Peoria, AZ 85381, USA"
"Zippity Split Plumbing, Drain Cleaning, and Sewer Repair","(480) 374-4995","plumber","4.9","609","https://zippitysplitplumbing.com/tempe-az/?utm_source=google&utm_medium=organic&utm_campaign=gbp_tempe","2425 W 12th St #4, Tempe, AZ 85281, USA"
"Auto Programming Center LLC.","(623) 232-3333","locksmith","5","604","http://www.autoprogrammingcenter.com/","2843 W McDowell Rd, Phoenix, AZ 85009, USA"
"FACT HVAC","(480) 360-6560","hvac-engineer","4.8","603","https://facthvac.com/?utm_source=google&utm_medium=organic&utm_campaign=gbp","1000 E Vista Del Cerro Dr, Tempe, AZ 85281, USA"
"Peerless Plumbing & Nudrain Phoenix","(602) 265-5508","plumber","5","602","https://peerlessplumbingrepipes.com/?utm_source=google&utm_medium=gbp&utm_campaign=maps","3801 E Roeser Rd #20, Phoenix, AZ 85040, USA"
"Island Breeze Air Conditioning & Heating LLC","(623) 692-6013","hvac-engineer","5","601","https://islandbreeze-ac.com/","809 E Fairmount Ave, Phoenix, AZ 85014, USA"
"Custom Plumbing of Arizona - Phoenix","(602) 866-2665","drain-specialist","4.7","596","https://customplumbingaz.com/","2120 E Rose Garden Ln Ste F1, Phoenix, AZ 85024, USA"
"Car Key Replacement LLC","(480) 719-1719","locksmith","4.6","589","https://carkeyreplacementllc.com/?utm_source=gmb&utm_medium=referral","4747 E Thomas Rd suit c, Phoenix, AZ 85018, USA"
"Sun Tech Air Conditioning","(602) 900-3520","hvac-engineer","4.6","583","https://suntechair.com/","2727 W Glendale Ave Ste 207, Phoenix, AZ 85051, USA"
"HVAC Near Me","(602) 932-0124","hvac-engineer","5","579","https://hvacnearme.today/","947 W Redwood Dr, Chandler, AZ 85248, USA"
"Amigo Rooter & Plumbing Phoenix Arizona","(602) 446-6576","plumber","4.8","577","http://www.amigoplumbingaz.com/","3947 N 146th Dr, Goodyear, AZ 85395, USA"
"Brewer's Air Conditioning and Heating LLC","(480) 725-5454","hvac-engineer","4.8","572","https://www.brewersac.com/","8830 S Hardy Dr Suite #102, Tempe, AZ 85284, USA"
"Diamond AC and Heating","(602) 753-5375","hvac-engineer","4.3","563","https://www.diamondacandheating.com/?utm_source=google&utm_medium=organic&utm_campaign=gbp","20801 N 19th Ave #1, Phoenix, AZ 85027, USA"
"True North Air Conditioning","(480) 378-9591","hvac-engineer","5","563","https://www.truenorthairconditioning.com/","511 W Guadalupe Rd Suite 7, Gilbert, AZ 85233, USA"
"Champion Air","(480) 748-4000","hvac-engineer","4.9","561","https://championair.com/service-area/scottsdale/?utm_source=GMBlisting&utm_medium=referral","8989 E Vía Linda #117A, Scottsdale, AZ 85258, USA"
"Discount Locksmith LLC","(855) 766-8899","locksmith","4.8","545","https://discount-locksmith.com/locations/phoenix-az/","1021 E Washington St Suite #202, Phoenix, AZ 85034, USA"
"KAPPA-AIR LLC","(480) 673-8311","hvac-engineer","4.2","542","http://www.kappa-air.com/","3101 W Thomas Rd #102, Phoenix, AZ 85017, USA"
"Simon's Plumbing","(602) 739-4117","plumber","5","539","https://simonsplumbingaz.com/","4512 E Kelton Ln, Phoenix, AZ 85032, USA"
"Cool Zone Air Conditioning & Heating","(623) 250-0012","hvac-engineer","4.9","536","https://www.coolzoneair.com/?utm_source=google&utm_medium=organic&utm_campaign=GMBListing-phoenix-az","2329 W Mescal St Suite 308, Phoenix, AZ 85029, USA"
"Simple Electric","(602) 290-4707","electrician","4.9","532","https://simpleelectricaz.com/","1201 E Weldon Ave, Phoenix, AZ 85014, USA"
"ACE Home Services (formerly Hero Home Services)","(833) 247-6926","plumber","4.9","529","https://acehomeaz.com/areas-served/phoenix-az/?utm_source=google-gbp&utm_medium=organic&utm_campaign=*225*ace-home-services-phoenix","409 E Watkins St, Phoenix, AZ 85004, USA"
"One Hour Air Conditioning & Heating of Scottsdale","(480) 907-3938","hvac-engineer","4.8","529","https://www.onehourheatandair.com/scottsdale/?utm_source=gbp&utm_medium=organic&utm_campaign=OH0641-_-638807-","124 W Orion St STE F8, Tempe, AZ 85283, USA"
"Simba Plumbing LLC","(602) 962-3537","plumber","4.9","528","https://www.simbaplumbing.co/","221 E Indianola Ave, Phoenix, AZ 85012, USA"
"Sunbelt Electric Inc","(480) 248-8205","electrician","4.6","527","https://www.sunbeltelectric.com/","20622 N Cave Creek Rd Suite #120, Phoenix, AZ 85024, USA"
"Call Locksmith AZ","(480) 400-1152","locksmith","5","525","http://calllocksmithaz.com/","4700 N 16th St, Phoenix, AZ 85016, USA"
"Way Cool Plumbing & Air","(480) 462-3843","hvac-engineer","4.9","522","http://www.callwaycool.com/","2328 E Van Buren St Ste 121, Phoenix, AZ 85006, USA"
"Locksmith Guru LLC","(623) 244-8897","locksmith","4.8","521","https://www.locksmithguruaz.com/","2406 S 24th St e119, Phoenix, AZ 85034, USA"
"Suttle Air","(602) 492-6620","hvac-engineer","4.9","519","https://suttleair.com/","180 N Pecan Ct, Gilbert, AZ 85234, USA"
"All Out Cooling & Heating","(480) 578-1370","hvac-engineer","5","518","https://www.callallout.com/?utm_source=GMBlisting&utm_medium=organic","2775 N Arizona Ave #7, Chandler, AZ 85225, USA"
"Discount Locksmith LLC","(602) 833-1233","locksmith","4.7","514","","14819 N Cave Creek Rd UNIT 7, Phoenix, AZ 85032, USA"
"Option One Plumbing","(602) 252-4240","plumber","4.7","514","https://www.optiononeplumbing.com/locations/phoenix-plumber?utm_source=Google%20Maps&utm_medium=Maps&utm_campaign=AZ%20MAPS&utm_term=drain%20cleaning&utm_content=AZ%20Maps%20-%20Organic","3826 E Illini St, Phoenix, AZ 85040, USA"
"Bruce's Air Conditioning","(602) 824-8919","hvac-engineer","4.8","513","https://brucesac.com/?utm_source=gbp&utm_medium=organic&utm_campaign=gbpprofile&utm_content=web-cta&utm_term=chandler-az","650 S 79th St, Chandler, AZ 85226, USA"
"Roto-Rooter Plumbing & Water Cleanup","(480) 428-6335","plumber","4.8","511","https://www.rotorooter.com/scottsdaleaz/?utm_source=Google&utm_medium=organic&utm_campaign=gmb&utm_content=website","7720 E Evans Rd Ste 104C, Scottsdale, AZ 85260, USA"
"AZ Desert Locksmith LLC","(480) 204-1658","locksmith","4.9","505","https://www.azdesertlocksmith.com/","222 E Fremont Dr, Tempe, AZ 85282, USA"
"Autocare Air Conditioning & Auto Repair","(602) 569-0871","hvac-engineer","4.9","503","http://www.autocareacandbrakeinc.com/","4223 E Bell Rd, Phoenix, AZ 85032, USA"
"Mountainside Air Conditioning Repair","(480) 914-3425","hvac-engineer","5","503","https://mountainsideair.com/ac-repair-phoenix-az/?utm_campaign=gmb","2501 W Behrend Dr suite b-27, Phoenix, AZ 85027, USA"
"Cactus Valley Electrical","(602) 781-2097","electrician","4.9","496","http://www.cactusvalleyelectrical.com/","1710 E Germann Rd #14A, Chandler, AZ 85286, USA"
"ACME Locksmith - Scottsdale Shop and Service","(480) 951-1971","locksmith","4.9","490","https://www.acmelocksmith.com/locksmith-scottsdale-az/?utm_source=GMB&utm_medium=Organic&utm_campaign=GMB+Scottsdale","7118 E Sahuaro Dr Ste A, Scottsdale, AZ 85254, USA"
"Locksmith Near Me, LLC","(480) 418-7560","locksmith","4.8","488","http://locksmith-near-me-mesa-arizona.com/","1855 E Southern Ave Suite #214, Mesa, AZ 85204, USA"
"Clear Air Conditioning and Heating","(623) 516-8373","hvac-engineer","4.9","484","http://clearairaz.com/","21410 N 15th Ln Suite 100, Phoenix, AZ 85027, USA"
"NexLvl Services","(602) 439-4771","gas-engineer","4.9","483","http://nexlvlservices.com/","1841 S Horne, Mesa, AZ 85204, USA"
"Sure Lock & Key","(480) 771-2154","locksmith","4.7","477","https://surelockkey.com/az/locksmith-scottsdale/","15333 Hayden Rd #2242, Scottsdale, AZ 85260, USA"
"ACME Locksmith - Phoenix Shop and Service","(602) 422-9879","locksmith","4.9","476","https://www.acmelocksmith.com/?utm_source=GMB&utm_medium=Organic&utm_campaign=GMB+Phoenix","4143 N 16th St #3, Phoenix, AZ 85016, USA"
"Turn It On Electric","(602) 962-7299","electrician","4.6","471","https://turnitonelectric.com/?utm_campaign=gmb","1745 W Deer Valley Rd Ste 110, Phoenix, AZ 85027, USA"
"Flush King Plumbing","(602) 644-1950","plumber","4.8","467","https://flushking.com/","6619 N Scottsdale Rd, Scottsdale, AZ 85250, USA"
"Collins Commercial Services","(844) 462-6554","plumber","4.8","466","https://collins-cs.com/?utm_source=gbp&utm_medium=local&utm_campaign=arizona&utm_id=organic","16413 N 91st St Suite C150, Scottsdale, AZ 85260, USA"
"MVP Plumbing","(480) 868-6722","plumber","4.8","461","http://www.mvpplumbingpro.net/","3215 N Arizona Ave Suite 7, Chandler, AZ 85225, USA"
"Arid Valley Plumbing","(480) 485-2832","plumber","5","455","https://aridvalleyaz.com/plumber-in-tempe-az/?utm_source=google&utm_medium=gmb-tempe","2114 E 5th St, Tempe, AZ 85288, USA"
"NES Electrical Services","(480) 474-7857","electrician","5","449","https://neselectricalservices.com/","659 S Oracle, Mesa, AZ 85204, USA"
"Locksmith Guru LLC","(480) 781-4472","locksmith","4.9","445","https://www.locksmithguruaz.com/tempe-az/","405 W Southern Ave #115, Tempe, AZ 85282, USA"
"Mr. Handyman of Scottsdale","(602) 632-0877","electrician","4.9","445","https://www.mrhandyman.com/scottsdale/?cid=LSTL_MHM000197&utm_source=gmb&utm_campaign=local&utm_medium=organic","7678 E Greenway Rd Ste 102, Scottsdale, AZ 85260, USA"
"Aire Serv of East Valley","(480) 630-3261","hvac-engineer","4.9","437","https://www.aireserv.com/east-valley/?cid=LSTL_ASV-US000187&utm_source=gmb&utm_campaign=local&utm_medium=organic","1138 S Wilbur #104, Mesa, AZ 85210, USA"
"Froggy Fix LLC","(480) 933-3764","plumber","5","437","https://froggyfix.com/","190 E Corporate Pl #2, Chandler, AZ 85225, USA"
"American Home Water and Air","(602) 698-4431","hvac-engineer","4.9","436","https://americanhomewater.com/","4600 E Washington St # 300, Phoenix, AZ 85034, USA"
"Absolute Refrigerants, Wholesale Refrigerants, HVAC Supply","(480) 681-1462","hvac-engineer","5","435","https://absoluterefrigerants.com/?utm_medium=organic&utm_source=gmb&utm_campaign=mainar","7607 E Greenway Rd #700, Scottsdale, AZ 85260, USA"
"Castle Electrical & Lighting","(480) 570-8014","electrician","5","432","https://www.castleaz.com/?utm_source=gbp&utm_medium=organic","8361 E Evans Rd # 106, Scottsdale, AZ 85260, USA"
"Champion Air","(480) 748-4000","hvac-engineer","4.9","428","https://championair.com/service-area/phoenix/?utm_source=GMBlisting&utm_medium=referral","2025 W Rose Garden Ln, Phoenix, AZ 85027, USA"
"Efficiency Heating & Cooling LLC","(480) 331-8904","gas-engineer","4.9","428","https://effmech.com/","12247 S Gilbert Rd, Gilbert, AZ 85296, USA"
"Picky-locksmith","(480) 876-9766","locksmith","4.8","425","https://www.picky-locksmith.com/","522 E Cheery Lynn Rd, Phoenix, AZ 85012, USA"
"Premier Plumbing And Rooter","(480) 875-3855","plumber","5","423","https://premierplumbingandrooteraz.com/","929 N Val Vista Dr #114, Gilbert, AZ 85234, USA"
"Mario's Locksmith","(602) 696-2130","locksmith","4.9","416","","6719 W Thomas Rd a3, Phoenix, AZ 85033, USA"
"SG Mechanical Air, LLC","(623) 777-9577","hvac-engineer","4.9","411","https://www.sgmechanicalair.com/","3446 N 29th Ave, Phoenix, AZ 85017, USA"
"Aire Serv of Red Mountain","(480) 428-8498","hvac-engineer","4.9","411","https://www.aireserv.com/red-mountain/?cid=LSTL_ASV-US000187&utm_source=gmb&utm_campaign=local&utm_medium=organic","2160 E Brown Rd Ste 1, Mesa, AZ 85213, USA"
"Clark Heating and Cooling","(602) 793-2477","hvac-engineer","4.9","408","http://www.clarkheatandcool.com/","14050 N 83rd Ave Suite 290, Peoria, AZ 85381, USA"
"Shamrock Heating & Cooling","(602) 560-8689","hvac-engineer","4.8","406","https://shamrockheatingandcooling.com/?utm_source=gbp&utm_medium=organic","5005 S Ash Ave # A-21, Tempe, AZ 85282, USA"
"Scottsdale Locksmithing","(480) 823-4544","locksmith","4.8","404","https://www.scottsdalelocksmithing.com/","4381 N 75th St #201, Scottsdale, AZ 85251, USA"
"One Stop Heating and Cooling ‐ Master Mechanical","(623) 688-6556","hvac-engineer","5","403","http://onestopheatingandcooling.us/","2201 W Melinda Ln #1, Phoenix, AZ 85027, USA"
"Alex & Bros Plumbing","(480) 349-5386","plumber","5","397","https://www.alexandbrosplumbing.com/","7162 W Rue De Lamour, Peoria, AZ 85381, USA"
"Savage Air Conditioning","(480) 916-4313","hvac-engineer","5","396","https://savageac.com/","2315 W Fairmont Dr, Tempe, AZ 85282, USA"
"Expert HVAC Services Inc","(623) 594-2488","hvac-engineer","4.9","384","https://www.experthvacservices.com/","23650 N 35th Dr #120, Glendale, AZ 85310, USA"
"Spartan Plumbing Solutions LLC","(602) 366-9077","plumber","4.9","383","http://spartanplumbingsolutions.com/","500 N Estrella Pkwy Suite B2-173, Goodyear, AZ 85338, USA"
"Semper Fi Heating and Cooling","(602) 362-8592","hvac-engineer","4.9","383","https://www.semperfiheatingcooling.com/heating-cooling-phoenix-az/?utm_source=GBPNorthPHX","536 E Dunlap Ave ste 6, Phoenix, AZ 85020, USA"
"Accurate Air","(480) 894-2998","hvac-engineer","5","380","https://accurateairac.com/","1321 E Weber Dr, Tempe, AZ 85288, USA"
"Superior Heating and Air Conditioning","(602) 610-7638","hvac-engineer","4.9","378","http://www.shac.co/","995 S Hamilton St, Chandler, AZ 85225, USA"
"Diamondback Lock and Key of Mesa","(480) 887-4267","locksmith","4.9","377","https://diamondbacklockandkey.com/mesa","1616 E Main St #123, Mesa, AZ 85203, USA"
"Scottsdale Air Heating & Cooling","(602) 834-2160","hvac-engineer","4.9","376","https://scottsdaleair.com/?utm_source=google&utm_medium=gmb&utm_campaign=SDA_ORG_EVER_A_GBP_PHOENIX","4747 E Thomas Rd STE F, Phoenix, AZ 85018, USA"
"Bolt Electric","(602) 566-9503","electrician","4.9","375","http://www.boltelectricaz.com/","145 E Comstock Dr #2, Chandler, AZ 85225, USA"
"Allegiance Water Services","(480) 530-7070","plumber","5","372","https://www.allegiancewater.com/","8240 E Gelding Dr, Scottsdale, AZ 85260, USA"
"American Home Water and Air","(602) 698-4432","hvac-engineer","4.9","363","https://americanhomewater.com/service-areas/scottsdale-hvac/","16427 N Scottsdale Rd Suite 410, Scottsdale, AZ 85254, USA"
"Ace Locksmith","(623) 777-4399","locksmith","4.8","361","https://ace-locksmith.net/areas-served/locksmith-in-sun-city-az","10404 W Coggins Dr #105, Sun City, AZ 85351, USA"
"Advanced Lock Service®","(602) 336-8670","locksmith","4.8","360","https://advancedlockservice.com/","2329 W Glendale Ave # 3, Phoenix, AZ 85021, USA"
"West Phoenix Locksmith","(623) 258-4648","locksmith","4.7","357","https://westphoenix-locksmith.com/","7850 W McDowell Rd, Phoenix, AZ 85035, USA"
"Batteries Plus","(623) 536-0022","locksmith","4.5","357","https://www.batteriesplus.com/store-locator/az/avondale/batteries-plus-979?utm_source=gmb&utm_medium=local&utm_campaign=bpb&storecode=979","1809 N Dysart Rd Suite 104, Avondale, AZ 85392, USA"
"My AZ Electrician LLC","(623) 363-5648","electrician","4.9","354","https://myazelectrician.com/","7558 W Thunderbird Rd Suite 1-421, Peoria, AZ 85381, USA"
"Viking Heating and Air Conditioning","(480) 689-5167","hvac-engineer","4.9","349","https://www.viking-hvac.com/","3225 N Arizona Ave Ste. C12, Chandler, AZ 85225, USA"
"All Time Plumbing and Drains","(480) 351-5408","plumber","4.9","349","https://www.alltimeplumbinganddrains.com/?utm_campaign=gmb","2309 E Main St, Mesa, AZ 85213, USA"
"Discount Locksmith LLC","(480) 372-8854","locksmith","4.9","348","","2308 N Horne, Mesa, AZ 85203, USA"
"Cure All Plumbing","(480) 895-5858","plumber","4.9","347","https://www.cureallplumbing.com/?utm_source=gmb&utm_medium=organic&utm_campaign=gmb-listing","75 W Baseline Rd Suite 30, Gilbert, AZ 85233, USA"
"First Plumbing Services","(480) 542-2520","plumber","4.4","339","https://firstplumbingservices.com/","1000 N Hamilton St UNIT 6, Chandler, AZ 85225, USA"
"TSC Air","(480) 460-1487","hvac-engineer","4.9","339","http://www.tscair.com/","1022 W 23rd St, Tempe, AZ 85282, USA"
"Ellsworth Air Conditioning and Home Services - Gilbert","(480) 593-2265","hvac-engineer","4.8","338","https://ellsworthhomeservices.com/","700 N Neely St # 1, Gilbert, AZ 85233, USA"
"Redline Electric & Solar","(480) 470-3058","electrician","4.9","337","https://www.iamredline.com/","125 W Gemini Dr Suite E-19, Tempe, AZ 85283, USA"
"Arizona TradeMasters","(602) 324-1840","hvac-engineer","4.6","337","https://www.aztrademasters.com/","9417 N 11th Ave, Phoenix, AZ 85021, USA"
"KwikPick Lock and Safe","(623) 300-1889","locksmith","5","337","https://www.kwikpicklockandsafe.com/","9867 W Bell Rd, Sun City, AZ 85351, USA"
"The AC Team","(602) 200-8326","hvac-engineer","5","334","https://www.theacteam.com/","5237 W Montebello Ave unit C-13, Glendale, AZ 85301, USA"
"Macho Contracting","(602) 857-2939","plumber","5","333","https://www.machocontracting.com/","6424 E Greenway Pkwy #100, Scottsdale, AZ 85254, USA"
"Shon the Locksmith","(602) 596-6565","locksmith","4.9","327","https://shonthelocksmith.com/","4700 N 16th St, Phoenix, AZ 85016, USA"
"Old Glory Locksmith","(602) 696-0763","locksmith","5","326","https://oldglorylocksmith.com/","6751 N Sunset Blvd Suite 320, Glendale, AZ 85305, USA"
"AZ Locksmith Services","(480) 378-2577","locksmith","4.9","326","https://azlocksmithservices.com/","3950 W Chandler Blvd Unit 2019, Chandler, AZ 85226, USA"
"Just Air LLC","(602) 595-8544","hvac-engineer","4.8","326","http://justairllc.com/","15211 N Cave Creek Rd suite E, Phoenix, AZ 85032, USA"
"Jiffy Lube","(480) 460-6268","hvac-engineer","4.7","325","https://www.jiffylube.com/locations/az/phoenix/3386","15422 S Marketplace NE, Phoenix, AZ 85048, USA"
"Budget Locksmith and Lockouts of Glendale Arizona","(623) 244-5667","locksmith","4.8","319","","6006 N 83rd Ave #202, Glendale, AZ 85303, USA"
"One Hour Heating & Air Conditioning","(602) 638-2884","hvac-engineer","5","316","https://www.onehourheatandair.com/west-valley/?utm_source=gbp&utm_medium=organic&utm_campaign=645787_-OH0906-","9831 S 51st St Suite D133, Phoenix, AZ 85044, USA"
"Dodge Electric","(480) 210-6058","electrician","4.9","315","https://dodgeelectric.com/?utm_campaign=gmb","3215 N Arizona Ave Suite B12, Chandler, AZ 85225, USA"
"Compass Air","(480) 492-3606","hvac-engineer","5","311","https://azcompassair.com/","7741 E Gray Rd # 13, Scottsdale, AZ 85260, USA"
"Cerrajeria El Pariente","(602) 299-3939","locksmith","3.9","310","http://www.cerrajeriaenphoenix.com/","2930 N 71st Ave, Phoenix, AZ 85033, USA"
"Rooter Ranger","(623) 469-5841","plumber","4.9","307","https://www.rooterranger.com/service-areas/arizona/sun-city/?utm_source=google&utm_medium=GBP","9849 W Bell Rd, Sun City, AZ 85351, USA"
"Edwards Plumbing LLC","(480) 689-1452","plumber","4.7","305","https://edwardsplumbingllc.com/?utm_source=GMB&utm_medium=organic&utm_campaign=gmb","4032 E Tanglewood Dr, Phoenix, AZ 85048, USA"
"Schiller Heating & Cooling, Inc.","(480) 961-4920","hvac-engineer","4.9","304","https://schillerair.com/","125 W Gemini Dr Suite E15A, Tempe, AZ 85283, USA"
"Lincoln Air & Plumbing","(623) 294-8185","hvac-engineer","4.9","304","https://lincolnair.com/?utm_campaign=gmb","2805 W Larkspur Dr, Phoenix, AZ 85029, USA"
"Harmon's Safe Lock and Key","(480) 834-9431","locksmith","4.7","302","https://harmonslockandkey.com/","905 E Main St, Mesa, AZ 85203, USA"
"Mesa Plumbing Co","(480) 418-1225","plumber","4.7","302","https://www.mesaplumbingcompany.com/","441 E Broadway Rd, Mesa, AZ 85204, USA"
"Super Electric","(602) 904-6842","electrician","4.6","302","","4640 E McDowell Rd, Phoenix, AZ 85008, USA"
"Weather Masters","(480) 832-9659","hvac-engineer","4.8","301","https://www.weather-masters.com/","155 E Broadway Rd, Mesa, AZ 85210, USA"
"Springs Plumbing","(480) 265-6936","plumber","5","301","https://www.springsplumbingaz.com/plumber-phoenix-az","19029 N 41st Pl, Phoenix, AZ 85050, USA"
"Flo Pro Plumbing & Drain","(480) 933-2422","plumber","5","300","https://www.floproplumbingaz.com/?utm_campaign=gmb","1910 S Stapley Dr, Mesa, AZ 85204, USA"
"State 48 Home Services","(623) 236-5086","hvac-engineer","5","298","https://www.greatstate48.com/?utm_source=GMB&utm_medium=organic","9299 W Olive Ave #613, Peoria, AZ 85345, USA"
"Moore Air LLC","(602) 799-2847","hvac-engineer","4.7","297","http://www.getmooreair.com/","13413 W Marlette Ct, Litchfield Park, AZ 85340, USA"
"Affordable Plumbing, Rooter and Water Heaters","(480) 613-5307","plumber","4.9","296","https://www.affordableplumbingaz.com/?utm_source=google&utm_medium=gbp-32","16042 N 32nd St Suite C-3, Phoenix, AZ 85032, USA"
"Pennington Locksmith Company","(480) 497-4500","locksmith","4.8","295","http://penningtonlock.com/","235 E Warner Rd #103, Gilbert, AZ 85296, USA"
"Jiffy Locksmith","(480) 576-2254","locksmith","5","295","https://jiffy-locksmith.com/","443 E Meadows Ln, Gilbert, AZ 85234, USA"
"Somers Plumbers - Phoenix Plumbing Company","(480) 568-2596","plumber","5","287","https://www.somersplumbers.net/","14039 N 8th Pl, Phoenix, AZ 85022, USA"
"Empire Plumbing & HVAC","(602) 275-8400","hvac-engineer","4.8","287","http://www.empireplumbingac.com/","23335 N 18th Dr #118, Phoenix, AZ 85027, USA"
"Bob Brown Service Experts","(623) 979-8422","hvac-engineer","4.6","285","https://www.bobbrownserviceexperts.com/","2922 S Roosevelt St, Tempe, AZ 85282, USA"
"Hicken Air","(480) 686-1919","hvac-engineer","4.7","284","https://www.hickenair.com/?utm_source=google&utm_medium=organic&utm_campaign=GMBListing-Gilbert-AZ","971 N Gilbert Rd #203, Gilbert, AZ 85234, USA"
"Martin Air HVAC","(480) 500-7393","hvac-engineer","4.9","283","https://www.martinairhvac.com/","431 S Stapley Dr #28, Mesa, AZ 85204, USA"
"Armstrong Plumbing","(602) 962-0888","plumber","5","282","https://armstrong-plumbing.com/?utm_source=google&utm_medium=GBP","4420 W Creedance Blvd, Glendale, AZ 85310, USA"
"Alcatraz Locksmith","(602) 677-5045","locksmith","4.9","278","http://www.alcatrazlock.com/","17627 N 4th St, Phoenix, AZ 85022, USA"
"Heath's Air LLC","(480) 470-7777","hvac-engineer","4.9","272","https://www.heathsair.com/?utm_source=gmb&utm_medium=organic&utm_campaign=tmg","555 W 2nd Ave B2, Mesa, AZ 85210, USA"
"Ken Muncy Air Conditioning","(480) 926-0566","hvac-engineer","5","272","http://kenmuncy.com/","450 E Warner Rd Ste 6, Chandler, AZ 85225, USA"
"All Aloha Plumbing Phoenix","(480) 447-8153","plumber","4.8","271","https://www.callallaloha.com/phoenix/?utm_source=google&utm_medium=gbp&utm_campaign=Tempe","1615 W University Dr STE 131, Tempe, AZ 85281, USA"
"Cactus Plumbing And Air","(480) 418-9912","plumber","4.9","271","https://cactusplumbingandair.com/scottsdale-plumber-and-ac-repair/?utm_source=gmb&utm_medium=scottsdale","6730 E McDowell Rd #129, Scottsdale, AZ 85257, USA"
"Wolff Mechanical","(480) 968-8208","hvac-engineer","4.7","265","https://www.azairconditioning.com/","1701 S Indian Bend Rd Suite 101, Tempe, AZ 85288, USA"
"M&P Locksmith","(480) 887-8656","locksmith","5","264","https://mnplocksmith.com/","2350 S Davis Cir, Mesa, AZ 85210, USA"
"Alaskan Air Conditioning & Heating","(480) 999-9901","hvac-engineer","5","264","https://www.alaskanac.com/phoenix-az/service-area/scottsdale/","9590 E Ironwood Square Dr Ste 230-E, Scottsdale, AZ 85258, USA"
"Second Opinion Plumbing","(480) 448-1126","plumber","4.9","261","https://secondopinionplumbingaz.com/?utm_source=GMB&utm_medium=local","410 E Scott Ave, Gilbert, AZ 85234, USA"
"Dolce Electric Co","(480) 434-0777","electrician","4.9","259","https://electriciansmesaaz.com/","625 W Southern Ave #E239, Mesa, AZ 85210, USA"
"Locksmith Bros LLC","(602) 600-0850","locksmith","4.9","258","http://locksmithbros.com/","17505 N 79th Ave Suite #304E, Glendale, AZ 85308, USA"
"Benjamin Franklin Plumbing","(480) 480-8828","plumber","4.9","258","https://www.benjaminfranklinplumbing.com/gilbert/?utm_source=gbp&utm_medium=organic&utm_campaign=638239_-BF0637-","1545 N McQueen Rd suite 102, Gilbert, AZ 85233, USA"
"Good Times Plumbing & Restoration","(602) 313-1869","plumber","4.9","256","https://goodtimesrestoration.com/","3454 N San Marcos Pl Unit D-12, Chandler, AZ 85225, USA"
"Felix Appliance Heating & Air","(480) 744-0731","hvac-engineer","4.9","256","https://felixappliancerepair.net/","1535 N Horne #31, Mesa, AZ 85203, USA"
"Sun Valley Electrical","(480) 500-8389","electrician","4.9","255","http://sunvalleyelectricalllc.com/","4832 W Purdue Ave, Glendale, AZ 85302, USA"
"PlumbSmart Plumbing Heating and Air","(623) 250-2238","plumber","5","254","https://itsjustplumbsmart.com/","2550 W Union Hills Dr Suite 350-364, Phoenix, AZ 85027, USA"
"Merit Plumbing Services","(623) 526-6511","plumber","4.9","253","http://meritplumbingservices.com/","2200 N Scottsdale Rd suite o, Scottsdale, AZ 85257, USA"
"Patriotic Plumbing And Rooter","(602) 755-9373","plumber","4.9","252","https://patrioticplumbingandrooter.com/?utm_source=local&utm_medium=organic&utm_campaign=gbp","8550 N 91st Ave #11, Peoria, AZ 85345, USA"
"Cactus Plumbing And Air","(623) 323-7599","plumber","4.9","252","https://cactusplumbingandair.com/chandler-plumber-and-ac-repair/?utm_source=gmb&utm_medium=chandler","333 N Dobson Rd Suite 5 - 127, Chandler, AZ 85224, USA"
"Cooper Climate Control","(480) 460-7417","hvac-engineer","5","246","http://cooperclimatecontrol.com/","170 S William Dillard Dr Ste. 110, Gilbert, AZ 85233, USA"
"AHR Mechanical Services","(480) 991-2353","hvac-engineer","4.9","245","http://www.ahrmechanical.com/","2009 E 5th St #9, Tempe, AZ 85288, USA"
"Hendel's Air Conditioning Inc.","(480) 813-1700","hvac-engineer","4.5","241","https://www.hendels.com/","3434 N Arizona Ave, Chandler, AZ 85225, USA"
"Cactus Plumbing And Air","(480) 608-9942","plumber","4.8","241","https://cactusplumbingandair.com/tempe/","425 S McClintock Dr #6, Tempe, AZ 85288, USA"
"Xpress Automotive","(480) 460-2400","hvac-engineer","4.7","240","http://www.xpressautorepair.com/","15629 S Desert Foothills Pkwy, Phoenix, AZ 85048, USA"
"ON Services Mechanical, Electrical, Plumbing, & HVAC","(480) 326-6959","plumber","4.6","239","https://onservicesllc.com/?utm_source=google&utm_medium=organic&utm_campaign=gbp-website","633 W 2nd Ave, Mesa, AZ 85210, USA"
"Apple Plumbing Services","(480) 664-8098","plumber","4.7","239","https://www.appleplumbingaz.com/","15207 N 75th St #111, Scottsdale, AZ 85260, USA"
"BLUE Electric","(480) 576-5428","electrician","5","238","https://blueelectricaz.com/?utm_source=google&utm_medium=organic&utm_campaign=GBP","955 E Javelina Ave, Mesa, AZ 85204, USA"
"Falcon Air Conditioning","(480) 813-3613","hvac-engineer","4.9","232","https://www.gofalconair.com/","320 E 10th Dr Suite F, Mesa, AZ 85210, USA"
"AC Works","(602) 780-3077","hvac-engineer","5","231","https://acworksaz.com/","9605 N Cave Creek Rd, Phoenix, AZ 85020, USA"
"William's Air Conditioning & Heating","(623) 250-2910","hvac-engineer","4.8","229","http://www.williamsairandheating.com/","15359 W Morning Glory St, Goodyear, AZ 85338, USA"
"Now Plumbing","(480) 802-2775","plumber","4.7","227","https://nowplumbing.net/","3050 S Country Club Dr, Mesa, AZ 85210, USA"
"Vessel Home Services LLC","(480) 890-0848","hvac-engineer","4.9","227","https://www.vesselhomeservices.com/","1832 S MacDonald Ste 104, Mesa, AZ 85210, USA"
"Cactus Plumbing And Air","(480) 933-7732","plumber","4.9","227","https://cactusplumbingandair.com/gilbert-plumber-and-ac-repair/?utm_source=gmb&utm_medium=gilbert","1111 N Gilbert Rd Suite# 210-B, Gilbert, AZ 85234, USA"
"Legendary Energy","(602) 266-9566","hvac-engineer","5","226","http://legendaryenergyaz.com/","7600 N 15th St Suite 150, Phoenix, AZ 85020, USA"
"Cactus Plumbing And Air","(623) 294-8853","plumber","4.9","224","https://cactusplumbingandair.com/sun-city-az/","12630 N 103rd Ave # 214, Sun City, AZ 85351, USA"
"Promise Heating & Air","(602) 363-0230","hvac-engineer","5","224","http://promiseheatingandair.com/?utm_campaign=gmb","2010 N 22nd Ave, Phoenix, AZ 85009, USA"
"Alien Air Conditioning and Heating llc","(602) 824-9494","hvac-engineer","4.9","223","https://www.alienairconditioning.com/","7235 N 30th Ln, Phoenix, AZ 85051, USA"
"Neighborhood Plumber & Drain Service","(602) 755-9098","plumber","5","222","https://azneighborhoodplumber.com/scottsdale-affordable-plumber-experts","1324 N 85th PL, Scottsdale, AZ 85257, USA"
"Emergency Master Plumbing & Air LLC","(623) 584-4706","plumber","4.9","219","https://emergencymasterplumbingair.com/","2118 W Julie Cir, Phoenix, AZ 85027, USA"
"City Wide Plumbing & Service Co.","(480) 966-8795","plumber","4.9","219","https://citywideplumbingaz.com/","401 W Orion St, Tempe, AZ 85283, USA"
"Brocard Air Conditioning & Heating®","(602) 892-5559","hvac-engineer","4.9","219","https://brocardac.com/","7021 W Augusta Ave #108, Glendale, AZ 85303, USA"
"Reliant Plumbing & Rooter","(602) 888-7060","plumber","5","215","https://reliantplumbingandrooter.com/?utm_source=GBPlisting&utm_medium=organic","2820 N 36th St, Phoenix, AZ 85008, USA"
"Mobile Locks Unlimited - Glendale AZ Locksmith","(602) 475-4030","locksmith","4.9","213","http://mobilelocksunlimited.com/","7892 W Windsor Blvd, Glendale, AZ 85303, USA"
"4HIM Cooling & Heating","(623) 294-1512","hvac-engineer","4.9","213","https://www.4himcooling.com/?utm_campaign=gmb","9013 N 24th Ave Suite 6, Phoenix, AZ 85021, USA"
"Superstition Plumbing","(480) 566-9316","plumber","4.9","212","https://www.superstitionplumbing.com/?utm_campaign=gmb","501 W 8th Ave #17, Mesa, AZ 85210, USA"
"All Area A/C & Heating","(602) 718-9363","hvac-engineer","5","210","https://allareaacandheating.com/","7109 S 19th Dr, Phoenix, AZ 85041, USA"
"Firefly Electric and Solar","(480) 329-8483","electrician","4.9","210","https://fireflyelectricaz.com/?utm_source=google&utm_medium=organic&utm_campaign=gbp","300 N Pasadena St # 102, Gilbert, AZ 85233, USA"
"Plomero en Phoenix","(623) 294-1807","drain-specialist","4.8","208","https://www.miplomeroenphoenix.com/?utm_campaign=gmb","21644 N 14th Ave # C2, Phoenix, AZ 85027, USA"
"Metro Lock and Safe LLC","(602) 993-5676","locksmith","4.6","207","https://metrolockandsafe.com/","10209 N 35th Ave #127, Phoenix, AZ 85051, USA"
"Arid Valley Plumbing LLC","(480) 485-2994","plumber","4.6","207","https://aridvalleyaz.com/plumber-in-gilbert-az/","511 W Guadalupe Rd #5, Gilbert, AZ 85233, USA"
"Mario Bros Heating & Cooling","(623) 606-4647","hvac-engineer","5","202","http://www.mariobroshvac.com/","1705 117th Dr, Avondale, AZ 85323, USA"
"Cactus Plumbing And Air","(480) 906-3884","plumber","4.9","201","https://cactusplumbingandair.com/phoenix/","14819 N Cave Creek Rd Unit 1, Phoenix, AZ 85032, USA"
"Rabago Electric LLC","(602) 810-2552","electrician","5","200","http://www.rabagoelectric.com/","24440 S. 122nd St, Chandler, AZ 85249, USA"
"Lee Collins Air Conditioning","(602) 944-1571","hvac-engineer","4.7","200","http://leecollinsac.com/","8927 N 2nd Way, Phoenix, AZ 85020, USA"
"Pineapple Air Heating & Cooling","(480) 310-0240","hvac-engineer","5","200","http://pineappleairaz.com/","725 W Commerce Ave #112, Gilbert, AZ 85233, USA"
"Anderson Lock and Safe - Arcadia Locksmith","(602) 805-6916","locksmith","4.7","199","https://andersonlockandsafe.com/","2316 N 32nd St, Phoenix, AZ 85008, USA"
"Affordable Comfort LLC","(602) 574-1205","hvac-engineer","4.2","198","https://www.affordablecomfortaz.com/","18402 N 19th Ave, Phoenix, AZ 85023, USA"
"PHX Locksmith Pros","(602) 529-6678","locksmith","5","196","https://www.phoenixlocksmithpros.net/","4615 N 14th St Unit A, Phoenix, AZ 85014, USA"
"Oasis Air AZ","(480) 485-5630","hvac-engineer","4.7","196","https://www.oasisairaz.com/","3550 N Goldwater Blvd, Scottsdale, AZ 85251, USA"
"Star Light Electric LLC","(602) 545-6800","electrician","5","193","https://starlightelectricaz.com/","1928 E Rosemonte Dr, Phoenix, AZ 85024, USA"
"Total Care Heating & Cooling LLC","(602) 550-0722","hvac-engineer","5","191","http://totalcareheatingandcoolingaz.com/","8617 W Salter Dr, Peoria, AZ 85382, USA"
"All Season Plumbing And Air","(623) 462-0357","hvac-engineer","5","190","https://allseasonsplumbingandair.com/tempe/?utm_source=gmb&utm_medium=tempe","405 W Southern Ave Unit 1-105, Tempe, AZ 85282, USA"
"Travis & Sons Plumbing & Rooter","(480) 568-2309","plumber","4.8","189","https://www.travisandsonsplumbing.com/?utm_source=google&utm_medium=organic&utm_campaign=gmb-gilbert&utm_content=listing","1324 N Farrell Ct suite 109 office 6, Gilbert, AZ 85233, USA"
"Gold Star Plumbing & Drain","(480) 372-9583","plumber","5","188","https://goldstarplumbingaz.com/?utm_source=google&utm_medium=gbp&utm_campaign=tempe","3010 S Potter Dr, Tempe, AZ 85282, USA"
"Pink Plumbing and Sewer","(602) 562-5290","plumber","4.9","188","http://www.pinkplumbingandsewer.com/","2375 E Camelback Rd #600, Phoenix, AZ 85016, USA"
"Iceman Cooling and Heating","(480) 466-4921","hvac-engineer","4","187","","7721 E Gray Rd unit 201, Scottsdale, AZ 85260, USA"
"Mr. Sunshine Plumbing and Drain","(602) 705-9918","plumber","4.9","186","https://www.mrsunshineaz.com/","216 W Southern Ave, Mesa, AZ 85210, USA"
"Ready Rooter and Plumbing Solutions","(602) 762-6936","plumber","5","186","http://www.readyrooterphx.com/","600 S 56th St #13, Chandler, AZ 85226, USA"
"Saguaro Plumbing And Air","(623) 343-4953","plumber","5","185","https://saguaroplumbingandair.com/tempe/","5024 S Ash Ave Unit 107, Tempe, AZ 85282, USA"
"Cactus Plumbing And Air","(623) 257-5117","plumber","4.9","184","https://cactusplumbingandair.com/glendale-plumber-and-ac-repair/?utm_source=gmb&utm_medium=glendale","5008 W Glendale Ave Unit 105, Glendale, AZ 85301, USA"
"Affordable Plumbing, Rooter and Water Heaters","(480) 841-9085","plumber","4.9","183","https://www.affordableplumbingaz.com/?utm_source=google&utm_medium=gbp-24","2942 N 24th St Suite 12, Phoenix, AZ 85016, USA"
"All Drains Emergency Plumbing","(602) 369-0958","plumber","5","183","http://alldrainsemergencyplumbing.com/","15826 N 64th Dr, Glendale, AZ 85306, USA"
"HilCo Air Conditioning & Heating","(623) 972-5195","hvac-engineer","5","182","http://www.hilcoac.com/","11780 N 91st Ave Suite 1, Peoria, AZ 85345, USA"
"Gideon Service Company","(480) 916-0842","electrician","5","178","https://www.gideonservicecompany.com/","2942 N 24th St #201, Phoenix, AZ 85016, USA"
"Integrity Services","(480) 808-2551","hvac-engineer","4.8","177","https://integrityservicesaz.com/","16025 S 50th St, Phoenix, AZ 85048, USA"
"Kendall Plumbing & Rooter","(480) 969-1040","plumber","4.9","177","http://www.kendallplumbingandrooter.com/","123 N Centennial Way suite 146, Mesa, AZ 85201, USA"
"Phoenix Electricians Today","(623) 209-5244","electrician","4.8","176","https://www.phoenixelectricianstoday.com/","23309 N 17th Dr #120, Phoenix, AZ 85027, USA"
"One Shot Installation Electrical, Plumbing & Appliance Repair-Electrician & Plumber Phoenix, AZ.","(602) 791-5659","plumber","4.9","176","http://www.oneshotinstallation.com/","12370 N 83rd Ave, Peoria, AZ 85381, USA"
"Cooler Tymes LLC","(623) 206-6770","hvac-engineer","4.8","176","https://www.coolertymes.com/","14846 Luna Dr N, Litchfield Park, AZ 85340, USA"
"AZ Cars Locksmith","(602) 586-5999","locksmith","5","176","https://carslocksmith.com/","537 E Boca Raton Rd, Phoenix, AZ 85022, USA"
"Morehart Air Conditioning and Heating","(623) 738-4004","hvac-engineer","4.7","175","https://morehartac.com/?utm_source=google&utm_medium=organic&utm_campaign=GMB-Peoria-AZ","8853 N 78th Ave, Peoria, AZ 85345, USA"
"MAGMA HVAC","(602) 960-3949","hvac-engineer","4.6","175","https://magmahvac.com/","1855 W Greenway Rd, Phoenix, AZ 85023, USA"
"Rainforest Plumbing and Air","(480) 615-1510","plumber","4.9","175","https://rainforestplumbingandair.com/heating/heater-repair-in-phoenix-az/?utm_campaign=gmb","19820 N 7th St Suite 230-204, Phoenix, AZ 85024, USA"
"Bob's Locks & Safes","(480) 834-4393","locksmith","4.9","174","http://www.bobslocks.us/","1560 W Main St, Mesa, AZ 85201, USA"
"Manny's Air, LLC.","(602) 434-2002","hvac-engineer","4.2","171","http://www.mannysair.com/","39 S Country Club Dr, Mesa, AZ 85210, USA"
"Cactus Mechanical","(602) 866-1200","hvac-engineer","4.8","170","http://www.cactusmechanical.com/","2038 W Ironwood Dr, Phoenix, AZ 85021, USA"
"B1 Locksmith of Mesa","(480) 550-8811","locksmith","5","170","http://b1locksmith.com/mesa-locksmith","1819 S Dobson Rd UNIT 205, Mesa, AZ 85202, USA"
"El Indio AC Heating and Cooling","(623) 428-0230","hvac-engineer","4.7","170","https://www.elindioac.com/?utm_source=google&utm_medium=organic&utm_campaign=GMBListing-Tolleson-AZ","9109 W Baden St, Tolleson, AZ 85353, USA"
"Downtown Locksmith","(602) 253-6916","locksmith","4.7","169","https://downtownlocksmith.com/","137 W McDowell Rd, Phoenix, AZ 85003, USA"
"Six Star AC & Refrigeration","(602) 404-3444","hvac-engineer","5","167","https://sixstarac.com/","2432 W Peoria Ave #1098, Phoenix, AZ 85029, USA"
"Wahl Air Conditioning Inc.","(602) 242-2353","hvac-engineer","4.9","167","https://wahlair.com/","9802 N 91st Ave #104, Peoria, AZ 85345, USA"
"All Season Plumbing And Air","(623) 304-8128","hvac-engineer","5","166","https://allseasonsplumbingandair.com/scottsdale/?utm_source=gmb&utm_medium=scottsdale","3010 N 67th Pl suite#106, Scottsdale, AZ 85251, USA"
"Alan's Air","(602) 469-1824","hvac-engineer","4.9","166","https://www.alansairllc.com/","2451 W Birchwood Ave # 113, Mesa, AZ 85202, USA"
"Alliance Plumbing Service & Repair, LLC","(480) 633-3020","plumber","3.8","165","http://www.allianceplumbingaz.com/","2626 E Elwood St, Phoenix, AZ 85040, USA"
"All Around Electrical Services","(602) 540-4615","electrician","4.9","165","http://allaround-electrical.com/","12940 W Crittenden Ln, Avondale, AZ 85392, USA"
"Rooter Hero Plumbing & Air of Tempe","(480) 646-3888","plumber","4.8","164","https://rooterhero.com/plumber-tempe-az-plumbing-repair-service","60 E Rio Salado Pkwy Suite 900A, Tempe, AZ 85281, USA"
"Golden Key Locksmith","(480) 526-5873","locksmith","5","164","https://www.goldenkeylocksmithaz.com/","2200 W San Angelo St, Gilbert, AZ 85233, USA"
"Maximum Comfort Specialists LLC","(623) 544-0527","hvac-engineer","4.4","164","https://www.mcsofaz.net/","625 W Deer Valley Rd, Phoenix, AZ 85027, USA"
"Livewire Electrician LLC - Residential Electrical Services in Phoenix","(253) 414-2159","electrician","5","163","https://livewire-electrician.com/?y_source=1_NTA2NjE0NTgtNzE1LWxvY2F0aW9uLndlYnNpdGU=","4605 E Mountain Vista Dr, Phoenix, AZ 85048, USA"
"Nothing But Water Heaters","(480) 953-2328","plumber","5","163","http://nbwaterheaters.com/","1050 N Fairway Dr Suite h-109, Avondale, AZ 85323, USA"
"A-1 Locksmith & Security Center, Inc.","(480) 966-1423","locksmith","4.9","163","http://www.a1locksmith.com/","1707 E Weber Dr #1, Tempe, AZ 85288, USA"
"Zoom Drain Tempe","(602) 613-1114","drain-specialist","5","163","http://zoomdrain.com/phoenix","1705 W University Dr, Tempe, AZ 85281, USA"
"Aloha Air Conditioning and Plumbing","(480) 832-8192","hvac-engineer","4.8","160","http://www.aloha-ac.com/","236 W Mahoney Ave, Mesa, AZ 85210, USA"
"Accent Plumbing, Inc.","(602) 955-5050","plumber","4.7","159","https://www.accentplumbingaz.com/","2721 E Indian School Rd, Phoenix, AZ 85016, USA"
"American Cooling And Heating","(480) 699-2516","hvac-engineer","4.8","158","https://www.americancoolingandheating.com/","3651 E Baseline Rd E-111, Gilbert, AZ 85234, USA"
"Hotrod plumbing","(480) 210-9957","plumber","5","157","http://www.hotrod-plumbing.com/","2920 W Robin Ln, Phoenix, AZ 85027, USA"
"Blackstone Plumbing Heating & Air Conditioning","(602) 507-0222","hvac-engineer","4.8","157","https://www.blackstonehvacaz.com/","9915 W Bell Rd #448, Sun City, AZ 85351, USA"
"PriceMyAC.com","(480) 451-7022","hvac-engineer","5","155","https://pricemyac.com/","1909 E La Vieve Ln, Tempe, AZ 85284, USA"
"Flat Rate Locksmith Shop & Mobile","(623) 800-7854","locksmith","4.9","155","https://flatratelocksmithshopmobile.com/","6750 W Peoria Ave Suite 122, Peoria, AZ 85345, USA"
"America’s Home Services Of Chandler","(623) 286-3776","plumber","5","155","https://americahomeservicesllc.com/chandler-plumber-and-ac-repair/?utm_source=gmb&utm_medium=chandler","333 N Dobson Rd #5-104, Chandler, AZ 85224, USA"
"Flat Rate Locksmith Glendale AZ","(623) 900-7050","locksmith","4.9","155","https://flatratelocksmith.org/locksmith-glendale-az/","14049 N 48th Ave, Glendale, AZ 85306, USA"
"Sage Locksmith LLC","(602) 671-0362","locksmith","4.5","154","https://sagelocksmith.com/?utm_campaign=gmb","18413 N Cave Creek Rd, Phoenix, AZ 85032, USA"
"Grand Canyon Home Services","(623) 777-4880","electrician","5","154","https://grandcanyonac.com/youngtown-az/?utm_source=gmb&utm_medium=organic&utm_campaign=youngtown","11134 W Wisconsin Ave, Youngtown, AZ 85363, USA"
"Top Choice Electric","(480) 283-1000","electrician","4.8","153","https://topchoiceelectric.net/","100 S Hamilton St, Chandler, AZ 85225, USA"
"POP Plumbing LLC - Glendale","(602) 529-0025","plumber","5","152","http://popplumbing.co/","8355 W Midway Ave, Glendale, AZ 85305, USA"
"DeGeorge Plumbing & HVAC","(602) 274-0939","plumber","4.9","152","https://degeorgeplumbing.com/","20634 N 28th St STE 185, Phoenix, AZ 85050, USA"
"Innovation Air Conditioning and Heating","(623) 440-9222","hvac-engineer","4.8","151","http://www.innovationairconditioning.com/","5115 N Dysart Rd suite 202-419, Litchfield Park, AZ 85340, USA"
"Omnia Plumbing","(480) 772-8342","plumber","5","151","http://omniaplumbing.com/","5602 E Acoma Dr, Scottsdale, AZ 85254, USA"
"scottsdale locksmithing shop","(480) 770-6656","locksmith","5","150","http://www.scottsdale-locksmithing.com/","7802 E Gray Rd STE 300, Scottsdale, AZ 85260, USA"
"Cactus Plumbing And Air","(480) 933-7732","plumber","4.9","147","https://cactusplumbingandair.com/Avondale-plumber-and-ac-repair/","318 N Central Ave Unit 318, Avondale, AZ 85323, USA"
"Supreme Comfort LLC","(623) 294-2831","hvac-engineer","5","145","https://supremecomfortaz.com/","2900 E Adams St, Phoenix, AZ 85034, USA"
"Semper Fi Heating and Cooling","(623) 283-2272","hvac-engineer","4.9","145","https://www.semperfiheatingcooling.com/heating-cooling-phoenix-az/?utm_source=GBPSouthPHX","3726 W Roanoke Ave #4, Phoenix, AZ 85009, USA"
"Diamondback Locksmith of Peoria","(602) 898-1645","locksmith","5","145","https://diamondbacklockandkey.com/peoria/","7785 W Adam Ave, Peoria, AZ 85382, USA"
"CDL Mechanical","(623) 295-0396","hvac-engineer","4.9","145","https://www.cdlmechanical.com/?utm_source=google&utm_medium=organic&utm_campaign=GMBListing-Glendale-AZ","7280 N Glen Harbor Blvd #102, Glendale, AZ 85307, USA"
"Sure Lock & Security","(602) 510-1769","locksmith","4.8","144","https://surelocksmiths.com/","1811 E Apache Blvd, Tempe, AZ 85281, USA"
"Alicia Servicio Mecánico Automotriz & A/C","(602) 391-1131","hvac-engineer","4.7","143","","530 N 35th Ave, Phoenix, AZ 85009, USA"
"Arizona Keys Locksmith","(480) 941-7239","locksmith","5","143","https://arizonakeyslocksmith.com/","6930 E Pinchot Ave #6863, Scottsdale, AZ 85251, USA"
"Primos Locksmith","(602) 710-0007","locksmith","4.7","142","","3006w W McDowell Rd, Phoenix, AZ 85009, USA"
"Sav-On Plumbing","(623) 487-9500","plumber","4.8","140","https://sav-onplumbing.com/","7110 N 45th Ave, Glendale, AZ 85301, USA"
"All Season Plumbing And Air","(623) 292-7548","hvac-engineer","5","139","http://allseasonsplumbingandair.com/glendale","5008 W Glendale Ave Unit 115, Glendale, AZ 85301, USA"
"Grand Electric LLC","(480) 584-1780","electrician","4.9","138","https://grandelectricllc.com/","S Granada Dr, Tempe, AZ 85283, USA"
"Water Pros Plumbing","(480) 459-4424","plumber","5","137","https://waterprosplumbing.com/","757 N Golden Key St C, Gilbert, AZ 85233, USA"
"Holly Plumbing Solutions","(480) 604-6402","plumber","5","137","http://www.hollyplumbing.com/","S Longmore, Mesa, AZ 85202, USA"
"Peavler Air Conditioning & Heating","(480) 247-2170","hvac-engineer","4.9","136","http://peavlerac.com/","645 W 2nd Ave, Mesa, AZ 85210, USA"
"New Era Plumbing","(480) 440-6730","plumber","5","135","https://neweraplumbingaz.com/","1317 W Palomino Dr, Chandler, AZ 85224, USA"
"Patriot Air, Inc.","(480) 219-8288","hvac-engineer","4.7","134","http://www.patriotairinc.com/","2465 W 12th St #5, Tempe, AZ 85281, USA"
"AC Medics Hvac/Plumbing","(623) 266-2660","plumber","4.5","134","https://phoenixacrepair.com/","1050 N Fairway Dr ste c 105, Avondale, AZ 85323, USA"
"DC Family Plumbing","(480) 300-4791","plumber","4.9","133","https://dcfamilyplumbing.com/","1797 W University Dr, Tempe, AZ 85281, USA"
"State Forty Eight Home Comfort LLC","(602) 517-5903","hvac-engineer","5","131","https://www.state48hc.com/","8722 N 83rd Dr, Peoria, AZ 85345, USA"
"Javier's Quick Electricians","(602) 932-2326","electrician","4.8","131","","426 N Drew St #25D, Mesa, AZ 85201, USA"
"Mountainside Air Conditioning Repair","(602) 512-1241","hvac-engineer","5","131","https://mountainsideair.com/peoria-air-conditioning-services/?utm_campaign=gmb","9132 W Cactus Rd E, Peoria, AZ 85381, USA"
"TotalTech Arizona","(480) 326-4507","plumber","4.8","130","https://totaltecharizona.com/","402 W Gemini Dr, Tempe, AZ 85283, USA"
"Advantage Home Performance Inc.","(623) 939-3329","hvac-engineer","5","129","https://advantagehomeperformance.com/?utm_source=google&utm_medium=organic&utm_campaign=gmb-profile","5212 N 43rd Ave, Glendale, AZ 85301, USA"
"Adams Refrigeration","(602) 269-6447","hvac-engineer","4.6","129","https://adamsrefrig.com/phoenix/?utm_source=google&utm_medium=organic&utm_campaign=PhoenixGBP","1824 N 35th Ave, Phoenix, AZ 85009, USA"
"Lock Docs","(480) 399-9972","locksmith","5","129","https://azlockdocs.com/","670 E El Prado Rd, Chandler, AZ 85225, USA"
"Sonoran Locksmith","(602) 362-7374","locksmith","4.8","128","http://sonoranlocksmith.com/","8601 N Black Cyn Hwy #205, Phoenix, AZ 85021, USA"
"Action Plumbing Heating Air & Electric","(480) 808-1641","plumber","4.9","127","https://actionplumbing.net/location/tempe-az/?loc=az_1","927 W 23rd St, Tempe, AZ 85282, USA"
"Affordable Locksmith","(480) 568-0669","locksmith","4.9","127","https://a1affordablelocksmith.com/locksmith-scottsdale-az/","7900 E Princess Dr, Scottsdale, AZ 85255, USA"
"Adams Brothers HVAC & Gas","(623) 400-5270","hvac-engineer","4.8","126","https://adamshvacgas.best/","4013 N 75th Ave, Phoenix, AZ 85033, USA"
"Zoom Drain Phoenix","(602) 613-1114","plumber","4.9","125","https://zoomdrain.com/phoenix?utm_source=Google&utm_medium=GBP","2425 E Camelback Rd, Phoenix, AZ 85016, USA"
"Residential Lock & Security","(623) 977-9983","locksmith","4.9","125","http://residentiallocksecurity.com/","12246 N 111th Ave, Youngtown, AZ 85363, USA"
"Champion Plumbing & Rooter","(602) 269-6323","plumber","4.7","125","https://championplumbingandrooter.com/?utm_source=gmb&utm_campaign=local&utm_medium=organic","3744 W Roanoke Ave Ste 1, Phoenix, AZ 85009, USA"
"America’s Home Services","(623) 462-3591","hvac-engineer","5","125","https://americahomeservicesllc.com/gilbert-plumber-and-ac-repair/?utm_source=gmb&utm_medium=gilbert","1111 N Gilbert Rd Suite 211-B, Gilbert, AZ 85234, USA"
"Grivet Electric Inc","(480) 357-0288","electrician","5","125","https://grivetelectricinc.com/","3008 S Fairway Dr, Tempe, AZ 85282, USA"
"Grand Canyon Home Services","(623) 777-4779","electrician","4.9","125","https://grandcanyonac.com/peoria-az/?utm_source=gmb&utm_medium=organic&utm_campaign=peoria","14050 N 83rd Ave ste 290-220, Peoria, AZ 85381, USA"
"Copperstate Lock and Security","(480) 785-9999","locksmith","4.8","124","http://copperstatelock.com/?y_source=1_ODc1NDYyMS03MTUtbG9jYXRpb24ud2Vic2l0ZQ==","1761 E Warner Rd A16, Tempe, AZ 85284, USA"
"Corazon Air - Aire Acondicionado y Calefacción","(602) 428-3358","hvac-engineer","5","124","","4397 W Bethany Home Rd #1081, Glendale, AZ 85301, USA"
"Dial One Mears Air Conditioning & Heating Inc","(602) 997-5701","hvac-engineer","5","124","https://www.mearsac.com/?utm_source=google&utm_medium=organic&utm_campaign=gbp-profile","743 E Dunlap Ave, Phoenix, AZ 85020, USA"
"Westside Plumbing Inc.","(602) 680-9414","plumber","4.9","124","http://www.westside.plumbing/","1611 E Fremont Rd, Phoenix, AZ 85042, USA"
"D.W. Plumbing, Heating & Cooling Inc.","(623) 979-6778","plumber","4.4","123","http://www.dwplumbing.com/","3719 N 32nd Ave, Phoenix, AZ 85017, USA"
"Aardvark Affordable Locksmithing","(623) 580-0410","locksmith","4.9","121","https://affordablelockaz.com/","4812 W Creedance Blvd, Glendale, AZ 85310, USA"
"Cobra Plumbing LLC","(602) 663-8432","plumber","4.8","120","http://cobraplumbingllc.com/","1431 E Osborn Rd, Phoenix, AZ 85014, USA"
"Grand Canyon Home Services","(623) 777-4955","hvac-engineer","5","118","https://www.grandcanyonac.com/sun-city/?utm_source=gmb&utm_medium=organic&utm_campaign=sun_city","9009 N 103rd Ave #109, Sun City, AZ 85351, USA"
"Ufirst Heating & Cooling","(623) 259-4917","hvac-engineer","4.9","117","https://ufirstheatingandcooling.com/","7021 W Augusta Ave, Glendale, AZ 85303, USA"
"Phoenix Best Electricians","(602) 780-1140","electrician","4.8","116","","8929 N Central Ave #53C, Phoenix, AZ 85020, USA"
"Joshua Brothers HVAC","(520) 532-4300","hvac-engineer","4.9","116","https://joshuahvac.best/","6330 S Rural Rd, Tempe, AZ 85283, USA"
"Universal Drain Cleaners","(602) 482-1900","drain-specialist","5","116","https://universaldraincleaners.com/","13402 N 40th Pl, Phoenix, AZ 85032, USA"
"Cooling Specialists","(480) 452-8604","hvac-engineer","5","115","https://thecoolingspecialists.com/","9375 E Shea Blvd Suite 111D, Scottsdale, AZ 85260, USA"
"Patriotic Plumbing And Rooter","(480) 530-8911","plumber","4.9","115","https://patrioticplumbingandrooter.com/?utm_source=local&utm_medium=organic&utm_campaign=gbp","1826 W Broadway Rd #43, Mesa, AZ 85202, USA"
"J&J Locksmith","(480) 788-5376","locksmith","4.9","115","http://www.jjlocksmithaz.com/","15846 S 29th St, Phoenix, AZ 85048, USA"
"Platinum Refrigeration, Inc.","(602) 675-3906","hvac-engineer","4.8","115","https://platinumrefrigeration.com/","1611 S 59th Ave, Phoenix, AZ 85043, USA"
"America’s Home Services LLC","(623) 462-3485","plumber","4.9","115","https://americahomeservicesllc.com/phoenix/","14819 N Cave Creek Rd Suite 11, Phoenix, AZ 85032, USA"
"Lock and Key Experts LLC","(480) 698-5502","locksmith","5","115","https://www.lockandkeyexperts.com/","819 N 73rd Pl, Scottsdale, AZ 85257, USA"
"Paramount Home Services","(602) 826-9006","hvac-engineer","4.9","114","http://www.azphs.com/","315 S 48th St #101, Tempe, AZ 85281, USA"
"35th Avenue Lock and Key Shop","(602) 242-5429","locksmith","4.2","114","http://35thavelocksmith.com/","12450 N 35th Ave #30, Phoenix, AZ 85029, USA"
"TAP and Sons Electric Inc","(480) 507-2900","electrician","4.7","111","https://www.tapandsons.com/","906 S Priest Dr #107, Tempe, AZ 85281, USA"
"West Valley Lock & Key LLC","(623) 565-9065","locksmith","4.8","110","https://westvalleylocknkey.com/locksmith-glendale-az","5422 W Pershing Ave, Glendale, AZ 85304, USA"
"No Worries Rooter Plumbing & Water Cleanup","(480) 405-4497","drain-specialist","4.8","110","https://www.noworriesrooter.com/","195 W San Angelo St, Gilbert, AZ 85233, USA"
"Sharp Air Conditioning & Heating","(480) 210-6203","hvac-engineer","4.9","110","https://www.myazac.com/","506 N Vineyard, Mesa, AZ 85201, USA"
"East Valley Locksmith","(480) 725-1924","locksmith","4.8","110","https://eastvalley-locksmith.com/locksmith-chandler-az/","3522 W Toledo St, Chandler, AZ 85226, USA"
"Desert Diamond Air","(623) 233-2605","hvac-engineer","4.9","109","https://desertdiamondhvac.com/residential/air-conditioning-repair/?utm_source=google&utm_medium=gmb&utm_campaign=sun%20city&se_campaign=Google%20My%20Business%20-%20Clicked%20to%20Website","12630 N 103rd Ave Suite 215, Sun City, AZ 85351, USA"
"Verde Plumbing Co. LLC","(480) 665-2205","plumber","4.9","109","","737 W Silver Creek Rd, Gilbert, AZ 85233, USA"
"Rapid Rooter Plumbing","(623) 581-0346","plumber","4.9","107","http://rapidrooteraz.com/","11036 N 23rd Ave Unit 4, Phoenix, AZ 85029, USA"
"America’s Home Services","(623) 343-2611","hvac-engineer","4.9","107","https://americahomeservicesllc.com/glendale-plumber-and-ac-repair/?utm_source=gmb&utm_medium=glendale","5008 W Glendale Ave unit 2, Glendale, AZ 85301, USA"
"Scottsdale Appliance And AC Repair","(480) 245-5875","hvac-engineer","4.5","106","http://scottsdaleapplianceandacrepair.com/","14700 N Frank Lloyd Wright Blvd UNIT 157, Scottsdale, AZ 85260, USA"
"Forrest Anderson Plumbing & Air Conditioning","(623) 780-4060","plumber","4.6","106","https://forrestanderson.net/","17225 N 63rd Ave, Glendale, AZ 85308, USA"
"Plomero Paisano, Plomeros en Phoenix","(602) 472-2792","drain-specialist","4.8","106","http://www.plomerosenphoenix.com/?utm_source=google&utm_medium=wix_google_business_profile&utm_campaign=4589519416219994638","6214 S 46th Pl, Phoenix, AZ 85042, USA"
"ProFix Handyman","(602) 303-8224","plumber","4.9","104","","19021 N 73rd Dr, Glendale, AZ 85308, USA"
"Vale City Electric","(602) 730-5167","electrician","5","104","http://valecityelectric.com/","2048 N 77th Ln, Phoenix, AZ 85035, USA"
"America’s Home Services","(623) 462-3565","hvac-engineer","4.9","104","https://americahomeservicesllc.com/sun-city/","12630 N 103rd Ave Suite 244, Sun City, AZ 85351, USA"
"Sun Devil Heating and Cooling","(602) 466-1932","hvac-engineer","4.7","103","https://sundevilaz.com/","3033 N 35th Ave, Phoenix, AZ 85017, USA"
"Sunstate Plumbing, Inc","(623) 937-4258","plumber","4.8","103","https://www.sunstateplumbinginc.com/","8701 N 78th Ave, Peoria, AZ 85345, USA"
"Ferrell Air LLC","(480) 848-2790","hvac-engineer","5","102","http://www.ferrellair.com/","633 E Ray Rd STE 108, Gilbert, AZ 85296, USA"
"Efficient Electric","(623) 810-9905","electrician","4.8","102","https://www.efficientelectricphoenix.com/","7611 N 74th Ave, Glendale, AZ 85303, USA"
"Farris Electric LLC","(602) 681-7774","electrician","4.9","102","","19232 N 43rd Dr, Glendale, AZ 85308, USA"
"Dollar Locksmith","(480) 933-4349","locksmith","4.6","102","http://www.dollarlocksmith.com/","16025 S 50th St Apt #2098, Phoenix, AZ 85048, USA"
"Lee's Air, Plumbing, & Heating","(602) 649-2180","hvac-engineer","4.9","101","https://leesair.com/peoria/","9210 W Peoria Ave Suite 6b, Peoria, AZ 85345, USA"
"Phend Plumbing and Rooter LLC","(480) 388-6093","plumber","5","100","https://phendplumbing.com/","120 S Mesa Dr, Mesa, AZ 85210, USA"
"West Valley Lock & Key","(602) 247-7798","locksmith","4.6","100","https://westvalleylocknkey.com/locksmith-phoenix","2155 W Pinnacle Peak Rd, Phoenix, AZ 85027, USA"
"Lipovic Heating & Cooling","(480) 964-4930","hvac-engineer","5","100","https://lipovic.com/","723 N Hosick Cir, Mesa, AZ 85201, USA"
"AC and Refrigeration (AC, Heating, Refrigeration, Electrical and Plumbing)","(480) 890-0848","hvac-engineer","5","100","https://www.vesselhomeservices.com/","1705 W University Dr UNIT 107, Tempe, AZ 85281, USA"
"Thunder Valley Electric, LLC","(602) 620-8134","electrician","5","100","https://thundervalleyelectric.com/","939 S 48th St ste 203, Tempe, AZ 85281, USA"
"Cardinal Heating & Cooling","(602) 301-2993","hvac-engineer","4.2","99","http://www.cardinalairaz.com/","3653 N 35th Ave, Phoenix, AZ 85017, USA"
"Antrim Air","(480) 664-6575","hvac-engineer","4.8","99","","3100 W Ray Rd #201, Chandler, AZ 85226, USA"
"North Valley Locksmith","(480) 688-9335","locksmith","4.7","98","http://northvalleylocksmith.com/","14202 N Scottsdale Rd suite 101, Scottsdale, AZ 85254, USA"
"Pipeliners","(480) 447-5345","drain-specialist","5","97","http://pipelinersusa.com/?utm_source=google&utm_medium=gmb&utm_campaign=Pipeliners%20-%20Local%20SEO%20-%20Google%20Business%20Profile%20%28Marketing%29","633 W 2nd Ave, Mesa, AZ 85210, USA"
"Nu Flow Phoenix","(480) 505-3618","plumber","4.8","97","https://www.nuflowphoenix.com/?utm_campaign=gmb","3640 E Wier Ave #2, Phoenix, AZ 85040, USA"
"Affordable AC & Auto Repair","(602) 272-8001","hvac-engineer","3.9","96","http://affordable-repair-phoenix.keeq.io/","2834 W Van Buren St #4901, Phoenix, AZ 85009, USA"
"Hackney Heating and Cooling, Inc.","(480) 940-9814","hvac-engineer","5","96","http://www.hackneyinc.com/","2737 W Baseline Rd STE 22, Tempe, AZ 85283, USA"
"Andrews Refrigeration Inc.","(602) 992-9560","hvac-engineer","3.3","96","https://www.andrewsaz.com/?utm_source=GMB&utm_medium=local&utm_campaign=arizona","5800 W Missouri Ave, Glendale, AZ 85301, USA"
"Gladiate Air Conditioning & Heating LLC","(623) 249-4536","hvac-engineer","5","96","https://gladiateair.com/?y_source=1_OTc0MzE2NS03MTUtbG9jYXRpb24ud2Vic2l0ZQ%3D%3D","21424 N 7th Ave, Phoenix, AZ 85027, USA"
"RP Gas Piping, Inc.","(602) 759-8340","gas-engineer","4.9","96","https://www.rpgaspiping.com/","731 N 19th Ave, Phoenix, AZ 85009, USA"
"Platinum Services Plumbing","(480) 246-9330","plumber","5","96","https://m.facebook.com/platinumservicesacr/?ref=bookmarks","8455 E San Miguel Ave, Scottsdale, AZ 85250, USA"
"Hugo Brothers HVAC LLC","(623) 400-5866","hvac-engineer","4.9","95","https://hugohvac.online/","731 N 7th St, Phoenix, AZ 85022, USA"
"Kwikeys AZ Lock Products","(602) 252-3896","locksmith","4.6","95","https://kwikeys.com/","1701 Grand Ave, Phoenix, AZ 85007, USA"
"Canyon Plumbing Solutions","(623) 335-9032","plumber","5","95","https://canyonplumbingsolutions.com/","2550 W Union Hills Dr #354, Phoenix, AZ 85023, USA"
"Alvarado's Heating and Cooling, Avondale","(602) 571-5897","hvac-engineer","4.8","94","https://www.alvaradosheating-cooling.com/","2101 S 109th Ave, Avondale, AZ 85323, USA"
"Northern Air Mechanical Services","(480) 352-8710","hvac-engineer","4.7","92","https://northernairac.com/","5353 N 16th St #105, Phoenix, AZ 85016, USA"
"Peterson Air Care & Home Services","(480) 584-3226","hvac-engineer","4.9","92","https://petersonac.com/air-conditioning/?utm_source=google&utm_medium=organic&utm_campaign=gbp","2010 E University Dr #26, Tempe, AZ 85288, USA"
"Affordable Plumber AZ LLC","(480) 702-6165","plumber","4.8","92","","127 W Juanita Ave, Mesa, AZ 85210, USA"
"Techcool AC Repair Scottsdale","(602) 785-6230","plumber","4.8","91","https://techcoollv.com/nearme/LandingPage.php?air-conditioning-repair-scottsdale-AZ","12932 E Appaloosa Pl, Scottsdale, AZ 85259, USA"
"Always Fair Heating and Air","(602) 844-6600","hvac-engineer","4.7","90","https://alwaysfairac.com/?utm_source=gmb&utm_medium=organic&utm_campaign=gmb-listing","9210 W Peoria Ave #6, Peoria, AZ 85345, USA"
"Scott's Az Services Plumbing & HVAC","(602) 345-0055","plumber","5","90","http://scottsaz.com/","4529 E La Puente Ave, Phoenix, AZ 85044, USA"
"RSB Electrical Inc","(480) 485-4284","electrician","4.4","90","https://rsbelectricalinc.com/","1826 W Broadway Rd #44, Mesa, AZ 85202, USA"
"DP Electric Inc","(480) 858-9070","electrician","4.3","90","http://www.dpelectric.com/","2210 S Roosevelt St, Tempe, AZ 85282, USA"
"Apache Plumbing Services","(602) 246-2944","plumber","4.8","90","https://www.apacheplumbingservices.com/","6827 N Black Cyn Hwy, Phoenix, AZ 85015, USA"
"Coppertown Electric LLC","(602) 390-0253","electrician","5","89","http://coppertownaz.com/","624 W Mission Ln, Phoenix, AZ 85021, USA"
"Tucker Hill Air, Plumbing, and Electric - Chandler","(602) 767-7975","plumber","4.6","89","http://tuckerhillaz.com/","3100 W Ray Rd, Chandler, AZ 85226, USA"
"Local Leaders Plumbing","(480) 822-0808","plumber","5","89","https://localleadersplumbing.com/","2501 W Behrend Dr Suites F-73, Phoenix, AZ 85027, USA"
"Reyna Heating and Air Conditioning","(602) 442-8866","hvac-engineer","4.4","89","http://reynaairconditioning.com/","3144 Grand Ave, Phoenix, AZ 85017, USA"
"Ocean Plumbing LLC","(602) 755-3860","plumber","5","89","https://oceanplumbingaz.com/","2313 W Alice Ave, Phoenix, AZ 85021, USA"
"Carter Brothers HVAC LLC","(520) 650-2333","hvac-engineer","4.9","87","https://carterhvac.site/","1740 W Southern Ave, Mesa, AZ 85202, USA"
"Heating & Cooling","(480) 264-8867","hvac-engineer","4.3","87","","66 S Dobson Rd, Mesa, AZ 85202, USA"
"Harrison & Sons HVAC LLC","(520) 438-8300","hvac-engineer","4.8","87","https://harrisonhvac.homes/","1708 E Warner Rd, Tempe, AZ 85284, USA"
"Northstar Plumbing","(480) 563-4117","plumber","4.8","86","http://nstarplumbing.com/","916 E Impala Ave, Mesa, AZ 85204, USA"
"Sand Hill Locksmith","(602) 576-0165","locksmith","4.9","86","https://sandhilllocksmith.com/","7725 W McDowell Rd #1044, Phoenix, AZ 85035, USA"
"Icon Mechanical Inc","(623) 386-7804","hvac-engineer","4.8","85","https://iconmechanicalinc.com/","3673 S Bullard Ave #115, Goodyear, AZ 85338, USA"
"Austin Electric Services, LLC","(623) 773-2600","electrician","3.5","85","http://www.austinelectricservices.com/","7867 N 106th Ave, Glendale, AZ 85307, USA"
"Pinon Air Heating and Cooling","(623) 288-5654","hvac-engineer","4.9","85","https://www.pinonaircooling.com/?utm_source=google&utm_medium=organic&utm_campaign=gbp","5968 W Osborn Rd, Phoenix, AZ 85033, USA"
"Eagle Locksmith","(602) 400-3585","locksmith","4.8","85","http://www.eaglelocksmithaz.com/","16042 N 32nd St b9, Phoenix, AZ 85032, USA"
"Local Roots AC and Plumbing LLC","(602) 560-8989","hvac-engineer","4.9","84","https://calllocalroots.com/","23335 N 18th Dr Building A, Suite 122, Phoenix, AZ 85027, USA"
"Iron Horse Companies LLC","(480) 830-2865","plumber","4.9","84","http://ironhorsecompanies.com/","410 S Perry Ln #1, Tempe, AZ 85288, USA"
"Dynamic Air & Electric","(602) 832-0377","electrician","5","83","","9169 W Ludlow Dr, Peoria, AZ 85381, USA"
"Mini Split Guys","(602) 300-9332","hvac-engineer","4.7","83","http://www.minisplitguys.com/","15850 N Cave Creek Rd, Phoenix, AZ 85022, USA"
"Arizona Integrity Plumbing - The Repipe Expert™","(480) 274-9662","plumber","5","83","https://www.azip.com/?utm_source=google&utm_medium=organic&utm_campaign=gmb_website_link","21 S 36th St, Phoenix, AZ 85034, USA"
"Ace Locksmith","(602) 892-8978","locksmith","4.9","82","https://ace-locksmith.net/areas-served/locksmith-in-phoenix/","4425 E Agave Rd Bldg 2 Suite 106, Phoenix, AZ 85044, USA"
"Always Plumbing, LLC","(480) 658-0066","plumber","5","81","https://alwaysplumbingaz.com/","2267 E Caballero Cir, Mesa, AZ 85213, USA"
"Johnson Family Plumber & HVAC","(623) 220-5400","hvac-engineer","4.8","80","https://johnsonplumbinghvac.site/scottsdale","10859 N Frank Lloyd Wright Blvd, Scottsdale, AZ 85259, USA"
"Integrity Mechanical HVAC","(602) 300-3793","hvac-engineer","5","80","http://integritymechanicalhvac.com/","P.O. Box: 541, Laveen Village, AZ 85339, USA"
"Z Plumberz of East Valley","(602) 428-7106","plumber","5","80","https://www.zplumberz.com/eastvalley/?utm_source=google&utm_medium=organic&utm_campaign=gbp","1528 W San Pedro St #2, Gilbert, AZ 85233, USA"
"1-800-PLUMBER +AIR","(480) 581-9796","plumber","4.8","80","https://1800plumber.com/locations/scottsdale-az","7701 E Gray Rd # 107, Scottsdale, AZ 85260, USA"
"Affordable Locksmith","(602) 830-6240","locksmith","4.7","80","https://a1affordablelocksmith.com/locksmith-phoenix/","222 E McDowell Rd, Phoenix, AZ 85004, USA"
"Estrella Mountain Plumbing LLC","(623) 221-7922","plumber","4.8","78","https://www.estrellamountainplumbing.com/","13453 W Beverly Rd, Goodyear, AZ 85338, USA"
"Jason the Plumber, LLC","(623) 734-8072","plumber","4.6","78","http://jasontheplumberllc.com/","5045 W Baseline Rd #105, Laveen Village, AZ 85339, USA"
"The Trusted Tech Cooling and Heating LLC","(480) 788-6220","hvac-engineer","5","77","https://trustinthetech.com/","4435 E Chandler Blvd Suite 200, Phoenix, AZ 85048, USA"
"Westgate Locksmith","(623) 800-7852","locksmith","4.8","77","https://westgate-locksmith.org/glendale-az/","9450 W Cabela Dr, Glendale, AZ 85305, USA"
"Trident Plumbing & Drain","(623) 257-3481","plumber","5","76","https://www.tridentplumbingllc.com/service-areas/phoenix-az/?utm_source=google&utm_medium=gbp&utm_campaign=phoenix","1506 W Whispering Wind Dr #110, Phoenix, AZ 85085, USA"
"AirZona HVAC Inc.","(623) 295-1911","hvac-engineer","4.9","75","http://www.airzonahvac.com/","6094 N 57th Ave, Glendale, AZ 85301, USA"
"Proforce Plumbing Sewer & Drain","(623) 323-8800","plumber","4.9","75","http://proforceplumbing.com/","8969 W Maryland Ave, Glendale, AZ 85305, USA"
"AZ DC Electric","(602) 346-6525","electrician","4.8","75","https://azdcelectric.com/","6424 E Greenway Pkwy suite 376, Scottsdale, AZ 85254, USA"
"Luxury Air Conditioning & Plumbing","(602) 649-5759","hvac-engineer","4.7","75","https://www.luxuryairconditioningaz.com/","16602 N 23rd Ave Suite 102, Phoenix, AZ 85023, USA"
"United Appliances and Air","(602) 754-6303","hvac-engineer","4.9","74","https://unitedapplianceandair.com/","4722 E Bell Rd APT# 2096, Phoenix, AZ 85032, USA"
"Rainwater Plumbing and HVAC","(480) 577-7748","plumber","4.8","74","","1000 N Hamilton St Suite C-5, Chandler, AZ 85225, USA"
"Hunter Brothers Heating & AC","(623) 343-7600","hvac-engineer","4.9","74","https://hunterhvac.homes/","7575 W Cactus Rd, Peoria, AZ 85381, USA"
"Minuteman Home Services","(602) 279-0942","gas-engineer","4.1","74","","1533 N Alma School Rd, Mesa, AZ 85201, USA"
"Unlocked Locksmiths","(480) 942-2201","locksmith","5","74","https://unlockedlocksmithsaz.com/","77 W Chicago St Unit 4, Chandler, AZ 85225, USA"
"AZ AIRCOND LLC -Cooling Heating Plumbing","(623) 882-4549","hvac-engineer","4.8","73","","11901 W McDowell Rd #46D, Avondale, AZ 85392, USA"
"Frozen Cactus Air Conditioning & Heating, LLC","(480) 269-1565","hvac-engineer","5","72","http://frozencactusair.com/","E El Moro Ave, Mesa, AZ 85204, USA"
"Lynx Air Service","(602) 818-9419","hvac-engineer","4.8","72","https://lynxairservice.com/?utm_source=gmb","1 E Lexington Ave, Phoenix, AZ 85012, USA"
"Valley View Electric LLC.","(480) 387-8332","electrician","4.7","71","http://valleyviewelectricaz.com/","11808 N 78th Dr, Peoria, AZ 85345, USA"
"Hayes & Sons Plumbing & HVAC","(623) 400-6398","hvac-engineer","4.8","71","https://hayeshvaccompany.pro/","2013b W Bethany Home Rd, Phoenix, AZ 85015, USA"
"Wilson Electric Services Corp.","(480) 505-6600","electrician","4.1","71","http://www.wilsonelectric.net/","600 E Gilbert Dr, Tempe, AZ 85288, USA"
"AccuTemp Refrigeration","(602) 957-3745","hvac-engineer","4.6","71","https://accutempaz.com/","3231 E Washington St, Phoenix, AZ 85034, USA"
"Steve's Ultimate Air Heating & Cooling Services LLC","(480) 458-7287","hvac-engineer","4.9","70","http://www.stevesultimateair.com/","3215 N Arizona Ave B9, Chandler, AZ 85225, USA"
"Arizona Refrigeration Service Inc.","(602) 244-9900","hvac-engineer","4","70","http://azrs.com/?utm_source=GMBlisting&utm_medium=referral","820 W 1st St, Tempe, AZ 85281, USA"
"AC by Sam LLC","(480) 427-5588","hvac-engineer","5","70","https://acbysamllc.com/","4131 E Taro Ln, Phoenix, AZ 85050, USA"
"Roger Cox AC & Heating","(623) 444-4092","hvac-engineer","4.5","69","http://www.rogercoxac.com/","11125 W Nevada Ave, Youngtown, AZ 85363, USA"
"Radiator and AC of Arizona","(623) 478-9960","hvac-engineer","4.3","69","https://www.radiator.com/location-search","405 N 75th Ave, Phoenix, AZ 85043, USA"
"Red Wolf Mechanical","(602) 552-1892","hvac-engineer","4.7","69","https://redwolfmechanical.com/","4816 W Cheryl Dr, Glendale, AZ 85302, USA"
"Phoenix Valley Wide Locksmith","(480) 448-2088","locksmith","5","69","https://phoenix-valley-wide-locksmith.com/","2942 N 24th St #205, Phoenix, AZ 85016, USA"
"Flat Rate Locksmith Paradise Valley","(480) 923-4576","locksmith","4.9","68","https://flatratelocksmith.org/locksmith-scottsdale-az/","6940 E Cochise Rd, Scottsdale, AZ 85253, USA"
"ARCO Lock & Security","(602) 314-8400","locksmith","5","68","https://www.arcolock.com/","17224 N 43rd Ave Ste 110, Glendale, AZ 85308, USA"
"Desert Heat Hvac Mechanical LLC","(623) 263-2342","hvac-engineer","4.9","67","http://desertheathvac.com/","9524 W Camelback Rd c130, Glendale, AZ 85305, USA"
"Locksmith Express USA","(480) 823-8000","locksmith","4.8","67","https://locksmithexpressusa.wixsite.com/lock","21150 N Tatum Blvd #2040, Phoenix, AZ 85050, USA"
"Expert Locksmith","(602) 842-5655","locksmith","4.9","67","http://expertlocksmithphoenix.com/","5124 N 21st Ave #2, Phoenix, AZ 85015, USA"
"Bob's Airco Repair Co","(480) 899-8700","hvac-engineer","4.9","66","http://www.aircoaz.com/","1019 S 130th St, Gilbert, AZ 85233, USA"
"GET LIT® Electrical & Lighting Services LLC","(602) 585-5658","electrician","4.9","66","https://getlitelectrical.com/","5044 W Peoria Ave Suite 1, Glendale, AZ 85302, USA"
"Smith Family Plumbing & HVAC","(623) 400-1299","plumber","4.7","65","https://smithplumbinghvac.pro/el-mirage","12002 W Thunderbird Rd, El Mirage, AZ 85335, USA"
"Phoenix Plumbers & Drain Clean Services","(520) 482-1068","plumber","4.9","65","","1613 E McDowell Rd, Phoenix, AZ 85006, USA"
"Budget Cooling & Heating, LLC","(623) 241-1892","hvac-engineer","4.8","65","https://budgetcoolingandheating.com/","2322 N 88th Ave, Phoenix, AZ 85037, USA"
"AZ Trusted Air","(623) 252-6403","hvac-engineer","4.4","64","http://www.aztrusted.com/","15677 N Cave Creek Rd, Phoenix, AZ 85032, USA"
"Locksmith Peoria","(623) 888-6028","locksmith","4.9","64","https://locksmith-arizona.com/locksmith-peoria-az/","15740 N 83rd Ave, Peoria, AZ 85382, USA"
"Macho Contracting","(602) 975-5507","gas-engineer","5","64","https://www.machocontracting.com/","1974 E Deer Valley Dr, Phoenix, AZ 85024, USA"
"Cool Aid Air Conditioning LLC","(480) 941-2665","hvac-engineer","4.9","64","http://coolaidair.com/","8313 E Weldon Ave, Scottsdale, AZ 85251, USA"
"All Hours Plumbing","(602) 677-2615","plumber","4.9","64","","4741 W Park View Ln, Glendale, AZ 85310, USA"
"Paradise Valley Septic Services","(480) 351-1725","drain-specialist","4.5","64","","2245 W Shangri La Rd, Phoenix, AZ 85029, USA"
"GA Electrical llc","(602) 491-3515","electrician","4.9","63","","3625 West Myrtle Ave, Phoenix, AZ 85051, USA"
"West Valley Lock & Key","(623) 800-7845","locksmith","4.9","62","https://westvalleylocknkey.com/locksmith-peoria-az","16165 N 83rd Ave Suite 200, Peoria, AZ 85382, USA"
"Valley's Best Heating and Air Conditioning","(480) 892-3938","hvac-engineer","4.8","62","https://www.valleysbestac.com/","9014 N 23rd Ave Suite #1, Phoenix, AZ 85021, USA"
"Sav-On Plumbing - Sun City","(623) 537-9898","plumber","4.9","62","https://sav-onplumbing.com/contact-us/service-areas/plumbing-in-sun-city-az/","9508 W Hidden Valley Cir, Sun City, AZ 85351, USA"
"Smiley Plumbing","(602) 910-6582","plumber","4.7","62","http://www.smileyplumbing.com/","1611 W Whispering Wind Dr, Phoenix, AZ 85085, USA"
"All Hours Plumbing, Emergency Plumber","(602) 677-2615","plumber","4.8","62","http://www.allhoursplumbingnow.com/","3049 E Winchcomb Dr, Phoenix, AZ 85032, USA"
"24 Hr Valleywide Electric LLC","(602) 476-3651","electrician","4.7","62","http://24hrvalleywideelectric.com/","8116 N 41st Dr, Phoenix, AZ 85051, USA"
"J&N HVAC","(602) 377-3467","hvac-engineer","5","62","https://jandnhvacservices.com/","112 S Kyrene Rd, Chandler, AZ 85226, USA"
"Alexander's plumbing","(480) 393-0423","plumber","4.9","62","http://alexandersplumbingpro.com/","3961 E Chandler Blvd, Phoenix, AZ 85048, USA"
"Power Locksmith","(480) 795-7952","locksmith","4.8","62","https://powerlocksmith-scottsdale.com/","15345 N Scottsdale Rd #4040, Scottsdale, AZ 85254, USA"
"KeyMe Locksmiths","(602) 666-9431","locksmith","4.8","61","https://key.me/kiosks/arizona/phoenix/town-and-country-shopping-center/make-keys-town-and-country-shopping-center-az","4724 N 20th St, Phoenix, AZ 85016, USA"
"Innovative Lighting & Electric, Inc.","(480) 513-2099","electrician","4.9","61","http://lightingaz.com/","15855 N Greenway Hayden Loop #130, Scottsdale, AZ 85260, USA"
"Anderson Lock and Safe- Chandler Locksmith","(480) 573-0004","locksmith","4.8","60","https://andersonlockandsafe.com/locksmith-chandler-az/","940 N Alma School Rd Ste 101, Chandler, AZ 85224, USA"
"East Valley Locksmith Of Scottsdale","(480) 923-3662","locksmith","4.8","60","https://eastvalley-locksmith.com/locksmith-scottsdale-az","10865 E Sahuaro Dr, Scottsdale, AZ 85259, USA"
"Serenity Plumbing","(480) 776-9039","plumber","5","60","http://tranquility-plumbing.com/","6619 N 82nd Pl, Scottsdale, AZ 85250, USA"
"Second Opinion Plumbing","(480) 365-9555","plumber","5","60","https://secondopinionplumbingaz.com/plumbers-phoenix-arizona/?utm_source=GMB&utm_medium=local","2375 E Camelback Rd #600, Phoenix, AZ 85016, USA"
"Sandman Air","(602) 708-0556","hvac-engineer","5","60","http://www.sandmanair.com/","5115 Dysart Rd 202 & 206, Litchfield Park, AZ 85340, USA"
"Trend Electric","(480) 369-6768","electrician","5","59","https://www.trendelectrical.com/","6885 E Cochise Rd, Paradise Valley, AZ 85253, USA"
"East Valley Locksmith Phoenix","(602) 412-1894","locksmith","4.8","59","https://eastvalley-locksmith.com/locksmith-phoenix-az/","3601 E McDowell Rd, Phoenix, AZ 85008, USA"
"Elite AC & Heating","(480) 933-1303","hvac-engineer","5","59","https://eliteacandheatingaz.com/","2417 W Adobe Dr Suite B, Phoenix, AZ 85027, USA"
"Look Electric, LLC","(480) 739-2228","electrician","4.7","59","http://www.lookelectric.com/","414 S Grand, Mesa, AZ 85210, USA"
"Definitive Air","(480) 656-3337","hvac-engineer","5","59","https://www.definitiveair.com/","3014 E Leland St, Mesa, AZ 85213, USA"
"Chas Roberts A/C & Duct","(623) 385-3036","hvac-engineer","3.3","58","http://www.chasroberts.com/","4239 S Litchfield Rd, Goodyear, AZ 85338, USA"
"Kuehl Keys","(602) 339-9161","locksmith","4.7","58","http://www.kuehlkeys.com/","2501 W Behrend Dr Ste 71, Phoenix, AZ 85027, USA"
"Rosendin","(480) 581-4100","electrician","4.4","58","http://www.rosendin.com/","1375 W Drivers Way, Tempe, AZ 85284, USA"
"Geronimo key Llc","(602) 430-4307","locksmith","4.8","57","http://www.geronimolocksmith.com/","1817 W Indian School Rd, Phoenix, AZ 85015, USA"
"Mercury Lock & Safe","(480) 799-6244","locksmith","4.5","57","http://www.mercurylock.com/","7128 E Becker Ln, Scottsdale, AZ 85254, USA"
"SouthFace Solar & Electric","(480) 526-5544","gas-engineer","4.6","57","https://southfacesolar.com/?utm_campaign=gmb&utm_medium=organic&utm_source=gmblisting","2122 W Lone Cactus Dr #4, Phoenix, AZ 85027, USA"
"Four Silos HVAC LLC","(480) 808-6466","hvac-engineer","5","57","https://www.foursilosservices.com/","1952 E Fairfield St, Mesa, AZ 85203, USA"
"ZonAir AC Repair Tempe","(480) 916-2780","hvac-engineer","5","57","http://zonairacrepairtempe.com/","424 W 4th St, Tempe, AZ 85281, USA"
"Lucky Duck Plumbing LLC","(623) 341-3245","plumber","4.8","57","","10135 W Denton Ln, Glendale, AZ 85307, USA"
"Phoenix Electrician | OE Electric","(602) 715-9346","electrician","4.7","57","","3032 W Pima St, Phoenix, AZ 85009, USA"
"Lightning Mobile Locksmith","(480) 805-4035","locksmith","4.7","56","https://lightning-mobile-locksmith.com/","16025 S 50th St #2060, Phoenix, AZ 85048, USA"
"King Locksmith","(480) 999-3355","locksmith","4.9","56","http://www.king-locksmith.com/","7802 E Gray Rd STE 300, Scottsdale, AZ 85260, USA"
"KeyMe Locksmiths","(480) 605-0682","locksmith","4.1","56","https://key.me/kiosks/arizona/phoenix/phoenix/make-keys-phoenix-arizona","4505 E Thomas Rd, Phoenix, AZ 85018, USA"
"Bell Lock & Safe","(602) 978-4800","locksmith","5","56","http://www.locksmithserviceglendale.com/","5620 W Yucca St, Glendale, AZ 85304, USA"
"locksmith pro solutions","(480) 719-5123","locksmith","3.9","56","https://www.locksmithprosolutions.com/","6640 E McDowell Rd, Scottsdale, AZ 85257, USA"
"Sparks by Rabbit LLC","(602) 784-6382","electrician","5","56","http://www.sparksbyrabbit.com/","8044 E Indianola Ave, Scottsdale, AZ 85251, USA"
"TMAC Heating & Cooling LLC","(602) 439-1728","hvac-engineer","5","55","http://www.tmacaz.com/","3502 W Bluefield Ave, Glendale, AZ 85308, USA"
"Mo's Plumbing LLC","(480) 589-8669","plumber","5","55","https://mosplumbing.com/","12213 N 36th Pl, Phoenix, AZ 85032, USA"
"Quail Plumbing Inc","(623) 780-2233","drain-specialist","4.1","55","http://www.quailplumbing.com/","21831 N 16th St, Phoenix, AZ 85024, USA"
"Americas Pride Cooling and Heating LLC","(623) 455-4777","hvac-engineer","4.2","55","http://americasprideair.com/","6127 W Park View Ln, Glendale, AZ 85310, USA"
"Grizzly Mechanical Heating & Cooling","(623) 252-7517","hvac-engineer","4.8","55","http://grizzlyair.com/","6946 W Columbine Dr, Peoria, AZ 85381, USA"
"Mobile Locksmith","(623) 850-8511","locksmith","4.7","55","https://mobile-locksmith.net/","4905 W Thomas Rd, Phoenix, AZ 85031, USA"
"Plumbing 2.0","(480) 664-2690","plumber","4.8","55","https://plumbing2point0.co/?utm_source=organic&utm_medium=gbp&utm_term=vr","2855 E Laurel St, Mesa, AZ 85213, USA"
"Sapper HVAC","(602) 206-7359","hvac-engineer","4.9","54","https://sapperhvac.com/","6505 W Frye Rd Suite 21, Chandler, AZ 85226, USA"
"East Valley Locksmith Tempe","(480) 923-4570","locksmith","4.9","54","https://eastvalley-locksmith.com/locksmith-tempe-az","995 E Baseline Rd, Tempe, AZ 85283, USA"
"United Plumbers Tempe","(623) 352-3534","plumber","5","54","http://unitedplumberstempe.com/","33 W 5th St, Tempe, AZ 85281, USA"
"Airbender Heating and Cooling HVAC","(480) 745-0423","hvac-engineer","5","53","http://airbenderacrepair.com/","2735 Thomas Rd, Phoenix, AZ 85016, USA"
"Arizona's Family Car Care","(480) 290-9949","hvac-engineer","4.9","53","","10963 South 75th Avenue, Laveen Village, AZ 85339, USA"
"Four Seasons Home Services - Phoenix, AZ","(480) 489-3210","hvac-engineer","4.9","53","https://fourseasonshs.com/","22035 N Black Cyn Hwy B, Phoenix, AZ 85027, USA"
"Adept Plumbing LLC","(623) 692-8348","plumber","5","53","https://adeptplumbingllc.com/","2955 W Sandra Terrace, Phoenix, AZ 85053, USA"
"ChillTek AC Repair","(623) 263-3300","hvac-engineer","5","53","https://www.chilltekacrepairglendale.com/","7155 W Campo Bello Dr #4, Glendale, AZ 85308, USA"
"Arizona Backup Power | Generac | Electrical","(480) 863-6997","electrician","5","53","https://azbackuppower.com/","9096 E Bahia Dr STE 103, Scottsdale, AZ 85260, USA"
"Merlins AC and Plumbing ""Showroom""","(602) 726-1680","hvac-engineer","3.6","52","https://www.acandheatingaz.com/","2906 W Fairmount Ave, Phoenix, AZ 85017, USA"
"Mesa Plumbing Pros","(480) 956-0317","plumber","5","52","http://mesaplumbingprosco.com/","447 W Pepper Pl, Mesa, AZ 85201, USA"
"HVAC Mesa","(602) 962-7901","hvac-engineer","5","52","https://www.hvacmesa.net/","1818 E Southern Ave, Mesa, AZ 85204, USA"
"Aztech Mechanical","(480) 262-0274","hvac-engineer","4.8","52","https://aztechaz.com/","127 W Juanita Ave Suite 101, Mesa, AZ 85210, USA"
"Fresh Breeze Heating and Cooling","(480) 251-1222","hvac-engineer","4.8","52","http://www.freshbreezeac.com/","755 W 2nd St, Mesa, AZ 85201, USA"
"Armer Air","(480) 257-3233","hvac-engineer","4.8","52","http://facebook.com/armerair38","9830 S 51st St Suite A128, Phoenix, AZ 85044, USA"
"CTS Air Conditioning and Heating","(480) 696-5033","hvac-engineer","4.9","51","https://ctsairconditioning.com/","3322 W Mohawk Ln, Phoenix, AZ 85027, USA"
"Great American Air Conditioning","(480) 771-3030","hvac-engineer","4.9","51","https://www.greatamericanairconditioning.com/?utm_source=google&utm_medium=organic&utm_campaign=gbp","1510 E Bell Rd B300, Phoenix, AZ 85022, USA"
"Rapid Response Locksmith","(623) 698-6953","locksmith","5","51","http://rapidresponselocksmith.com/","14050 N 83rd Ave UNIT 290, Peoria, AZ 85381, USA"
"KeyMe Locksmiths","(623) 244-8228","locksmith","4.4","50","https://key.me/kiosks/arizona/avondale/avondale/key-copy-avondale-arizona","11425 W Buckeye Rd, Avondale, AZ 85323, USA"
"Kay's Plumbing LLC","(623) 824-3975","plumber","5","50","","19808 N 44th Dr, Glendale, AZ 85308, USA"
"PANDA AIR LLC","(602) 999-5928","hvac-engineer","5","50","https://pandaairaz.com/","101 N 1st Ave, Phoenix, AZ 85003, USA"
"Aire Serv of Tempe","(480) 405-9630","hvac-engineer","4.9","49","https://www.aireserv.com/tempe/?cid=LSTL_ASV-US000187&utm_source=gmb&utm_campaign=local&utm_medium=organic","2741 W Southern Ave Suite #22, Tempe, AZ 85282, USA"
"Beebe Plumbing","(623) 376-0440","plumber","3.8","49","http://www.beebeplumbing.com/","19155 N 83rd Ave, Peoria, AZ 85382, USA"
"State 48 Air Conditioning and Heating LLC","(602) 718-7752","hvac-engineer","4.9","49","http://www.state48acandheating.com/","4331 W Greenway Rd, Glendale, AZ 85306, USA"
"Express Locksmith Glendale","(623) 259-4424","locksmith","4.7","49","http://glendale-locksmith24.com/","5540 W Glendale Ave suite b-103, Glendale, AZ 85301, USA"
"Chandler Locksmith LLC","(480) 933-4353","locksmith","4.9","49","","2121 W Main St, Mesa, AZ 85201, USA"
"ADO Electric LLC","(480) 252-0178","electrician","5","48","http://www.adoelectricllcaz.com/","8144 W Wood Ln, Phoenix, AZ 85043, USA"
"Don's Mobile Locks","(480) 874-3303","locksmith","5","48","http://donsmobilelocksaz.com/","2117 W 3rd St, Mesa, AZ 85201, USA"
"Tech Solutions: Cell Phone Repair & HVAC Services","(480) 901-3000","hvac-engineer","4.9","48","","9160 E Shea Blvd STE#104, Scottsdale, AZ 85260, USA"
"Arizona Premier Electric","(602) 203-4930","electrician","5","47","https://arizonapremierelectric.com/","1945 E Warner St, Phoenix, AZ 85040, USA"
"Freddys Fox Rooter","(602) 910-8250","plumber","4.7","47","https://freddysfoxrooter.com/","1920 E Indian School Rd unit 5004, Phoenix, AZ 85016, USA"
"America’s Home Services","(623) 294-5429","plumber","5","47","https://americahomeservicesllc.com/scottsdale/","6730 E McDowell Rd Unit 145, Scottsdale, AZ 85257, USA"
"KeyMe Locksmiths","(623) 850-3819","locksmith","4.3","47","https://key.me/kiosks/arizona/avondale/palmilla/key-copy-palmilla-arizona","1575 N Dysart Rd, Avondale, AZ 85392, USA"
"Rechaza A/C LLC","(623) 925-9535","hvac-engineer","4.1","47","https://rechazaac.com/","6218 N 59th Ave, Glendale, AZ 85301, USA"
"HOWLAIR Air Conditioning & Heating HVAC","(480) 297-1064","hvac-engineer","4.9","47","https://www.howlairscottsdale.com/","6914 E Grandview Dr, Scottsdale, AZ 85254, USA"
"Premier HVAC Solutions AZ","(480) 501-9053","hvac-engineer","4.9","47","https://www.premierhvacaz.com/","4533 W Keim Dr, Glendale, AZ 85301, USA"
"Apollo Electric LLC","(480) 405-7591","electrician","4.3","46","https://www.apolloelectricaz.com/","6910 E Almeria Rd, Scottsdale, AZ 85257, USA"
"Mr. Electric of Mesa, Gilbert & Chandler","(480) 448-9332","electrician","5","46","https://mrelectric.com/Mesa-Gilbert-Chandler?cid=LSTL_MRE000256","1235 S Gilbert Rd #21, Mesa, AZ 85204, USA"
"1st Plumber Phoenix","(480) 602-0801","plumber","5","46","http://1stplumberphoenix.com/","2745 E McDowell Rd, Phoenix, AZ 85008, USA"
"A+ Air And Aeroseal","(480) 213-9201","hvac-engineer","4.9","46","http://www.aplusairaz.com/","3443 N Alba Cir, Mesa, AZ 85213, USA"
"University Lock & Security, Inc.","(480) 966-4505","locksmith","4.7","46","http://www.ulssecurity.com/","1031 W University Dr, Tempe, AZ 85281, USA"
"Impact Plumbing","(623) 330-0858","plumber","5","46","","11828 N 44th Ave, Glendale, AZ 85304, USA"
"Southwest Plumbing Services LLC","(480) 999-5678","plumber","5","45","http://www.swplumbingservicesaz.com/","3216 N 109th Ave, Avondale, AZ 85392, USA"
"Desert Heroes HVAC","(602) 299-7774","hvac-engineer","5","45","https://desertheroeshvac.com/","814 W Rose Ln, Phoenix, AZ 85013, USA"
"Airpex Cooling, Heating and Plumbing, Inc.","(602) 777-7841","hvac-engineer","4.6","45","https://www.airpexmechanical.com/","575 W Chandler Blvd #225, Chandler, AZ 85225, USA"
"Robinson Plumbing, LLC","(602) 849-5572","plumber","4.8","45","https://robinsonplumbingazllc.com/","10048 N 7th Pl, Phoenix, AZ 85020, USA"
"AAJ Cooling, Inc.","(480) 885-2665","hvac-engineer","4.2","45","https://hvactechrepair.com/?utm_source=google&utm_medium=organic&utm_campaign=gmb-listing","3255 E Washington St, Phoenix, AZ 85034, USA"
"2 Good Plumbers LLC","(602) 565-6408","plumber","4.7","44","http://2goodplumbers.com/","3426 E Glenrosa Ave, Phoenix, AZ 85018, USA"
"Heating Ventilation & Air Conditioning Phoenix","(602) 932-7280","hvac-engineer","5","44","https://www.heatingventilationairconditioningphoenix.com/","20940 N Tatum Blvd, Phoenix, AZ 85050, USA"
"CopperStone Plumbing, LLC","(602) 790-7565","plumber","5","44","http://www.copperstoneplumbing.com/","16845 N 29th Ave Ste 1 PMB 116, Phoenix, AZ 85053, USA"
"Major HVAC l.l.c","(847) 481-9189","hvac-engineer","5","44","","12617 W Windsor Ave, Avondale, AZ 85392, USA"
"Scottsdale Plumbing Co","(480) 945-9583","plumber","4","44","http://www.scottsdaleplumbing.com/?utm_campaign=gmb","7214 E Granada Rd, Scottsdale, AZ 85257, USA"
"Your Phoenix HVAC","(480) 426-9664","hvac-engineer","5","44","https://yourphoenixhvac.net/?utm_source=google&utm_medium=google-profile&utm_id=gmb","15677 N Cave Creek Rd, Phoenix, AZ 85032, USA"
"24/7 Water Conditioning & Plumbing","(623) 206-4892","gas-engineer","4.4","43","https://www.247plumbingaz.com/","18700 N 107th Ave #9B, Sun City, AZ 85373, USA"
"Prime AC Repair Phoenix","(602) 848-8237","hvac-engineer","5","43","http://primeacrepairphoenix.com/","18215 N 25th Ave, Phoenix, AZ 85023, USA"
"Bel-Aire Mechanical Inc","(623) 846-8600","gas-engineer","4","43","http://www.belairemechanical.com/","4201 N 47th Ave, Phoenix, AZ 85031, USA"
"Ricks Advanced Electric LLC","(480) 612-1328","electrician","4.9","43","https://www.ricksadvancedelectric.com/","711 N 22nd St, Mesa, AZ 85213, USA"
"Courtesy Plumbing of AZ, LLC","(623) 247-7952","plumber","4.6","42","https://courtesyplumbingofaz.com/","6014 W Glendale Ave, Glendale, AZ 85301, USA"
"Biltmore Mechanical Heating And Cooling LLC","(602) 885-7328","hvac-engineer","5","42","http://www.biltmoremechanical.com/","5021 N 20th St #10533, Phoenix, AZ 85064, USA"
"Small Plumber Small Prices","(480) 519-7400","plumber","5","42","","5105 S Rockford Dr, Tempe, AZ 85282, USA"
"Iconic Plumbing Services, LLC","(480) 442-5644","plumber","4.7","42","http://www.iconicplumbingservices.com/","663 W 2nd Ave #10, Mesa, AZ 85210, USA"
"Transcend Air Heating/Cooling LLC","(602) 725-6793","hvac-engineer","5","42","https://transcendaircomfort.com/","2632 S 83rd Ave #100-487, Phoenix, AZ 85043, USA"
"NPL Construction Co","(623) 878-9115","gas-engineer","4.1","42","https://gonpl.com/","7326 N Glen Harbor Blvd, Glendale, AZ 85307, USA"
"Copper Pro Services","(480) 772-8170","electrician","5","42","http://www.copperproservices.com/","320 W Lone Cactus Dr STE 6, Phoenix, AZ 85027, USA"
"Drain Squad A Plumbing & Drain","(623) 594-4333","plumber","4.5","42","http://www.drainsquadplumbing.com/","4446 N 126th Dr, Litchfield Park, AZ 85340, USA"
"Chilled Haven Air, LLC.","(602) 881-9867","hvac-engineer","5","41","https://www.chilledhavenair.com/?UTM_source=GBP_listing&UTM_medium=organic&source=gmb","1136 E Harmony Ave #205, Mesa, AZ 85204, USA"
"Total Pro AC","(480) 261-3638","hvac-engineer","5","41","https://totalproac.com/","20551 N Pima Rd # 200, Scottsdale, AZ 85255, USA"
"Laszlos Plumbing","(602) 291-6500","plumber","4.6","41","https://masterplumbingbylaszlo.com/","2522 W Charter Oak Rd, Phoenix, AZ 85029, USA"
"Lomeli Air Heating and Cooling","(602) 586-0088","hvac-engineer","5","41","https://lomeliairllc.jobbersites.com/","2103 S 123rd Dr, Avondale, AZ 85323, USA"
"Absolute Air AZ","(480) 493-5292","hvac-engineer","4.4","41","http://www.absoluteairaz.com/","3100 W Ray Rd #201, Chandler, AZ 85226, USA"
"Heatwave Water Heater Service","(480) 714-2426","gas-engineer","5","41","https://heatwave.plumbing/","1616 N Central Ave, Phoenix, AZ 85004, USA"
"Emergency Plumbing Hero","(602) 301-1664","plumber","5","41","https://www.yourplumbinghero.com/","6737 W Glendale Ave, Glendale, AZ 85303, USA"
"Deer Valley Plumbing & Air Conditioning","(623) 283-4500","plumber","5","41","https://www.deervalleyplumbing.com/?utm_source=GMB&utm_medium=organic&utm_campaign=glendale","9524 W Camelback Rd STE 130-440, Glendale, AZ 85305, USA"
"Phoenix Contracting Services, Inc. - Professional Electrical Services","(602) 564-1144","electrician","5","41","http://www.phoenixcontractingservices.com/","3310 W Bell Rd #1006, Phoenix, AZ 85053, USA"
"Pacman Plumbing, LLC","(480) 389-7581","plumber","4.8","41","https://www.pacmanplumbing.com/","2537 W Lane Ave, Phoenix, AZ 85051, USA"
"Darrels drain cleaning & locating","(602) 402-3727","drain-specialist","4.4","41","http://www.phxdraincleaning.com/","10909 W Camelot Cir, Sun City, AZ 85351, USA"
"Locksmith Phoenix","(602) 903-1648","locksmith","4.9","41","https://locksmith-arizona.com/locksmith-phoenix/","100 W Maryland Ave, Phoenix, AZ 85013, USA"
"Mechanical Brothers Heating and Cooling LLC","(602) 864-8888","hvac-engineer","5","40","https://mbrothersac.com/","3339 W Juniper Ave, Phoenix, AZ 85053, USA"
"RKS Plumbing & Mechanical","(602) 996-1866","gas-engineer","3.3","40","http://www.rksplumbing.com/","23659 N 35th Dr, Glendale, AZ 85310, USA"
"Goliath Mechanical Heating and Cooling","(623) 332-7286","hvac-engineer","4.8","40","https://goliathmechanical.com/","3961 E Chandler Blvd Ste 111, Phoenix, AZ 85048, USA"
"HQ Plumbing and Air","(602) 675-1555","plumber","4.9","40","https://www.hqplumbingandair.com/","17423 N 25th Ave #1, Phoenix, AZ 85023, USA"
"Spectrum Mechanical & Plumbing Contractors Services","(602) 944-3999","hvac-engineer","4.3","40","https://www.spectrumaz.com/","33 S 56th St, Chandler, AZ 85226, USA"
"Kearney Electric - Communications","(602) 437-0235","electrician","4.2","40","http://www.kearneyaz.com/","3609 E Superior Ave, Phoenix, AZ 85040, USA"
"Phoenix HVAC Air Conditioning","(928) 433-0801","hvac-engineer","4.9","40","","101 W Portland St, Phoenix, AZ 85003, USA"
"Forbes Refrigeration & Air Conditioning","(480) 266-5211","hvac-engineer","4.9","40","https://forbesrefrigeration.com/?utm_source=gbp&utm_medium=organic&utm_campaign=website+button","7291 E Adobe Dr Ste 105, Scottsdale, AZ 85255, USA"
"Turn Key Mechanical","(480) 401-4049","hvac-engineer","4.8","39","https://www.tkmarizona.com/","2325 E Jacaranda St, Mesa, AZ 85213, USA"
"JCPRO Handyman Services & Renovation","(602) 332-7008","electrician","4.9","39","http://johnnycs.com/","3227 E Kerry Ln, Phoenix, AZ 85050, USA"
"West Coast Plumbing and Air","(623) 582-1117","plumber","5","39","http://westcoastplumbingandair.com/","2222 W Parkside Ln # 121, Phoenix, AZ 85027, USA"
"ALLPRO, by Denali","(623) 776-3230","drain-specialist","4.9","39","https://www.denalicorp.com/our-brands/appumping/","6525 W State Ave, Glendale, AZ 85301, USA"
"AAA Ajax Pumping Service, Inc.","(602) 278-0075","gas-engineer","4","38","http://www.ajaxpumping.com/","2433 S 7th Ave, Phoenix, AZ 85007, USA"
"Air Conditioning Heating Ventilation Certify HVAC","(480) 501-1310","hvac-engineer","4.9","38","http://www.certifyhvac.com/","3832 E Bighorn Ave, Phoenix, AZ 85044, USA"
"Mustang plumbing and rooter service","(602) 216-9256","plumber","4.5","38","","1525 W Palmer Dr, Phoenix, AZ 85021, USA"
"All Flow Mechanical","(623) 695-0368","hvac-engineer","4.9","38","http://www.allflowmechanical.com/","14641 N 61st Dr, Glendale, AZ 85306, USA"
"Electrician Pros Tempe","(480) 588-2412","electrician","4.9","38","http://www.electricianprostempe.com/","Tempe, AZ 85282, USA"
"RM3 Mechanical","(480) 270-8321","hvac-engineer","5","38","http://www.rm3mechanical.com/","2123 S Priest Dr #215, Tempe, AZ 85282, USA"
"Mesa Premier Locksmith & Garage Repair LLC","(480) 764-2839","locksmith","5","38","https://mesa-premier.com/","330 E Southern Ave STE 5, Mesa, AZ 85210, USA"
"All Season Plumbing And Air","(623) 343-2503","plumber","5","38","https://allseasonsplumbingandair.com/mesa","244 N Country Club Dr #201, Mesa, AZ 85201, USA"
"Broggie Electric","(661) 714-4132","electrician","5","38","https://www.broggieelectric.com/","1191 S Crossbow Pl, Chandler, AZ 85286, USA"
"Omazing Air","(602) 677-9166","hvac-engineer","5","37","https://omazingair.com/","660 N Neely St #3, Gilbert, AZ 85233, USA"
"Lara's Auto Repair","(623) 907-8454","hvac-engineer","4.1","37","","112 N 69th Ave, Phoenix, AZ 85043, USA"
"AC Air conditioning & Heating","(602) 313-3802","hvac-engineer","4.5","37","","10545 W McDowell Rd, Avondale, AZ 85392, USA"
"BCF Heating & Cooling, LLC","(602) 327-8814","hvac-engineer","5","37","http://bcfheatingandcooling.com/","6990 W Kings Ave, Peoria, AZ 85382, USA"
"Cold Stinger Heating And Air Conditioning Phoenix Arizona","(623) 521-6448","hvac-engineer","4.9","37","https://coldstingerheatingandairconditioning.com/","1720 E Wood St, Phoenix, AZ 85040, USA"
"Locksmith Phoenix Mobile Locksmith","(602) 834-2303","locksmith","4.4","37","https://mobile-locksmith.net/locksmith-phoenix/","5718 N 36th Dr, Phoenix, AZ 85019, USA"
"A/C Handyman LLC","(480) 343-2530","hvac-engineer","4.6","37","https://www.air-conditioning-arizona.com/","104 S Pomeroy, Mesa, AZ 85210, USA"
"API Plumbing, Inc.","(602) 843-8474","drain-specialist","4.6","36","http://apiplumbing.com/","936 N Stadem Dr, Tempe, AZ 85288, USA"
"United Air Cooling & Heating Phoenix","(602) 654-3522","hvac-engineer","5","36","","Squaw Peak Plaza, 2048 E Thomas Rd, Phoenix, AZ 85016, USA"
"American Air Conditioning & Heating","(480) 436-7071","hvac-engineer","5","36","","2580 W Chandler Blvd, Chandler, AZ 85224, USA"
"Barone Electrical Services Inc","(602) 993-5628","electrician","4.8","36","http://www.baroneelectric.com/","610 E Bell Rd ste 2-121, Phoenix, AZ 85022, USA"
"Ethan & Sons HVAC","(623) 400-8556","hvac-engineer","4.8","36","https://ethanhvac.best/","1825 W Bell Rd, Phoenix, AZ 85023, USA"
"Foquito Electric","(480) 330-8438","electrician","5","36","","Country Club & Southern, S Country Club Dr, Mesa, AZ 85210, USA"
"Triple M Electric","(480) 818-8126","electrician","4.9","36","","2816 E Jones Ave # 1, Phoenix, AZ 85040, USA"
"KeyMe Locksmiths","(623) 244-8204","locksmith","4.1","35","https://key.me/kiosks/arizona/laveen/laveen/key-copy-laveen-arizona","5140 W Baseline Rd, Laveen Village, AZ 85339, USA"
"Trilogy Electrical Solutions LLC","(480) 251-5611","electrician","5","35","https://trilogyelectricalsolutions.com/","5213 W Dobbins Rd, Laveen Village, AZ 85339, USA"
"APS Plumbing AZ: AQUA Plumbing Services","(480) 572-4807","plumber","5","35","https://apsplumbingaz.com/","6730 E McDowell Rd Suit 120, Scottsdale, AZ 85257, USA"
"AC For Less","(602) 910-3894","hvac-engineer","4.7","35","","2232 E Rose Garden Loop suite 2, Phoenix, AZ 85024, USA"
"Phoenix Heating and Air Conditioning","(602) 364-9629","hvac-engineer","4.8","35","","2203 N 24th Pl, Phoenix, AZ 85008, USA"
"PRO-LOCK & SAFE Phoenix Mobile Locksmith Lockout & Key Service","(602) 482-9855","locksmith","4.3","35","http://phoenixlocksmithservice.org/","13026 N Cave Creek Rd #101, Phoenix, AZ 85022, USA"
"Pipe Masters Plumbing & Sewer","(480) 707-3067","plumber","4.8","35","https://www.pipemastersaz.com/","1210 W Alameda Dr Suite 103, Tempe, AZ 85282, USA"
"Cannon & Wendt Electric Co.","(602) 279-1681","electrician","4.7","35","http://www.cannon-wendt.com/","4020 N 16th St, Phoenix, AZ 85016, USA"
"Canyon State Electric","(602) 437-3088","electrician","3.6","35","https://canyonstateelectric.com/","1618 S Priest Dr #101, Tempe, AZ 85281, USA"
"KeyMe Locksmiths","(480) 405-1385","locksmith","4.5","35","https://key.me/kiosks/arizona/mesa/mesa/copy-keys-mesa-arizona","554 W Baseline Rd, Mesa, AZ 85210, USA"
"Your Chandler Electrician","(480) 939-3336","electrician","4.8","34","","2139 N Yucca Ct, Chandler, AZ 85224, USA"
"Umbrella Plumbing","(480) 869-6952","plumber","4.4","34","http://www.tryumbrellaplumbing.com/","3434 N San Marcos Pl, Chandler, AZ 85225, USA"
"Enviro tech AC and Heating - Air Conditioning","(480) 628-9522","hvac-engineer","4.8","34","http://envirotechvac.com/","4502 E Monte Way, Phoenix, AZ 85044, USA"
"DRAIN SURGEONS","(480) 696-1777","drain-specialist","5","34","https://drainsurgeonsaz.com/","14201 Hayden Rd, Scottsdale, AZ 85260, USA"
"KeyMe Locksmiths","(602) 975-3353","locksmith","4.2","34","https://key.me/kiosks/arizona/phoenix/phoenix/make-copy-cut-keys-phoenix-az","3036 E Thomas Rd, Phoenix, AZ 85016, USA"
"The Cool Saguaro LLC","(602) 549-9119","hvac-engineer","5","34","http://www.thecoolsaguaro.com/","2441 W Adams St, Phoenix, AZ 85009, USA"
"Frederick & Sons Air Conditioning & Plumbing","(480) 332-6589","hvac-engineer","4.3","34","https://www.frederickandsons.com/","170 S William Dillard Dr Building #6, Suite 117, Gilbert, AZ 85233, USA"
"ASAP Repipe Pros","(480) 800-7611","plumber","4.5","33","https://asapplumbingaz.com/","1221 W Warner Rd #104, Tempe, AZ 85284, USA"
"Your Mesa Electrician - Electrical Contractor","(480) 701-4348","electrician","5","33","http://www.yourmesaelectrician.com/","1740 S Robin Ln, Mesa, AZ 85204, USA"
"Bjelde Electric","(480) 659-1059","electrician","4.7","33","https://www.bjeldeelectric.com/","415 S 48th St Unit.111, Tempe, AZ 85281, USA"
"Arcadia Locksmith","(480) 343-3349","locksmith","5","32","https://arcadialocksmithphoenix.com/","815 N 52nd St #1062, Phoenix, AZ 85008, USA"
"Koolit Air Conditioning and Heating Installation and Repair Services","(602) 689-9961","hvac-engineer","5","31","https://koolitac.com/","19230 N 40th St, Phoenix, AZ 85050, USA"
"Ez AC Repair Scottsdale","(602) 848-8238","hvac-engineer","5","31","http://ezacrepairscottsdale.com/","20247 Hayden Rd, Scottsdale, AZ 85255, USA"
"Phoenix Air Dynamics","(602) 621-3797","hvac-engineer","5","31","https://phxairdynamics.com/","3206 S Fair Ln, Tempe, AZ 85282, USA"
"Flash Air Conditioning & Heating Llc","(480) 297-2738","hvac-engineer","5","31","https://flashairconditioningandheating.godaddysites.com/","868 E 8th Pl, Mesa, AZ 85203, USA"
"Gorilla Air","(602) 578-5001","hvac-engineer","4.6","31","https://gorillaair-llc.com/","2401 S 18th St #2, Phoenix, AZ 85034, USA"
"Hayden Electric Inc.","(623) 434-0608","electrician","3.2","31","https://haydenelectricinc.com/","940 W Melinda Ln, Phoenix, AZ 85027, USA"
"Appliance Repair & HVAC Repair Phoenix","(480) 269-8504","hvac-engineer","5","31","","7919 E Thomas Rd, Scottsdale, AZ 85251, USA"
"Global HVAC and Appliances LLC","(602) 754-6303","hvac-engineer","5","31","https://globalhvacandappliances.com/","7014 W Cameron Dr, Peoria, AZ 85345, USA"
"The Trusted Plumber","(623) 201-4565","plumber","4.7","31","https://www.thetrustedplumber.com/","7611 N 74th Ave #2, Glendale, AZ 85303, USA"
"AC TO THE MAX, INC","(480) 721-1810","hvac-engineer","4.1","31","https://actothemax.com/","2526 E Greenway Pkwy, Phoenix, AZ 85022, USA"
"Wellco Electric","(602) 242-4454","electrician","4.7","30","https://wellcoaz.com/","645 W Coolidge St, Phoenix, AZ 85013, USA"
"Around the Sun Heating and Cooling","(623) 303-8449","hvac-engineer","4.9","30","http://www.aroundthesunaz.com/?utm_source=organic&utm_medium=gbp","150 N William Dillard Dr D113, Gilbert, AZ 85233, USA"
"Big Titan Electrical Service","(602) 838-1940","electrician","4.8","30","","11235 W Joblanca Rd, Avondale, AZ 85323, USA"
"Arizon Auto Repair Inc","(602) 380-7172","hvac-engineer","4.6","30","","309 N 39th Ave, Phoenix, AZ 85009, USA"
"Northwest Air Cooling & Heating","(623) 246-5698","hvac-engineer","5","30","","7613 W Bell Rd, Peoria, AZ 85382, USA"
"Danielsheatingandacservice","(224) 600-0874","hvac-engineer","5","30","","19230 N 78th Ln, Glendale, AZ 85308, USA"
"Arizona Discount Electric","(602) 910-7370","electrician","4.9","30","https://arizonadiscountelectric.net/","18444 N 25th Ave Suite 420 759, Phoenix, AZ 85023, USA"
"Your Phoenix HVAC Contractor","(602) 753-4851","hvac-engineer","5","30","https://www.heatingcoolingphoenix.com/?utm_source=google&utm_medium=google-profile&utm_campaign=gmb","2740 E Marguerite Ave, Phoenix, AZ 85040, USA"
"Klein Heating and Cooling","(602) 377-6520","hvac-engineer","5","30","https://kleinheatingcooling.com/","11024 N 22nd Ave suite 3, Phoenix, AZ 85029, USA"
"Valleywide Plumbing","(602) 439-4771","plumber","4","29","https://nexlvlservices.com/","3112 W Virginia Ave, Phoenix, AZ 85009, USA"
"Blue Plumbing LLC","(602) 618-0900","plumber","4.3","29","http://www.blueplumbingphx.com/","19025 N 13th Pl, Phoenix, AZ 85024, USA"
"Glendale HVAC Services","(623) 463-7111","hvac-engineer","5","29","https://www.yourglendalehvac.com/","6529 W Glendale Ave, Glendale, AZ 85301, USA"
"CLW Plumbing","(602) 690-3111","plumber","4.8","29","http://www.clwplumbing.com/","1943 W North Ln #8, Phoenix, AZ 85021, USA"
"Icon Electric LLC","(480) 801-9200","electrician","5","29","https://www.icon-ec.com/","1525 W 10th Pl, Tempe, AZ 85281, USA"
"Klimate King A/C & Heating","(623) 933-4127","hvac-engineer","4.8","29","http://www.klimateking.com/","11713 W Thunderbird Rd, El Mirage, AZ 85335, USA"
"Electrical Contractors in Mesa Arizona","(480) 939-3263","electrician","5","28","http://www.yourmesaelectrician.com/about-us/","1111 S San Jose, Mesa, AZ 85202, USA"
"GEN-TECH: Generator Sales, Rentals, Emergency Service 24/7","(623) 937-1719","gas-engineer","4.6","28","http://www.gentechusa.com/","7901 N 70th Ave, Glendale, AZ 85303, USA"
"HOFFMAN REFRIGERATION","(602) 953-1234","hvac-engineer","3.6","28","","1410 E Tierra Buena Ln, Phoenix, AZ 85022, USA"
"Ace Plumbers Phoenix AZ","(602) 603-4819","plumber","4.9","28","","10521 Cll De Las Casitas, Phoenix, AZ 85037, USA"
"County Electric Co Llc","(623) 221-6033","electrician","4.3","28","http://www.countyelectricco.com/","21636 N 14th Ave a1, Phoenix, AZ 85027, USA"
"Electrician Pros Peoria","(928) 928-4927","electrician","5","28","http://www.electricianprospeoriaaz.com/","8385 Grand Ave, Peoria, AZ 85345, USA"
"Dirt Dog Plumbing","(480) 558-3190","drain-specialist","4.3","28","http://dirtdogplumbingaz.com/","456 E Juanita Ave # 1, Mesa, AZ 85204, USA"
"Elite Plumbers Phoenix","(602) 854-7717","plumber","5","27","https://eliteplumbersphoenix.com/","6044 S 16th St #150, Phoenix, AZ 85042, USA"
"Rush HVAC Services","(602) 370-6847","hvac-engineer","5","27","https://rushhvacservices.com/","2475 W Pecos Rd #1096, Chandler, AZ 85224, USA"
"Phoenix Lock & Locksmith.","(480) 582-3880","locksmith","3.9","27","http://www.phoenixlocklocksmith.com/","2406 S 24th St Ste 210D, Phoenix, AZ 85034, USA"
"Child Air Conditioning & Heating Inc.","(480) 894-2245","hvac-engineer","5","27","http://www.childac.com/","309 S MacDonald, Mesa, AZ 85210, USA"
"The Locksmith Master's LLC","(480) 401-2321","locksmith","4.1","27","https://thelocksmithmastersaz.com/","17222 N Central Ave, Phoenix, AZ 85022, USA"
"Rod Electric, Llc","(602) 501-1473","electrician","4.4","27","http://www.rodelectricllc.com/","1438 W 12th Pl, Tempe, AZ 85281, USA"
"Econolight Electrical","(602) 230-7079","electrician","4.7","27","http://www.econo-light.com/","32 W Hatcher Rd, Phoenix, AZ 85021, USA"
"Brylee Tempe Electric Experts","(520) 652-3404","electrician","4.9","27","","2609 W Southern Ave, Tempe, AZ 85282, USA"
"Coronado HVAC LLC","(602) 538-3616","hvac-engineer","5","26","http://www.coronadohvac.com/","2730 W Royal Palm Rd, Phoenix, AZ 85051, USA"
"A+ Locksmith","(602) 247-7800","locksmith","5","26","https://apluslocksmithphoenix.com/","2310 W Bell Rd ste 9, Phoenix, AZ 85023, USA"
"Emergency Plumbing, LLC","(480) 425-8262","plumber","3.2","26","","7735 E Gelding Dr, Scottsdale, AZ 85260, USA"
"KJ's Cooling & Heating","(602) 795-6754","hvac-engineer","4.1","26","","20815 North 25th Pl STE 105, Phoenix, AZ 85050, USA"
"Cactus Plumbing And Air","(480) 750-7647","plumber","4.9","26","https://cactusplumbingandair.com/mesa-plumber-and-ac-repair/?utm_source=gmb&utm_medium=mesa","244 N Country Club Dr #207, Mesa, AZ 85201, USA"
"AME Electrical Contracting Inc","(602) 437-7222","electrician","3.6","25","http://www.ameelectrical.com/","7120 S Priest Dr, Tempe, AZ 85283, USA"
"John Bond Contracting","(602) 820-2111","hvac-engineer","4.2","25","http://www.johnbondac.com/","15812 N 32nd St B7, Phoenix, AZ 85032, USA"
"Valleywide Dig and Haul","(480) 275-2180","gas-engineer","4.8","25","https://valleywidedigandhaul.com/","14435 N 7th St # 300A, Phoenix, AZ 85022, USA"
"Delaney's plumbing","(602) 421-8208","plumber","5","25","http://delaneysplumbingaz.com/","4238 N 35th St, Phoenix, AZ 85018, USA"
"KeyMe Locksmiths","(480) 568-2057","locksmith","4.2","25","https://key.me/kiosks/arizona/mesa/mesa/locksmith-key-copy-mesa-fry-s-85204-arizona","2727 E Broadway Rd, Mesa, AZ 85204, USA"
"Phoenician Plumbing LLC","(623) 290-3272","plumber","4.8","25","http://www.phoenicianplumbing.com/?utm_source=google&utm_medium=wix_google_business_profile&utm_campaign=16294771040885588611","9007 W Malapai Dr, Peoria, AZ 85345, USA"
"Arizona Electrical Solutions Phoenix, LLC","(602) 396-5216","electrician","4.7","25","http://phoenixarizonaelectrician.com/","1 E Washington St STE#500, Phoenix, AZ 85004, USA"
"Arid Valley Plumbing","(602) 428-0707","plumber","4.7","25","https://aridvalleyaz.com/","2205 W Lone Cactus Dr Suite C-5, Phoenix, AZ 85027, USA"
"Fast Track Heating & Cooling LLC","(602) 799-5557","hvac-engineer","5","25","https://fasttrackheatingandcooling.com/","525 N Val Vista Dr, Mesa, AZ 85213, USA"
"KeyMe Locksmiths","(480) 568-2726","locksmith","3.6","24","https://key.me/kiosks/arizona/phoenix/phoenix/locksmith-key-copy-phoenix-fry-s-85042-arizona","2250 E Baseline Rd, Phoenix, AZ 85042, USA"
"Legacy Plumbing Solutions LLC","(602) 559-1095","plumber","5","24","https://www.legacyplumbsol.com/","1344 S Mosley Ct, Chandler, AZ 85286, USA"
"KeyMe Locksmiths","(928) 460-7175","locksmith","4","24","https://key.me/kiosks/arizona/scottsdale/scottsdale/copy-keys-scottsdale-arizona","7770 E McDowell Rd, Scottsdale, AZ 85257, USA"
"QuickCall Electric Co","(520) 839-3585","electrician","4.8","24","","15608 N Pima Rd, Scottsdale, AZ 85260, USA"
"Reliable Tempe Heating & Air Conditioning","(602) 899-3051","hvac-engineer","5","24","https://reliabletempeheatingairconditioning.com/","6465 S Rural Rd, Tempe, AZ 85283, USA"
"Elite Air Conditioning Tempe Specialists","(602) 899-3048","hvac-engineer","5","24","https://eliteairconditioningtempespecialists.com/","108 E 7th St, Tempe, AZ 85281, USA"
"Colonial Electric","(480) 252-4908","electrician","4.6","24","https://colonialelectricaz.com/","16050 N 76th St #102, Scottsdale, AZ 85260, USA"
"Drainiology","(480) 256-9226","plumber","5","24","https://www.drainiology.com/","208 W Portland St UNIT 558, Phoenix, AZ 85003, USA"
"IMCOR","(602) 257-1319","gas-engineer","4.4","24","https://www.imcor-az.com/","1841 E Washington St, Phoenix, AZ 85034, USA"
"Arizona EZ AC","(480) 660-6604","hvac-engineer","5","24","https://azezac.com/","1689 E Sheffield Ave, Chandler, AZ 85225, USA"
"Delta Diversified Enterprises Inc","(480) 831-0532","electrician","3.9","24","http://www.deltadiv.com/","425 W Gemini Dr, Tempe, AZ 85283, USA"
"Varsity Zone HVAC of Scottsdale","(480) 771-2701","hvac-engineer","5","24","http://www.varsityzone.com/scottsdale-az","1403 W 10th Pl Ste B-121, Tempe, AZ 85281, USA"
"Locksmith Masters Of Tempe","(623) 252-6486","locksmith","4.5","24","http://thelocksmithmastersaz.com/","64 E Broadway Rd #200, Tempe, AZ 85282, USA"
"Professional Air Conditioning Repair Peoria","(520) 842-5107","hvac-engineer","5","24","https://professionalairconditioningrepairpeoria.com/","9299 N 93rd Ave, Peoria, AZ 85345, USA"
"Team Fishel","(602) 233-0658","gas-engineer","4","24","https://www.teamfishel.com/","1819 S 27th Ave, Phoenix, AZ 85009, USA"
"PM Plumbing & Mechanical, Inc.","(480) 844-2892","plumber","4.5","24","http://www.pmplumbingaz.com/","660 E Main St #8768, Mesa, AZ 85203, USA"
"Iron Horse Plumbing & Air","(480) 808-9990","plumber","5","24","https://ironhorseair.com/","1917 E 5th St, Tempe, AZ 85288, USA"
"Arizona Air Experts","(602) 253-6995","hvac-engineer","4.1","24","http://www.azacexperts.com/","10645 N Tatum Blvd #200-215, Phoenix, AZ 85028, USA"
"Reliable Chandler HVAC Services","(520) 842-5055","hvac-engineer","5","24","https://reliablechandlerhvacservices.com/","1928 W Chandler Blvd, Chandler, AZ 85224, USA"
"A Quality Electric","(602) 867-0806","electrician","3.6","23","","12620 N Cave Creek Rd Suite #10, Phoenix, AZ 85022, USA"
"Star Electric Phoenix","(520) 346-8935","electrician","4.1","23","","7443 W Hatcher Rd, Peoria, AZ 85345, USA"
"Complete Phoenix HVAC Solutions","(480) 999-6097","hvac-engineer","5","23","https://completephoenixhvacsolutions.com/","1627 N 59th Ave, Phoenix, AZ 85035, USA"
"State 48 Drain Service","(480) 477-8842","plumber","5","23","","2266 S Dobson Rd #200, Mesa, AZ 85202, USA"
"All Season Plumbing And Air","(623) 462-1482","plumber","5","23","http://allseasonsplumbingandair.com/phoenix","2942 N 24th St #205, Phoenix, AZ 85016, USA"
"4 Seasons Hvac LLC","(623) 418-0120","hvac-engineer","5","23","https://4-hvac.com/","9358 W Devonshire Ave, Phoenix, AZ 85037, USA"
"A1 Handyman Services","(480) 944-0444","plumber","5","23","https://a1handyman.pro/","13802 N Scottsdale Rd #151, Scottsdale, AZ 85254, USA"
"Navarro Plumbing Services LLC","(602) 750-5551","plumber","4.4","23","","5526 N 84th Ln, Glendale, AZ 85305, USA"
"Air Conditioning by Roberts","(602) 258-6650","hvac-engineer","3.9","23","https://acbyroberts.godaddysites.com/","1421 E McDowell Rd, Phoenix, AZ 85006, USA"
"BAMS Electrical Services LLC","(928) 478-8967","electrician","5","23","https://mesaelectricalcontractor.org/","3318 E Jerome Ave, Mesa, AZ 85204, USA"
"W. D. Manor Mechanical Contractors, Inc","(602) 253-0703","gas-engineer","4.7","23","https://wdmanor.com/","1838 N 23rd Ave, Phoenix, AZ 85009, USA"
"Red Eagle Plumbing","(602) 374-2220","plumber","4.4","23","http://redeagleplumbingusa.com/","4647 S 7th Ave, Phoenix, AZ 85041, USA"
"SD Electrical","(480) 382-7345","electrician","4.8","22","http://www.sdephx.com/","505 W 8th Ave #16, Mesa, AZ 85210, USA"
"Duran Ac","(602) 768-2302","hvac-engineer","4.1","22","","1922 N 25th Dr, Phoenix, AZ 85009, USA"
"Mint Home","(602) 767-0800","hvac-engineer","4.9","22","https://www.minthome.com/","6044 S 16th St #180, Phoenix, AZ 85042, USA"
"East Valley Mechanical, LLC","(623) 323-8460","hvac-engineer","5","22","https://www.eastvalleymechanical.com/","7411 W Boston St STE 2, Chandler, AZ 85226, USA"
"The Twin Home Experts","(602) 892-0661","plumber","4.3","22","http://www.twinplumbing.com/","9375 E Shea Blvd, Scottsdale, AZ 85260, USA"
"Reliable Heating and Cooling Scottsdale","(520) 842-5085","hvac-engineer","5","22","https://reliableheatingandcoolingscottsdale.com/","8149 Rose Ln, Scottsdale, AZ 85250, USA"
"Cerrajeria El Pariente","(602) 299-3939","locksmith","3.7","22","https://www.cerrajeriaenphoenix.com/mesa-arizona/","137 N Country Club Dr, Mesa, AZ 85201, USA"
"SS Heating & Air Conditioning","(623) 383-1447","hvac-engineer","4.8","22","http://ssheatingandair.net/","2313 W Orchid Ln, Phoenix, AZ 85021, USA"
"GLOBAL AIR","(623) 849-8831","hvac-engineer","5","22","http://www.globalairaz.com/","2216 N 67th Cir, Phoenix, AZ 85035, USA"
"Fresh American Air","(480) 434-5432","hvac-engineer","5","22","https://freshamericanair.com/","511 N Lewis, Mesa, AZ 85201, USA"
"Rapid Air Conditioning Phoenix Services","(602) 842-9331","hvac-engineer","5","21","https://rapidairconditioningphoenixservices.com/","15632 N Black Cyn Hwy, Phoenix, AZ 85053, USA"
"KeyMe Locksmiths","(623) 232-0698","locksmith","5","21","https://key.me/kiosks/arizona/phoenix/phoenix/locksmith-key-copy-phoenix-fry-s-85023-arizona","18420 N 19th Ave, Phoenix, AZ 85023, USA"
"IES Residential","(602) 997-7511","electrician","3.8","21","https://www.iesresidential.com/","4339 E University Dr, Phoenix, AZ 85034, USA"
"Phoenix HVAC","(480) 908-6255","hvac-engineer","4.4","21","","1707 W Bell Rd, Phoenix, AZ 85023, USA"
"Daniel Electrical Solutions","(520) 376-7267","electrician","4.9","21","","3934 W Palo Verde Dr, Phoenix, AZ 85019, USA"
"JV7 Plumbing LLC","(602) 621-7894","plumber","5","21","http://jv7plumbingllc.com/","7502 N 47th Dr A14, Glendale, AZ 85301, USA"
"Rooter Relief Plumbing & Drains","(818) 484-0922","plumber","5","21","http://www.rooterreliefplumbing.com/","5042 N 65th Ave, Glendale, AZ 85301, USA"
"Superior Phoenix HVAC Solutions","(480) 999-2564","hvac-engineer","5","21","https://superiorphoenixhvacsolutions.com/","3130 W Indian School Rd, Phoenix, AZ 85017, USA"
"Ron Brock's Heating And Cooling Inc","(623) 939-9970","hvac-engineer","4.2","21","https://ronbrocks.com/","6009 N 57th Dr, Glendale, AZ 85301, USA"
"Wang Electric Systems","(602) 324-5350","electrician","4.2","20","https://wangelectric.com/","4107 E Winslow Ave Suite C, Phoenix, AZ 85040, USA"
"Phoenix AC Air Conditioning & Heating Inc","(602) 847-3430","hvac-engineer","5","20","","13811 N 35th Dr, Phoenix, AZ 85053, USA"
"Karl Meyer Air Conditioning & Heating","(602) 265-1224","hvac-engineer","4.6","20","http://www.karlmeyer.com/","4848 E Cactus Rd, Scottsdale, AZ 85254, USA"
"KeyMe Locksmiths","(480) 418-3692","locksmith","4.2","20","https://key.me/kiosks/arizona/mesa/mesa/locksmith-key-copy-mesa-fry-s-85201-arizona","1245 W Main St, Mesa, AZ 85201, USA"
"LBC PLUMBING LLC","(602) 516-5479","plumber","5","20","","Phoenix, AZ 85033, USA"
"A.C. Desert Electric Inc.","(623) 487-0687","electrician","4.7","20","https://www.acdesertelectric.com/","22238 N 90th Ave, Peoria, AZ 85383, USA"
"ThoroughBred AC LLC","(253) 281-7196","hvac-engineer","5","20","","922 N Yale Dr, Gilbert, AZ 85234, USA"
"Double Check Cooling and Heating","(480) 602-4880","hvac-engineer","4.9","20","","7014 E Camelback Rd, Scottsdale, AZ 85251, USA"
"Blue Mountain Cooling","(602) 469-7369","hvac-engineer","5","20","https://www.bluemountaincooling.com/","4755 E Olney Dr, Phoenix, AZ 85044, USA"
"Centuri Group, Inc.","(623) 582-1235","gas-engineer","3.7","19","https://centuri.com/","19820 N 7th Ave Suite 120, Phoenix, AZ 85027, USA"
"Eagle Pro Services LLC","(480) 650-2578","electrician","4.6","19","https://eagleproservice.com/","1460 E Bell Rd, Phoenix, AZ 85022, USA"
"United Refrigeration Inc","(623) 474-2500","hvac-engineer","4.5","19","http://www.uri.com/","407 S 107th Ave Bldg. A, #18&20, Tolleson, AZ 85353, USA"
"Ice Cold Air LLC","(602) 380-1345","hvac-engineer","4.4","19","http://www.icecoldairllc.com/","8584 E McDonald Dr, Scottsdale, AZ 85250, USA"
"East Valley Locksmith Mesa","(480) 923-3658","locksmith","4.5","19","https://eastvalley-locksmith.com/locksmith-mesa-az/","1033 S Longmore, Mesa, AZ 85202, USA"
"Prestige Plumbing Company","(480) 215-0629","plumber","4.8","19","http://prestigeplumbingcompany.com/?utm_source=gmb&utm_medium=referral","1120 E Jarvis Ave, Mesa, AZ 85204, USA"
"Simply Better Plumbing and Drain","(480) 993-2230","plumber","4.8","19","https://www.simplybetterplumbinganddrain.com/","535 W Iron Ave #105, Mesa, AZ 85210, USA"
"Five Star Air","(623) 303-8644","hvac-engineer","5","19","https://fivestar-airconditioning.com/","2401 W Behrend Dr Unit 35, Phoenix, AZ 85027, USA"
"Phoenix Electrical Contracting","(866) 650-9644","electrician","4.9","19","","4717 N 39th Dr, Phoenix, AZ 85019, USA"
"Minute Key","(480) 338-4903","locksmith","3.4","19","https://www.minutekey.com/key-services/arizona/tempe/locksmith-key-copy-duplication-777-east-baseline-road/372/","777 E Baseline Rd, Tempe, AZ 85283, USA"
"Jake's Electric Inc","(602) 838-4035","electrician","4.6","19","https://www.jakeselectric.com/","12310 W Berry Ln, El Mirage, AZ 85335, USA"
"CARGO AIR COOLING & HEATING LLC","(602) 741-8484","hvac-engineer","5","18","","6532 W Poinsettia Dr, Glendale, AZ 85304, USA"
"Trusted Heating and Cooling Laveen","(520) 842-5100","hvac-engineer","5","18","https://trustedheatingandcoolinglaveen.com/","5015 W Baseline Rd, Laveen Village, AZ 85339, USA"
"Hyde Electric, Inc.","(602) 669-3826","electrician","4.3","18","","1717 E Van Buren St #100, Phoenix, AZ 85006, USA"
"KeyMe Locksmiths","(480) 637-3253","locksmith","4.1","18","https://key.me/kiosks/arizona/phoenix/phoenix/locksmith-key-copy-phoenix-fry-s-85032-arizona","3246 E Bell Rd, Phoenix, AZ 85032, USA"
"Desert Comfort Mechanical","(480) 483-3099","hvac-engineer","4.5","18","https://www.desertcomfortmechanical.com/","7335 E Acoma Dr Ste 103, Scottsdale, AZ 85260, USA"
"Rapid Fire Plumbing","(623) 810-6166","plumber","5","18","https://rapidfireplumbing.com/","2941 W Dailey St, Phoenix, AZ 85053, USA"
"Unique Electrical Contractors","(480) 840-1050","electrician","4.8","17","http://www.uniqueelectrical.com/","7655 E Redfield Rd #195, Scottsdale, AZ 85260, USA"
"Minute Key","(480) 341-1589","locksmith","4.1","17","https://www.minutekey.com/key-services/arizona/phoenix/locksmith-key-copy-duplication-1950-west-baseline-road/382/","1950 W Baseline Rd, Phoenix, AZ 85041, USA"
"Pesky Root Plumbing","(602) 500-3032","plumber","5","17","https://www.peskyrootplumbing.com/","7246 W Wier Ave, Phoenix, AZ 85043, USA"
"Ampulse Electric, LLC","(623) 889-5868","electrician","5","17","https://www.ampulseelectric.com/","2432 W Peoria Ave, Phoenix, AZ 85029, USA"
"Cooley's Comfort","(480) 719-5000","hvac-engineer","4.8","17","http://www.cooleyscomfort.com/","11222 S 39th Ln, Laveen Village, AZ 85339, USA"
"Locksmith Masters of laveen","(480) 381-5833","locksmith","4.3","17","http://thelocksmithmastersaz.com/","2907 W Carson Rd, Phoenix, AZ 85041, USA"
"Royal Rooter Arizona","(480) 910-8255","plumber","5","17","https://royalrooteraz.com/","2214 W Washington St, Phoenix, AZ 85009, USA"
"Brigham’s Plumbing","(623) 210-6444","plumber","4.9","17","https://www.brighamsplumbing.com/","5501 W Beryl Ave, Glendale, AZ 85302, USA"
"ATS Electric, Inc.","(602) 943-6120","electrician","4.2","17","http://www.atselectricinc.com/","7220 N Glen Harbor Blvd # 100, Glendale, AZ 85307, USA"
"Scottsdale Heating and Cooling","(480) 870-8860","hvac-engineer","4.6","17","","14036 N Scottsdale Rd, Scottsdale, AZ 85254, USA"
"BreezePro Air Conditioning Solutions","(602) 805-2834","hvac-engineer","5","17","https://localservicepros.wixstudio.com/hvacglendale","5930 W Greenway Rd, Glendale, AZ 85306, USA"
"Premier Restoration Avondale","(623) 303-9715","plumber","5","16","https://www.fullrestorationpros.com/water-damage-avondale-az/","213 E Elm Ln, Avondale, AZ 85323, USA"
"Handyman 1001uses LLC","(480) 667-3657","hvac-engineer","4.9","16","http://handyman1001uses.com/","4001 W Southern Ave lot 41, Laveen Village, AZ 85041, USA"
"Minute Key","(480) 341-3040","locksmith","3.7","16","https://www.minutekey.com/key-services/arizona/phoenix/locksmith-key-copy-duplication-2020-n-75th-ave/1499/","2020 N 75th Ave, Phoenix, AZ 85035, USA"
"The Water Heater LLC","(623) 850-6964","gas-engineer","5","16","http://weheatwater.com/","2550 W Union Hills Dr Suite 350 #3332, Phoenix, AZ 85027, USA"
"Minute Key","(480) 327-7107","locksmith","4.4","16","https://www.minutekey.com/key-services/arizona/phoenix/locksmith-key-copy-duplication-5250-w--indian-school-rd-/13617/","5250 W Indian School Rd, Phoenix, AZ 85031, USA"
"KeyMe Locksmiths","(623) 232-0820","locksmith","4.3","16","https://key.me/kiosks/arizona/glendale/glendale/locksmith-key-copy-glendale-fry-s-85303-arizona","6710 W Bethany Home Rd, Glendale, AZ 85303, USA"
"ECO Electric LLC","(480) 828-1181","electrician","4.6","16","","3030 N 7th St, Phoenix, AZ 85014, USA"
"Fisher Heating and Cooling LLC","(602) 727-3919","hvac-engineer","5","16","http://www.fisheracrepair.com/","7233 W Vogel Ave, Peoria, AZ 85345, USA"
"Affordable Avondale AC Repair","(520) 842-5099","hvac-engineer","5","16","https://affordableavondaleacrepair.com/","1219 N Dysart Rd, Avondale, AZ 85323, USA"
"Jr's AC LLC","(602) 315-4655","hvac-engineer","5","16","http://www.jrsacazairconditioning.com/","8211 W Montebello Ave, Glendale, AZ 85303, USA"
"AZ Home Services Group AC Repair & Plumbing Services of Scottsdale","(480) 923-3969","hvac-engineer","5","16","https://azhomeservices.group/service-areas/scottsdale-arizona-air-conditioner-plumbing-services/","15333 N Pima Rd #305, Scottsdale, AZ 85260, USA"
"Royalty Air LLC","(602) 813-6166","hvac-engineer","5","16","https://royaltyac.com/","9526 W Luxton Ln, Tolleson, AZ 85353, USA"
"KeyMe Locksmiths","(480) 462-7321","locksmith","4.3","16","https://key.me/kiosks/arizona/tempe/tempe/make-keys-tempe-az","1835 E Guadalupe Rd, Tempe, AZ 85283, USA"
"HVAC Services: Heating & Air Conditioning","(480) 916-7357","hvac-engineer","5","16","","10612 N 71st Pl, Scottsdale, AZ 85254, USA"
"Rich Mobile Mechanic Phoenix","(602) 740-3168","hvac-engineer","3.6","16","","1016 E Amberwood Dr, Phoenix, AZ 85048, USA"
"Drain Tech Plumbing","(408) 705-2633","plumber","5","15","http://fast-plumbing-glendale.com/","5901 W Behrend Dr, Glendale, AZ 85308, USA"
"EliteElectro Electric Contractors","(480) 764-2360","electrician","5","15","","16801 N 49th St Floor 3, Scottsdale, AZ 85254, USA"
"Cardinal State","(480) 461-8447","hvac-engineer","4.3","15","http://www.cardinalstatehvac.com/","1730 N Stapley Dr, Mesa, AZ 85203, USA"
"Premium HVAC Phoenix Services","(480) 999-1830","hvac-engineer","5","15","https://premiumhvacphoenixservices.com/","4437 N Central Ave, Phoenix, AZ 85012, USA"
"Coefficient Electric Co.","(520) 337-8027","electrician","3.6","15","","771 N Abalone Ct., Gilbert, AZ 85233, USA"
"Chandler HVAC & Air Conditioning","(480) 933-1480","hvac-engineer","4.7","15","","4522 W Orchid Ln, Chandler, AZ 85226, USA"
"Advanced HVAC Phoenix Pros","(480) 999-2569","hvac-engineer","5","15","https://advancedhvacphoenixpros.com/","6049 N 43rd Ave, Phoenix, AZ 85019, USA"
"NextDoor Plumbing LLC","(480) 935-6900","plumber","5","15","http://www.nextdoorplumbingaz.com/","7135 E Camelback Rd #230, Scottsdale, AZ 85251, USA"
"Superior HVAC Phoenix Specialists","(480) 999-2690","hvac-engineer","5","15","https://superiorhvacphoenixspecialists.com/","7805 N 19th Ave, Phoenix, AZ 85021, USA"
"CJB Comfort","(480) 604-8622","hvac-engineer","5","15","http://cjbcomfort.com/","2875 W Ray Rd Suite 6 #320, Chandler, AZ 85224, USA"
"Glendale HVAC Contractor Pro LLC","(623) 292-8992","hvac-engineer","5","15","https://www.prohvacofglendale.com/?utm_source=google&utm_medium=organic","4817 W Cheryl Dr, Glendale, AZ 85302, USA"
"One Way Electric","(623) 582-9420","electrician","4.7","15","https://onewayelectric.com/","1624 W Parsons Rd, Phoenix, AZ 85085, USA"
"Minute Key","(480) 364-8629","locksmith","4.2","15","https://www.minutekey.com/key-services/arizona/tempe/locksmith-key-copy-duplication-800-e-southern-ave/26431/","800 E Southern Ave, Tempe, AZ 85282, USA"
"Best Choice Heating & Air Conditioning Glendale","(520) 839-3588","hvac-engineer","4.7","15","","8324 N 61st Ln, Glendale, AZ 85302, USA"
"Minute Key","(480) 338-8198","locksmith","4.5","15","https://www.minutekey.com/key-services/arizona/peoria/locksmith-key-copy-duplication-7975-w-peoria-ave/13495/","7975 W Peoria Ave, Peoria, AZ 85345, USA"
"Hope Home Services And Construction","(480) 495-4515","electrician","4.7","15","https://www.hopeacelectric.com/?utm_source=google-business-profile&utm_medium=gbp&utm_campaign=local-seo","33 W 7th Pl, Mesa, AZ 85201, USA"
"Minute Key","(480) 340-8644","locksmith","3.9","14","https://www.minutekey.com/key-services/arizona/mesa/locksmith-key-copy-duplication-240-west-baseline-road/26572/","240 W Baseline Rd, Mesa, AZ 85210, USA"
"Minute Key","(480) 338-6052","locksmith","3.9","14","https://www.minutekey.com/key-services/arizona/tempe/locksmith-key-copy-duplication-1380-w-elliot-rd/26560/","1380 W Elliot Rd, Tempe, AZ 85284, USA"
"Phoenix Heating, Refrigeration & Air Conditioning","(602) 922-8507","hvac-engineer","5","14","","1976 W Baseline Rd, Phoenix, AZ 85041, USA"
"US Electrical Services","(602) 877-8533","electrician","5","14","https://www.uselectricalservices.us/","4405 E Hubbell St UNIT 56, Phoenix, AZ 85008, USA"
"AEC Electric","(602) 993-4948","electrician","4.1","14","https://aecelectric.com/","1401 N 29th Ave, Phoenix, AZ 85009, USA"
"Pro Electrical Inc","(602) 898-1834","electrician","4.7","14","","110 N 3rd St, Phoenix, AZ 85004, USA"
"Smiley Plumbing","(623) 583-9400","plumber","4.7","14","","10319 W Sierra Dawn Dr, Sun City, AZ 85351, USA"
"cool breeze heating and air","(954) 297-5942","hvac-engineer","5","14","https://coolbreezeacaz.com/","16165 N 83rd Ave, Peoria, AZ 85382, USA"
"True Plumbing LLC","(623) 320-6944","plumber","5","14","https://trueplumbingaz.com/","227 E Manhatton Dr, Tempe, AZ 85282, USA"
"PRESTIGE Plumbing & Drain Cleaning","(623) 305-7010","drain-specialist","4.7","14","","12006 W Lincoln St, Avondale, AZ 85323, USA"
"North Valley Mechanical","(623) 462-3586","hvac-engineer","4.5","13","https://northvalleymechanical.com/scottsdale-ac-installation-repair-plumbing-draining-water-heater-repair/","7150 E Camelback Rd Suite 501, Scottsdale, AZ 85251, USA"
"Hampton Electric Inc.","(602) 669-3709","electrician","5","13","","366 W Hampton Ave, Mesa, AZ 85210, USA"
"78 Degrees Inc","(602) 315-9309","hvac-engineer","4.6","13","http://www.78degreesinc.com/","13418 N 18th Pl, Phoenix, AZ 85022, USA"
"Pro Force Plumbing Sewer & Drain","(480) 618-7900","plumber","4.7","13","https://proforceplumbing.com/","16427 N Scottsdale Rd Suite 410, Scottsdale, AZ 85254, USA"
"Reynolds Electric","(623) 780-2008","electrician","5","13","","8621 N 27th Ave, Phoenix, AZ 85051, USA"
"Zamudio Auto Service","(602) 465-0290","hvac-engineer","5","13","","608 S 35th Ave, Phoenix, AZ 85009, USA"
"Minute Key","(480) 340-2208","locksmith","3.2","13","https://www.minutekey.com/key-services/arizona/phoenix/locksmith-key-copy-duplication-1620-north-75th-avenue/358/","1620 N 75th Ave, Phoenix, AZ 85035, USA"
"Mesa Heating and Air Conditioning","(480) 257-5773","hvac-engineer","4.9","13","","1146 N Mesa Dr #102, Mesa, AZ 85201, USA"
"Drain Pros, Emergency Plumbers","(480) 387-0130","plumber","4.6","13","http://azdrainpro.com/","2324 E Beverly Ln, Phoenix, AZ 85022, USA"
"Independent Electrical Contractors, Inc.","(480) 456-4444","electrician","4.7","13","https://iecaz.org/","4625 S Ash Ave Suite J17, Tempe, AZ 85282, USA"
"Bergelectric Corporation","(480) 968-4200","electrician","4.1","13","https://www.bergelectric.com/","7850 S Hardy Dr #107, Tempe, AZ 85284, USA"
"Go Direct Plumbing, Sewer and Water","(303) 288-0039","plumber","4.7","13","https://godirectplumbing.com/","1826 W Broadway Rd #22, Mesa, AZ 85202, USA"
"Harris","(623) 344-1458","gas-engineer","4.3","13","https://www.harriscompany.com/?utm_source=g-local&utm_medium=organic&utm_campaign=phoenix_gbp","23040 N 11th Ave Suite 115, Phoenix, AZ 85027, USA"
"Meade Electric","(602) 576-8325","electrician","5","13","","3260 Hayden Rd suite 210-520, Scottsdale, AZ 85251, USA"
"SPD REFRIGERATION LLC","(602) 754-5988","electrician","4.5","13","http://www.spdrefrigeration.com/","2642 S 63rd Dr, Phoenix, AZ 85043, USA"
"DL Air Conditioning AZ","(520) 800-8212","hvac-engineer","5","13","","3921 E Camelback Rd, Phoenix, AZ 85018, USA"
"The A1 Electric Phoenix","(602) 313-3670","electrician","4.5","13","","709 N 1st St, Phoenix, AZ 85004, USA"
"Orca AC","(480) 798-5756","hvac-engineer","5","13","https://www.orcaac.com/","4433 W Van Buren St Suite 1, Phoenix, AZ 85043, USA"
"On Time HVAC Phoenix","(602) 483-6183","hvac-engineer","5","13","https://ontimehvacphoenix.com/","26 E Pima St, Phoenix, AZ 85003, USA"
"Armstrong Service Electric","(623) 252-0288","electrician","4.7","13","http://www.armstrongserviceelectric.com/","301 W Deer Valley Rd # 1, Phoenix, AZ 85027, USA"
"Phoenix Water Softeners","(623) 280-2530","plumber","4.3","12","https://bestphoenixplumberrepair.com/tolleson-plumbing-draining-water-heater-repair/","120 N 83rd Ave Suite 101 B34, Tolleson, AZ 85353, USA"
"Minute Key","(480) 327-9507","locksmith","4.8","12","https://www.minutekey.com/key-services/arizona/mesa/locksmith-key-copy-duplication-857-n-dobson/26563/","857 N Dobson Rd, Mesa, AZ 85201, USA"
"Javi Electric Services","(480) 406-5300","electrician","4.9","12","https://www.javielectric.org/","310 N 26th St, Mesa, AZ 85213, USA"
"Kortman, Inc","(602) 256-6103","electrician","4.6","12","http://www.kortmaninc.com/","4710 E Elwood St Suite 15, Phoenix, AZ 85040, USA"
"Optimal Chandler HVAC Repair","(480) 542-8142","hvac-engineer","5","12","https://optimalchandlerhvacrepair.com/","2400 N Arizona Ave, Chandler, AZ 85225, USA"
"Layco Air Conditioning & Heating LLC","(602) 971-1415","hvac-engineer","4.8","12","http://www.layco-ac.com/","14438 N 39th Way, Phoenix, AZ 85032, USA"
"Minute Key","(480) 973-9451","locksmith","3.9","12","https://www.minutekey.com/key-services/arizona/phoenix/locksmith-key-copy-duplication-3721-e-thomas-rd/26564/","3721 E Thomas Rd, Phoenix, AZ 85018, USA"
"Honest HVAC Installation & Repair - Way","(623) 304-5644","hvac-engineer","5","12","https://honesthvaccompany.com/phoenix-ac-installation-repair","20 E Thomas Rd 2200 Suite A200, Phoenix, AZ 85012, USA"
"Mesa Air Conditioning Inc","(602) 844-7335","hvac-engineer","5","12","","2753 E Broadway Rd, Mesa, AZ 85204, USA"
"KeyMe Locksmiths","(480) 939-4375","locksmith","4.3","12","https://key.me/kiosks/arizona/chandler/chandler/make-cut-keys-chandler-az","981 W Elliot Rd, Chandler, AZ 85225, USA"
"Phoenix Air Conditioning & Refrigeration","(602) 313-3249","hvac-engineer","4.7","12","","1107 E Bell Rd, Phoenix, AZ 85022, USA"
"TI Mechanical","(602) 706-6528","hvac-engineer","5","12","http://www.ti-mech.com/","2137 E Indian School Rd, Phoenix, AZ 85016, USA"
"Alligood Electric Co Inc","(480) 697-6066","electrician","5","12","http://www.alligoodelectric.com/","11650 W Whyman Ave, Avondale, AZ 85323, USA"
"Honest HVAC Installation & Repair -Way Cool","(623) 294-3641","hvac-engineer","5","12","https://honesthvaccompany.com/phoenix-ac-installation-repair","16165 N 83rd Ave Suite 130 A100, Peoria, AZ 85382, USA"
"AL-CO Electric","(602) 863-1513","electrician","4.6","12","http://www.alcoaz.com/","16232 N 62nd Ln, Glendale, AZ 85306, USA"
"Cx Testing Services","(888) 735-1389","electrician","4.9","12","http://cxtesting.com/","10443 N Cave Creek Rd #207, Phoenix, AZ 85020, USA"
"KeyMe Locksmiths","(623) 632-0908","locksmith","3.2","12","https://key.me/kiosks/arizona/glendale/glendale/locksmith-key-maker-glendale-fry-s-85308-arizona","6611 W Bell Rd, Glendale, AZ 85308, USA"
"Markade Plumbing Service","(623) 695-0036","plumber","3.8","12","https://markadeplumbing.com/","6022 N 57th Ave, Glendale, AZ 85301, USA"
"KeyMe Locksmiths","(480) 800-0631","locksmith","3.8","11","https://key.me/kiosks/arizona/tempe/tempe/locksmith-key-copy-tempe-fry-s-85284-arizona","9900 S Rural Rd, Tempe, AZ 85284, USA"
"J's Heating & Cooling LLC","(602) 677-4544","hvac-engineer","4.6","11","","4127 W Virginia Ave, Phoenix, AZ 85009, USA"
"Air Army","(480) 992-1234","hvac-engineer","5","11","https://www.hvac.inc/","3636 E Camelback Rd, Phoenix, AZ 85018, USA"
"Avondale Plumbing & Drain Services Exp","(623) 220-4266","plumber","5","11","","9950 W Van Buren St #1125, Avondale, AZ 85323, USA"
"AZBlue Cooling & Heating","(623) 414-0721","hvac-engineer","5","11","https://azbluech.com/","605 S 118th Dr, Avondale, AZ 85323, USA"
"Minute Key","(480) 973-9519","locksmith","4.1","11","https://www.minutekey.com/key-services/arizona/salt-river/locksmith-key-copy-duplication-4915-n--pima-rd-/13359/","4915 N Pima Rd, Scottsdale, AZ 85251, USA"
"Triple-R Electric","(480) 370-4755","electrician","5","11","","1724 N Spencer, Mesa, AZ 85203, USA"
"Sun City Action Plumbers","(623) 432-1968","plumber","4.5","11","http://bestplumberinsuncity.com/","14819 N Del Webb Blvd, Sun City, AZ 85351, USA"
"AJP Electric Inc","(888) 681-7568","electrician","4.5","11","","11250 N Cave Creek Rd, Phoenix, AZ 85020, USA"
"Sonoran Air Solutions LLC","(480) 617-1455","hvac-engineer","4","11","","902 E Beryl Ave, Phoenix, AZ 85020, USA"
"WEST VALLEY REPAIR SERVICE LLC","(623) 225-4055","hvac-engineer","4.1","11","","2325 S 112th Ave, Avondale, AZ 85323, USA"
"KeyMe Locksmiths","(623) 632-0671","locksmith","3.4","11","https://key.me/kiosks/arizona/peoria/peoria/locksmith-copy-keys-peoria-fry-s-85381-arizona","7455 W Cactus Rd, Peoria, AZ 85381, USA"
"Accurate Energy Management Inc.","(602) 327-1669","hvac-engineer","5","11","http://accurateenergymanagement.com/","1210 E Southern Ave, Phoenix, AZ 85040, USA"
"AZ Pro Plumbing and Drain, LLC","(602) 284-9208","plumber","5","11","http://www.azproplumbinganddrain.com/","5635 W Villa Theresa Dr, Glendale, AZ 85308, USA"
"Broadfoot Electrical Contracting, Inc","(928) 320-6705","electrician","5","11","http://www.broadfootelectrical.com/","110 N Senate Way, Chandler, AZ 85225, USA"
"Air Conditioning AZ Inc","(520) 843-2599","hvac-engineer","5","11","","11154 W Joblanca Rd, Avondale, AZ 85323, USA"
"Lights Out Electric","(623) 703-2950","electrician","4.6","11","https://www.lightsoutelectric.com/","12905 W Laurel Ln, El Mirage, AZ 85335, USA"
"Bascom's Air Conditioning & Heating Scottsdale","(520) 699-3215","hvac-engineer","3.3","10","","8100 E Indian School Rd, Scottsdale, AZ 85251, USA"
"Moon Valley Plumbing","(623) 526-3533","plumber","4.6","10","http://www.moonvalleyplumbing.com/","2102 W Marco Polo Rd, Phoenix, AZ 85027, USA"
"Galaxy Heating & Cooling","(602) 909-0391","hvac-engineer","4.6","10","","15208 N 30th Dr, Phoenix, AZ 85053, USA"
"Pro Solutions Air, Glendale Office","(623) 745-8635","hvac-engineer","5","10","","17505 N 79th Ave Suite 206, Glendale, AZ 85308, USA"
"Minute Key","(480) 338-6128","locksmith","4.2","10","https://www.minutekey.com/key-services/arizona/glendale/locksmith-key-copy-duplication-18551-n-83rd-ave/26569/","18551 N 83rd Ave, Glendale, AZ 85308, USA"
"Minute Key","(480) 340-2403","locksmith","4.6","10","https://www.minutekey.com/key-services/arizona/phoenix/locksmith-key-copy-duplication-6150-s-35th-ave/26571/","6150 S 35th Ave, Phoenix, AZ 85041, USA"
"Quick N' Easy Mobile Locksmith","(480) 329-6368","locksmith","5","10","https://quickneasylocksmith.com/","7010 E Acoma Dr, Scottsdale, AZ 85254, USA"
"All Aire Air Conditioning & Heat","(623) 533-4938","hvac-engineer","4.6","10","","13209 N 56th Ave, Glendale, AZ 85304, USA"
"AZ Locksmith & Garage Repair","(602) 806-7771","locksmith","5","10","https://az-locksmith-garage.com/","9830 S 51st St B-122, Phoenix, AZ 85044, USA"
"Phoenix Water Softeners - Way Cool","(623) 286-2761","plumber","5","10","https://bestphoenixplumberrepair.com/north-phoenix-plumbing-draining-water-heater-repair/","10000 N 31st Ave Suite 130 B101, Phoenix, AZ 85051, USA"
"HomeFix HVAC Masters","(623) 401-0506","hvac-engineer","5","10","","1243 S 111th Dr, Avondale, AZ 85323, USA"
"Reidhead Plumbing & Solar","(480) 306-7442","plumber","4.6","10","http://reidheadplumbing.com/?utm_campaign=gmb","1749 N Country Club Dr, Mesa, AZ 85201, USA"
"KeyMe Locksmiths","(480) 787-0975","locksmith","4","10","https://key.me/kiosks/arizona/tempe/tempe/cut-make-keys-tempe-az","5100 S McClintock Dr, Tempe, AZ 85282, USA"
"Phoenix AC Services: Heating & Air Conditioning","(928) 433-1139","hvac-engineer","5","10","","8937 N 12th St, Phoenix, AZ 85020, USA"
"Rojas Locksmith, LLC","(602) 552-4254","locksmith","4.2","10","http://www.rojaslocksmith.com/","3106 W Thomas Rd #1112, Phoenix, AZ 85017, USA"
"Arizona Air Works","(602) 366-5071","hvac-engineer","5","10","","2824 E Mulberry Dr, Phoenix, AZ 85016, USA"
"APB Air Conditioning Inc","(602) 795-2499","hvac-engineer","4.3","10","","Phoenix, AZ 85032, USA"
"AMCA Heating & Cooling LLC","(480) 417-2853","hvac-engineer","5","10","http://amca-hvac.com/","11803 W Windrose Ave, El Mirage, AZ 85335, USA"
"Click Electric","(520) 843-6640","electrician","5","10","","3423 E Enid Ave, Mesa, AZ 85204, USA"
"Saguaro Mechanical Heating & Cooling","(480) 587-3475","hvac-engineer","4.9","10","http://saguaroacmen.com/","Scottsdale, AZ 85257, USA"
"Express Air & Electric","(602) 362-9763","electrician","5","10","https://www.expressairandelectric.com/","4445 W Tierra Buena Ln, Glendale, AZ 85306, USA"
"Phoenix Water Softeners","(602) 854-9158","drain-specialist","4.6","9","https://bestphoenixplumberrepair.com/chandler-plumbing-draining-water-heater-repair/","3133 W Frye Rd Suite 102 B33, Chandler, AZ 85226, USA"
"Ludvik Electric","(602) 777-5000","electrician","4.6","9","http://ludvik.com/","1020 E University Dr, Phoenix, AZ 85034, USA"
"AZ Home Services Group AC Repair & Plumbing Services of Phoenix","(602) 844-7757","hvac-engineer","5","9","https://azhomeservices.group/service-areas/phoenix-arizona-air-conditioner-plumbing-services/","2375 E Camelback Rd #600, Phoenix, AZ 85016, USA"
"Cricket Residential Electricians","(602) 461-7096","electrician","5","9","","2403 W Lone Cactus Dr #215, Phoenix, AZ 85027, USA"
"Star Electric Glendale","(520) 688-4989","electrician","3.6","9","","3631 W Creedance Blvd, Glendale, AZ 85310, USA"
"All Time Leak Detection of Phoenix","(602) 536-4060","drain-specialist","5","9","https://www.alltimeleakdetectionofphoenix.com/","2211 W 1st St suite B108, Tempe, AZ 85281, USA"
"Arizona Air Plumbing & Electrical","(602) 376-2075","hvac-engineer","4","9","http://www.arizona-air.com/","8260 E Raintree Dr #7, Scottsdale, AZ 85260, USA"
"Velox Air Inc.","(602) 717-2000","hvac-engineer","4.6","9","https://veloxac.com/?utm_source=google&utm_medium=organic&utm_campaign=gbp-profile","1418 N Eliseo Felix Jr Way, Avondale, AZ 85323, USA"
"Cluff Mechanical Heating & Air Conditioning","(602) 765-2665","hvac-engineer","3.7","9","https://cluffmechanical.com/","961 N Eliseo Felix Jr Way Suite 102, Avondale, AZ 85323, USA"
"Polar Bear Heating And Air Conditioning LLC","(623) 760-6798","hvac-engineer","4.3","9","https://www.polarbearheatingandairconditioning.com/","10318 W Roanoke Ave, Avondale, AZ 85392, USA"
"Helios Systems","(480) 821-2876","electrician","4.1","9","https://heliosaz.com/","11 S Roosevelt Ave, Chandler, AZ 85226, USA"
"VR Electrical Services LLC","(602) 369-0457","electrician","4.7","9","https://www.vrelectricalservicesaz.com/","4801 N 79th Ave, Phoenix, AZ 85033, USA"
"Heating And Air Conditioning Phoenix","(928) 433-1132","hvac-engineer","4.9","9","","1711 W Bell Rd, Phoenix, AZ 85023, USA"
"RDS Electric","(623) 937-0003","electrician","4.4","9","https://www.rdselectric.com/","6618 N 58th Dr, Glendale, AZ 85301, USA"
"Northern Arizona Refrigeration","(623) 936-8777","hvac-engineer","5","9","http://northernarizonarefrigeration.com/","8335 W Sherman St, Tolleson, AZ 85353, USA"
"Home Electric Phoenix","(520) 688-4910","electrician","4.1","9","","22414 N 19th Ave, Phoenix, AZ 85027, USA"
"Roybal Septic Services","(602) 435-9786","drain-specialist","5","8","","102256 N 81st St, Phoenix, AZ 85006, USA"
"4 Seasons Phoenix Electrical Services","(520) 652-3461","electrician","5","8","","4302 S Central Ave, Phoenix, AZ 85040, USA"
"Cannon Wendt","(602) 669-3814","electrician","4.5","8","","120 E Van Buren St, Phoenix, AZ 85004, USA"
"F and I Heating and Air Conditioning, LLC","(602) 218-8813","hvac-engineer","4.4","8","https://fandihvac.com/","9950 W Van Buren St UNIT 118, Avondale, AZ 85323, USA"
"Frio Heating and Cooling","(623) 500-9161","hvac-engineer","5","8","http://www.frioheatingcooling.com/","7749 N 33rd Dr, Phoenix, AZ 85051, USA"
"Extra Electrical Inc","(623) 518-3000","electrician","5","8","https://extraelectrical.com/","8550 N 91st Ave Building C Unit #31, Peoria, AZ 85345, USA"
"Robinson & Sons HVAC","(623) 400-5326","hvac-engineer","4.9","8","https://robinsonsonshvac.pro/","1301 Grand Ave, Phoenix, AZ 85007, USA"
"West & East Hvac Innovation LLC","(928) 421-4180","hvac-engineer","5","8","https://wandehvac.com/","4539 N 22nd St ste r, Phoenix, AZ 85016, USA"