Name,Phone,Trade,Rating,Reviews,Website,Address
"South West Plumbing, Heating, Air, & Electric","(253) 681-3092","plumber","4.6","5150","https://onetocall.com/?utm_source=google&utm_medium=organic&utm_campaign=GMBListing-Renton-WA","4150 Lind Ave SW, Renton, WA 98057, USA"
"Greenwood Heating and Home Services","(206) 207-4734","plumber","4.9","4012","https://www.greenwoodheating.com/","14027 Interurban Ave S, Tukwila, WA 98168, USA"
"Gene Johnson Plumbing","(360) 218-7611","plumber","4.8","3952","https://www.genejohnsonplumbing.com/?utm_source=google-gbp&utm_medium=organic&utm_campaign=*109*gene-johnson-plumbing-seattle","10011 Greenwood Ave N, Seattle, WA 98133, USA"
"2 Sons Plumbing, Sewer, Septic, Electric, Heating & Air","(206) 337-4070","plumber","4.9","3475","https://www.2sonsplumbing.com/","2208 NW Market St #316a, Seattle, WA 98107, USA"
"Bee's Plumbing and Heating","(206) 629-8217","plumber","4.8","3148","http://www.beesplumbingandheating.com/","2401 SW Alaska St, Seattle, WA 98106, USA"
"Beacon Plumbing, Heating, Electrical & Mechanical Inc - Seattle","(206) 720-2040","plumber","4.5","2894","https://www.beaconplumbing.net/","515 7th Ave S, Seattle, WA 98104, USA"
"As You Wish Electric","(206) 785-1059","electrician","4.9","2766","https://asyouwishelectric.com/?utm_source=google&utm_medium=organic&utm_campaign=GMBListing-Seattle-WA","825 S Stacy St, Seattle, WA 98134, USA"
"Mr. Rooter Plumbing of Seattle","(206) 866-2836","plumber","4.8","2624","https://www.mrrooter.com/seattle/?cid=LSTL_MRR000199&utm_source=gmb&utm_campaign=local&utm_medium=organic","2000 S 116th St, Seattle, WA 98168, USA"
"Roto-Rooter Plumbing & Water Cleanup","(206) 777-0128","drain-specialist","4.6","2478","https://www.rotorooter.com/seattle/?utm_source=Google&utm_medium=organic&utm_campaign=gmb&utm_content=website","121 Lakeside Ave # 100B, Seattle, WA 98122, USA"
"Steve's Plumbing, LLC","(425) 243-9994","plumber","4.8","2269","https://callstevesplumbing.com/?utm_source=google&utm_medium=organic&utm_campaign=gbp-listing","2125 196th St SW Suite 126, Lynnwood, WA 98036, USA"
"Fox Plumbing, Heating & Cooling (now a Gene Johnson company)","(206) 654-4990","plumber","4.8","2264","https://www.foxph.com/?utm_source=google-gbp&utm_medium=organic&utm_campaign=*101*fox-plumbing-seattle","855 S 192nd St Suite 900, SeaTac, WA 98148, USA"
"Fast Water Heater Company","(425) 616-3318","gas-engineer","4.9","2068","https://fastwaterheater.com/?utm_source=google&utm_medium=organic&utm_campaign=gmb_woodinville","16120 Redmond - Woodinville Rd NE, Woodinville, WA 98072, USA"
"Blue Flame Heating & Air Conditioning","(425) 264-8896","gas-engineer","4.4","2052","https://blueflamecomfort.com/","7116 220th St SW #1, Mountlake Terrace, WA 98043, USA"
"Eco Electric, Plumbing, Heating and Air","(206) 548-4353","plumber","4.9","2031","https://www.ecoserviceswa.com/?utm_source=gmb-seattle&utm_medium=organic","126 S Spokane St, Seattle, WA 98134, USA"
"Home Comfort Alliance - Redmond","(425) 655-7705","plumber","4.8","1694","https://homecomfortalliance.com/?utm_source=google&utm_medium=organic&utm_campaign=gbp_redmond","9680 153rd Ave NE, Redmond, WA 98052, USA"
"Ready Rooter","(425) 366-4717","plumber","4.9","1569","https://readyrooter4you.com/","13222 SE 30th St Suite A-1, Bellevue, WA 98005, USA"
"Ballard Natural Gas Service","(206) 508-3706","gas-engineer","4.9","1443","https://ballardnaturalgas.com/?utm_source=gbp&utm_medium=gbp&utm_campaign=lynnwood&utm_id=gbp","2027 196th St SW Suite A101, Lynnwood, WA 98036, USA"
"Valentine Roofing","(206) 558-0611","roofer","4.7","1349","https://valentineroof.com/?=gbp&utm_campaign=gmb","400 Industry Dr Suite 130, Tukwila, WA 98188, USA"
"Beacon Plumbing, Heating, Electrical & Mechanical Inc - Kent","(253) 893-0035","plumber","4.7","1348","https://www.beaconplumbing.net/plumber-kent-wa","8611 S 192nd St, Kent, WA 98031, USA"
"Homeservice Plumbers","(206) 614-3896","plumber","4.9","1335","https://www.homeserviceplumbers.com/","13306 SE 30th St, Bellevue, WA 98005, USA"
"Robison Plumbing Service Inc","(360) 295-4920","plumber","4.8","1231","https://www.robisonplumbing.com/?utm_source=GBP&utm_medium=organic","191 Dora Ave, Bremerton, WA 98312, USA"
"Roto-Rooter Plumbing & Water Cleanup","(425) 412-9425","plumber","4.7","1161","https://www.rotorooter.com/lynnwoodwa/?utm_source=Google&utm_medium=organic&utm_campaign=gmb&utm_content=website","4208 198th St SW #106, Lynnwood, WA 98036, USA"
"Glazer's Camera","(206) 624-1100","glazier","4.5","1009","https://glazerscamera.com/","811 Republican St, Seattle, WA 98109, USA"
"Roto-Rooter Plumbing & Water Cleanup","(425) 507-9330","plumber","4.7","1005","https://www.rotorooter.com/bellevuewa/?utm_source=Google&utm_medium=organic&utm_campaign=gmb&utm_content=website","1130 140th Ave NE Ste. 300, Bellevue, WA 98005, USA"
"Evergreen Home Heating and Energy","(206) 565-1455","gas-engineer","4.8","972","http://www.evergreenhomeheatingandenergy.com/","727 S Kenyon St Suite B, Seattle, WA 98108, USA"
"Harts Plumbers, Electricians, & HVAC Technicians","(425) 333-2754","plumber","4.8","957","https://hartsservices.com/locations/renton/?utm_source=google&utm_medium=organic&utm_campaign=gmb_renton&se_campaign=gmb_renton","617 Industry Dr, Tukwila, WA 98188, USA"
"Puget Sound Plumbing & Heating","(206) 938-3219","plumber","4.4","935","https://pugetsoundplumbing.com/","11803 Des Moines Memorial Dr S, Burien, WA 98168, USA"
"South West Plumbing, Heating, Air, & Electric","(253) 793-8625","plumber","5","844","https://onetocall.com/?utm_source=google&utm_medium=organic&utm_campaign=GMBListing-Seattle-WA","825 S Stacy St, Seattle, WA 98134, USA"
"Zoom Drain","(206) 309-5645","plumber","4.9","811","https://www.zoomdrain.com/seattle/schedule-service/?utm_source=GMB&utm_medium=organic&utm_campaign=seattle","10011 Greenwood Ave N, Seattle, WA 98133, USA"
"Harts Plumbers, Electricians, & HVAC Technicians","(425) 368-6923","plumber","4.9","804","https://hartsservices.com/locations/seattle/?utm_source=google&utm_medium=organic&utm_campaign=gmb_seattle&se_campaign=gmb_seattle","2502 196th St SW Suite 100, Lynnwood, WA 98036, USA"
"Glass Doctor of Seattle","(855) 297-9901","glazier","4.7","798","https://glassdoctor.com/seattle?cid=LSTL_MGD000191&utm_source=gmb&utm_campaign=local&utm_medium=organic","18840 72nd Ave S, Kent, WA 98032, USA"
"Best Plumbing","(206) 633-1700","plumber","4.6","781","https://bestplumbing.com/","8820 Aurora Ave N, Seattle, WA 98103, USA"
"Price Busters Plumbing & Sewer","(863) 578-8244","plumber","4.9","756","http://www.pricebustersplumbing.com/?utm_campaign=website&utm_medium=local&utm_source=gmb","20907 Hwy 99, Lynnwood, WA 98036, USA"
"Bob Oates Sewer & Rooter","(206) 789-4944","plumber","4.7","712","https://boboates.com/","1817 Queen Anne Ave N # 312, Seattle, WA 98109, USA"
"Seattle Locksmith Security","(206) 823-2288","locksmith","4.9","708","https://seattlelocksmithsecurity.com/","3214 Rainier Ave S, Seattle, WA 98144, USA"
"Co Locksmiths Renton","(855) 740-0400","locksmith","4.9","692","https://www.colocksmithsllc.com/","401 Olympia Ave NE #302, Renton, WA 98056, USA"
"All Climate Heating & Air Conditioning","(425) 276-6642","gas-engineer","4.8","669","https://allclimate.net/?utm_campaign=gmb","14907 NE 95th St, Redmond, WA 98052, USA"
"Appliance Pro Repairs","(425) 542-4480","gas-engineer","4.6","641","https://seattleappliancesrepair.com/","450 Alaskan Way S Suite 200, Seattle, WA 98104, USA"
"Kings Heating, Air & Electric","(425) 224-7623","gas-engineer","4.9","625","https://kingsheating.com/","18933 Hwy 99, Lynnwood, WA 98036, USA"
"Craftsman Plumbing","(206) 737-2266","plumber","4.8","623","https://craftsman-plumbing.com/?utm_source=GMB&utm_medium=organic","4778 Shilshole Ave NW, Seattle, WA 98107, USA"
"Roto-Rooter Plumbing & Water Cleanup","(425) 507-9522","plumber","4.8","612","https://www.rotorooter.com/rentonwa/?utm_source=Google&utm_medium=organic&utm_campaign=gmb&utm_content=website","4508 NE 4th St Ste A, Renton, WA 98059, USA"
"Fresh N Clean Septic","(888) 362-7782","gas-engineer","4.9","599","http://freshncleanseptic.com/","17226 NE Woodinville Duvall Rd, Woodinville, WA 98072, USA"
"Action Jackson Drain Cleaning and Plumbing","(425) 877-5601","plumber","4.7","588","http://actionjacksonplumbing.com/","7306 210th St SW, Edmonds, WA 98026, USA"
"Hanley Construction","(360) 876-0870","roofer","5","579","https://www.hanleyroofing.com/?utm_source=google&utm_medium=organic&utm_campaign=gmb","250 Bethel Ave, Port Orchard, WA 98366, USA"
"Washington Generators LLC","(253) 200-1119","electrician","4.8","579","http://washingtongenerators.com/","8901 S 228th St, Kent, WA 98031, USA"
"Aqualine Plumbing & Sewer","(360) 469-6132","plumber","4.8","576","https://aqualineplumbingandsewer.com/contact-us/","13130 44th Ave S Unit 1, Tukwila, WA 98168, USA"
"Luu Locksmith Inc.","(206) 854-0788","locksmith","5","574","https://www.luulocksmith.com/","6820 25th Ave NE Unit C, Seattle, WA 98115, USA"
"Black Lion Heating, Air Conditioning, & Electrical","(425) 814-3944","electrician","4.4","565","https://blacklionhvac.com/?utm_source=google+business+listing&utm_medium=organic&utm_campaign=website+button","11001 118th Pl NE, Kirkland, WA 98033, USA"
"DaBella","(360) 347-9942","roofer","4.7","560","https://dabella.us/location/bremerton/?utm_source=GBP&utm_medium=link&utm_campaign=bremertonGBP&utm_id=Google+Business+Profile+Clicks","2601 Cherry Ave Suite 304, Bremerton, WA 98310, USA"
"Mendoza Gutters","(206) 856-4373","roofer","4.9","558","http://www.mendozaguttersllc.com/","4308 NE Sunset Blvd, Renton, WA 98059, USA"
"CM Heating","(425) 600-7767","gas-engineer","4.9","540","https://cmheating.com/lynnwood/?utm_source=organic&utm_medium=organic&utm_campaign=lynnwood&utm_id=gbp","5017 196th St SW Suite 208, Lynnwood, WA 98036, USA"
"Kirkland Rooter","(206) 669-4930","plumber","4.9","510","https://www.kirklandrooter.com/","9827 NE 120th Pl, Kirkland, WA 98034, USA"
"Ballard Lock & Key","(206) 783-6360","locksmith","4.7","461","https://www.ballardlockandkey.com/","2232 NW Market St, Seattle, WA 98107, USA"
"1-Tom-Plumber","(425) 256-3408","plumber","4.9","449","https://www.1tomplumber.com/seattle/","20109 144th Ave NE, Woodinville, WA 98072, USA"
"Professional Plumbing","(206) 202-7382","plumber","4.9","445","https://www.professionalplumbingllc.com/","2100 196th St SW # 108, Lynnwood, WA 98036, USA"
"Pro Roofing NW","(425) 814-7313","roofer","4.8","441","https://www.proroofingnw.com/","12500 128th Ln NE Unit B571A, Kirkland, WA 98034, USA"
"Forever Roofing","(206) 261-3683","roofer","4.9","438","https://www.foreverroofing.net/","5023 S 144th St, Tukwila, WA 98168, USA"
"Jim Dandy Sewer and Plumbing","(206) 944-3509","plumber","4.5","436","https://www.jimdandysewerandplumbing.com/","6202 214th St SW, Mountlake Terrace, WA 98043, USA"
"Cardinal Heating & Air","(425) 546-0617","plumber","4.7","431","https://cardinalheating.com/?utm_source=google&utm_medium=gbp","13649 NE 126th Pl Suite 101, Kirkland, WA 98034, USA"
"Peninsula Heating And Cooling","(360) 613-5866","gas-engineer","4.9","421","http://peninsulaheatingandcooling.com/","2541 Perry Ave NE, Bremerton, WA 98310, USA"
"Seattle Key Locksmith","(206) 453-1116","locksmith","4.7","416","https://seattlekeylocksmith.com/","810 3rd Ave #245, Seattle, WA 98104, USA"
"Green House Plumbing and Heating","(425) 999-9417","plumber","4.8","409","https://www.greenhouseplumbing.com/","12040 98th Ave NE, Kirkland, WA 98034, USA"
"Raymark Plumbing & Sewer","(206) 440-9077","plumber","4.8","400","https://www.raymarkplumbing.com/","10710 Lake City Way NE, Seattle, WA 98125, USA"
"The Plumbing Joint Inc.","(425) 629-8430","plumber","4.5","398","https://www.plumbingjoint.com/?utm_source=google&utm_medium=gbp&se_campaign=Google%20Business%20Profile","351 Union Ave NE, Renton, WA 98059, USA"
"SUNDANCE Energy","(425) 414-8015","gas-engineer","4.8","391","https://www.sundanceenergy.com/","10228 Main St, Bothell, WA 98011, USA"
"Olson","(206) 782-5522","plumber","4.8","373","https://www.olsonenergy.com/","4415 NW Leary Wy, Seattle, WA 98107, USA"
"Diamond Roofing & Construction","(206) 973-6575","roofer","5","349","https://www.diamondconstructionwa.com/","6421 Lake Washington Blvd NE #409, Kirkland, WA 98033, USA"
"Fischer Plumbing & Drain Cleaning","(206) 279-3077","plumber","4.8","348","https://fischerplumbing.com/","6608 220th St SW, Mountlake Terrace, WA 98043, USA"
"Silverlining Roof LLC","(425) 209-9805","roofer","5","343","https://silverliningroof.com/","10609 Beardslee Blvd, Bothell, WA 98011, USA"
"Pearce Heating & A/C","(425) 868-6328","gas-engineer","5","343","https://pearceheating.com/","18844 NE 84th St, Redmond, WA 98053, USA"
"NearMe Roofing Company","(206) 487-4380","roofer","4.9","331","http://www.nearmeroofingcompany.com/","2727 152nd Ave NE, Redmond, WA 98052, USA"
"O'Neill Plumbing","(206) 932-5283","plumber","4.7","326","http://oneillplumbing.com/","6056 California Ave SW, Seattle, WA 98136, USA"
"BlueSky Locksmith","(206) 659-6115","locksmith","4.9","325","https://blueskylocksmith.com/","2505 2nd Ave #107, Seattle, WA 98121, USA"
"Tekline Roofing","(206) 246-7663","roofer","4.9","324","http://teklineroofing.com/","635 Industry Dr, Seattle, WA 98188, USA"
"I Need A Plumber Now and Sewer Services","(253) 600-3028","plumber","4.9","322","https://www.ineedaplumbernow.net/?utm_source=google&utm_medium=organic&utm_campaign=gbp-listing","19648 70th Ave S Suite 7-1, Kent, WA 98032, USA"
"Trusted Plumbing & Heating - Renton","(425) 406-4870","plumber","4.7","312","https://www.trustedplumbingheating.com/","1201 Monster Rd SW #350, Renton, WA 98057, USA"
"American Rooter Sewer & Drain Service LLC","(206) 375-2222","plumber","5","311","https://www.americanrooterwa.com/?utm_source=omg-gbp&utm_medium=webclick","1623 151st Ave SE, Bellevue, WA 98007, USA"
"Washington Rooter Sewer & Drain Service LLC","(206) 218-6487","plumber","5","307","https://warooterllc.com/","2018 156th Ave NE Suite 100 Bldg. F, Bellevue, WA 98007, USA"
"Brennan Heating, Air Conditioning, & Electric","(206) 248-7900","gas-engineer","4.8","306","https://www.brennanheating.com/","6414 204th St SW Suite 200, Lynnwood, WA 98036, USA"
"Live Wire Electric","(206) 238-0265","electrician","5","301","https://www.livewireelectricwa.com/","19504 24th Ave W, Lynnwood, WA 98036, USA"
"Ben’s Plumbing & Drain Cleaning","(206) 202-2620","plumber","4.9","299","https://bens.plumbing/?utm_campaign=gmb","1141 NW 53rd St, Seattle, WA 98107, USA"
"North East Landscaping Services","(206) 228-1292","roofer","5","293","http://northeastls.com/","12259 155th Ave SE, Renton, WA 98059, USA"
"Jacob Electric LLC","(206) 529-4433","electrician","4.1","272","http://www.jacobelect.com/","1400 112th Ave SE, Bellevue, WA 98004, USA"
"Salish Plumbing Co","(206) 867-0624","plumber","5","265","https://www.salishplumbingco.com/","1204 N 172nd St, Shoreline, WA 98133, USA"
"Done Right Plumbing, Heating, and Sewer Repair","(425) 245-7552","plumber","4.9","257","https://donerightplumbingwa.hibuwebsites.com/","331 204th St SW, Lynnwood, WA 98036, USA"
"Bulger Safe & Lock, Inc.","(206) 363-8797","locksmith","4.5","254","http://www.bulgerlock.com/?utm_source=google+my+business&utm_medium=gmb&utm_campaign=gmb","11502 Lake City Way NE, Seattle, WA 98125, USA"
"OutToday | Heating, Plumbing, Electrical, & Air","(425) 615-5000","plumber","4.7","252","https://outtoday.com/","13300 SE 30th St #208, Bellevue, WA 98005, USA"
"Zip Locksmith","(206) 823-1888","locksmith","4.5","252","https://www.ziplocksmith.com/","9525 14th Ave S, Seattle, WA 98108, USA"
"Insulation Co","(206) 497-7358","gas-engineer","5","249","https://insulationcollc.com/","1420 E Pine St, Seattle, WA 98122, USA"
"Energy Saver Solution LLC","(206) 558-8070","gas-engineer","5","246","https://energysaversolutionswa.com/","5008 NE 2nd St Office 11, Renton, WA 98059, USA"
"Jafco Plumbing and Sewer","(206) 316-9449","plumber","4.8","243","https://jafcocompany.com/service-areas/seattle-wa/?utm_source=google&utm_medium=organic&utm_campaign=gbp","14058 Aurora Ave N, Seattle, WA 98133, USA"
"Everblue Lock and Key","(206) 785-3837","locksmith","5","243","https://everbluelockandkey.com/","9792 Edmonds Way, Edmonds, WA 98020, USA"
"Anthony's Plumbing Company","(206) 906-9279","plumber","5","236","http://www.anthonysplumbingcompany.com/","2624 47th Ave SW, Seattle, WA 98116, USA"
"Epic Locksmith","(206) 773-6844","locksmith","5","236","https://unlockepic.com/","1617 1st St, Kirkland, WA 98033, USA"
"Elite Gold Contractors","(206) 823-4805","roofer","4.9","228","https://elitegoldcontractors.com/?utm_source=google&utm_medium=gbp&utm_campaign=lynnwood-main","626 199th Pl SW, Lynnwood, WA 98036, USA"
"Roto-Rooter Plumbing & Water Cleanup","(425) 392-0504","plumber","4.8","226","https://www.rotorooter.com/redmondwa/?utm_source=Google&utm_medium=organic&utm_campaign=gmb&utm_content=website","16770 NE 79th St Suite 201, Redmond, WA 98052, USA"
"Aurora Plumbing Supply Co., Inc","(206) 364-1140","plumber","4.3","219","http://www.auroraplumbing.com/","14330 Aurora Ave N, Seattle, WA 98133, USA"
"Blue & Blue Roofing Inc","(206) 367-2601","roofer","5","216","https://blueandblueroofing.com/","7814 228th St SW, Edmonds, WA 98026, USA"
"Roto-Rooter Plumbing & Water Cleanup","(360) 373-1122","plumber","4.8","215","https://www.rotorooter.com/bremertonwa/?utm_source=Google&utm_medium=organic&utm_campaign=gmb&utm_content=website","423 Pacific Ave suite 303, Bremerton, WA 98337, USA"
"First Choice Roof Replacement & Roof Cleaning","(425) 270-1525","roofer","4.8","213","https://firstchoiceroofservice.com/","7345 164th Ave NE, Redmond, WA 98052, USA"
"Washington Water Heaters, Heating & Air Conditioning","(206) 622-3303","gas-engineer","4.9","211","http://washingtonwaterheaters.com/","17152 116th Ave SE, Renton, WA 98058, USA"
"Septic Response","(206) 962-2600","drain-specialist","4.9","210","http://www.septicresponse.com/","672 7th Ave, Kirkland, WA 98033, USA"
"Knight Rooter Sewer & Drain Cleaning Services","(206) 206-3131","plumber","5","209","https://knightrooter.com/","10202 5th Ave NE Suite 200, Seattle, WA 98125, USA"
"Energy Works","(425) 409-5661","gas-engineer","4.9","204","http://www.energyworksnw.com/","7034 220th St SW, Mountlake Terrace, WA 98043, USA"
"Three Tree Roofing","(206) 312-7663","roofer","4.9","204","https://www.threetreeroofing.com/contact-three-tree-roofing/three-tree-roofing-kent-company-office/?utm_source=google&utm_medium=organic&utm_campaign=gmb&utm_id=GBP","19032 66th Ave S Ste C-104, Kent, WA 98032, USA"
"Mystic Locksmith","(206) 705-3473","locksmith","5","204","","1415 NE Ravenna Blvd, Seattle, WA 98105, USA"
"Zip Locksmith","(425) 559-9959","locksmith","4.7","203","https://www.ziplocksmith.com/cities/bellevue-locksmith/","3204 Richards Rd, Bellevue, WA 98005, USA"
"Sewer Friendly","(206) 890-7478","plumber","4.8","195","https://sewerfriendly.com/","23930 Hwy 99, Edmonds, WA 98026, USA"
"Eco Roofing & Roof Replacement","(206) 385-4300","roofer","4.9","194","https://ecoroofingnw.com/","10454 8th Ave SW, Seattle, WA 98146, USA"
"Zip Locksmith","(425) 276-6464","locksmith","4.5","192","http://www.ziplocksmith.com/citys/renton-locksmith/","515 Rainier Ave N, Renton, WA 98057, USA"
"Redmond Key Locksmith","(425) 629-9231","locksmith","4.8","192","https://redmondkeylocksmith.com/","22410 NE Marketplace Dr, Redmond, WA 98053, USA"
"Rescue Rooter","(253) 237-7988","plumber","4.7","191","https://www.ars.com/seattle","707 S Grady Way, Renton, WA 98057, USA"
"A-List Plumbing","(206) 657-7841","plumber","4.9","190","https://www.alistplumbing.com/","19505 24th Ave W #104, Lynnwood, WA 98036, USA"
"Energy Saver Solutions Inc - HVAC & Insulation Lynnwood","(206) 761-4320","gas-engineer","5","190","https://energysaversolutionswa.com/","6323 199th Pl SW, Lynnwood, WA 98036, USA"
"Zip Locksmith","(253) 444-4429","locksmith","4.5","187","https://www.ziplocksmith.com/citys/kent-locksmith/","24700 36th Ave S Suite 106, Kent, WA 98032, USA"
"Galaxy Electric & Solar LLC","(206) 414-1211","electrician","4.9","187","https://galaxyel.com/","815 NW 193rd St, Shoreline, WA 98177, USA"
"Landmark Roofing & Siding","(855) 908-7663","roofer","4.8","186","https://www.landmarkroof.com/","14940 NE 95th St Suite H, Redmond, WA 98052, USA"
"Brewer's Sewer Repair","(206) 430-9538","plumber","5","181","http://brewersewer.com/","11224 26th Ave SW, Seattle, WA 98146, USA"
"Seatown Electric Plumbing Heating and Air","(360) 800-3650","plumber","4.7","180","http://www.seatownservices.com/?utm_source=GBP&utm_medium=organic&utm_campaign=seattle","8769b 15th Ave NW, Seattle, WA 98117, USA"
"ALL WAYS ROOTER LLC Sewer & Drain, Hydro Jet","(425) 954-9237","plumber","4.9","178","https://allwaysrooter.com/","Bothell Everett Hwy, Bothell, WA 98012, USA"
"Surge Electrical LLC","(425) 390-9999","electrician","4.9","176","https://surgelectrical.com/","650 Jasmine Pl NW, Issaquah, WA 98027, USA"
"Phase NW Electricians","(206) 487-7278","electrician","5","175","https://www.phasenw.com/","8601 S 212th St, Kent, WA 98031, USA"
"King's Mobile Lock Inc.","(360) 479-4833","locksmith","4.7","175","https://kingsmobilelockinc.com/","5883 WA-303 Suite 103, Bremerton, WA 98311, USA"
"Greenwood Hardware","(206) 783-2900","locksmith","4.6","173","http://www.greenwoodhardware.com/","7201 Greenwood Ave N, Seattle, WA 98103, USA"
"King Quality Roofing","(800) 860-5899","roofer","5","173","https://kingqualityroofing.com/","12628 14th Ave S, Seattle, WA 98168, USA"
"Tech City Plumbing and Drain Service","(425) 880-9090","plumber","4.9","170","https://techcityplumbing.com/","13504 NE 124th St, Kirkland, WA 98034, USA"
"K Single Corp Roofing","(206) 659-4349","roofer","4.7","169","https://www.ksinglecorp.com/","14996 21st Ave SW, Burien, WA 98166, USA"
"Cressy Door and Fireplace","(206) 632-0533","gas-engineer","4.5","169","http://www.cressydoor.com/","14701 15th Ave NE, Shoreline, WA 98155, USA"
"Rainier Roofing Company","(206) 347-8191","roofer","4.8","168","https://www.rainierroofingcompany.com/","2104 S Plum St, Seattle, WA 98144, USA"
"Integrity Energy Systems","(425) 419-4676","gas-engineer","4.5","167","https://ies365.com/","430 S 96th St #9, Boulevard Park, WA 98108, USA"
"Zip Locksmith","(425) 559-7979","locksmith","4.6","165","https://www.ziplocksmith.com/citys/issaquah-locksmith","25 NW Gilman Blvd, Issaquah, WA 98027, USA"
"AMS Electric Inc","(425) 681-8363","electrician","4.9","164","https://www.amselectricandhvac.com/","715 Kirkland Ave, Kirkland, WA 98033, USA"
"Mike's Plumbing & Drain Cleaning","(425) 775-0201","plumber","4.7","162","","21010 70th Ave W, Edmonds, WA 98026, USA"
"Anytime Lock & Safe","(360) 373-5167","locksmith","4.7","160","http://www.anytimelock.com/","5050 WA-303 #109, Bremerton, WA 98311, USA"
"Exact Electric","(206) 434-6915","electrician","4.9","158","https://exactelectric.com/?utm_source=googlebusinessprofile&utm_medium=web&utm_campaign=gpb-listing","11300 25th Ave NE, Seattle, WA 98125, USA"
"Wise Locksmith","(425) 877-1729","locksmith","4.6","156","https://wiselocks.com/","19200 Bothell Everett Hwy, Bothell, WA 98012, USA"
"HotWire Furnace, Air Conditioning & Appliance Repair Seattle","(425) 472-4767","drain-specialist","5","155","http://hotwirerepair.com/?utm_source=google&utm_medium=organic&utm_campaign=gbp-seattle&utm_content=listing","10202 5th Ave NE Suite 200, Seattle, WA 98125, USA"
"Kaizen Plumbing & Sewer, Bothell","(425) 598-8200","plumber","5","150","https://kaizenplumbing.biz/","22522 29th Dr SE Suite 202, Bothell, WA 98021, USA"
"Total Restore","(206) 422-7271","drain-specialist","5","149","https://totalrestorewa.com/renton-wa/","801 SW 16th St Office #A04, Renton, WA 98057, USA"
"All Climate Heating & Air Conditioning","(425) 600-7601","gas-engineer","5","148","https://allclimate.net/?utm_campaign=gmb","22313 70th Ave W Suite L7C, Mountlake Terrace, WA 98043, USA"
"Clearline Sewer Repair","(206) 203-7452","plumber","5","148","https://clearlinesewerrepair.com/service-areas/seattle-wa/?utm_source=google&utm_medium=gbp","1417 NW 54th St Suite #248, Seattle, WA 98107, USA"
"Pacific Glass, Inc. - Renton","(425) 277-1800","glazier","4.6","147","https://www.pacificglassinc.com/","221 Airport Wy, Renton, WA 98057, USA"
"Rooter-Pal Plumbing, LLC","(425) 222-2022","plumber","5","144","https://www.rooterpal.com/","11851 124th Ave NE, Kirkland, WA 98034, USA"
"1-800-Plumber +Air","(425) 298-6969","plumber","4.8","143","https://1800plumber.com/eastside-seattle-wa/","14630 NE 95th St, Redmond, WA 98052, USA"
"Roofing Formula LLC","(425) 207-6016","roofer","5","141","https://www.roofingformula.com/contact-us/","8205 NE 142nd St, Kirkland, WA 98034, USA"
"NGB Roofing","(206) 883-6232","roofer","5","141","http://www.ngbroof.com/","19215 80th Pl W, Edmonds, WA 98026, USA"
"Green Planet Plumbing & Sewer, LLC","(206) 745-4510","plumber","4.8","141","https://www.greenplanetplumbing.com/","11454 Des Moines Memorial Dr S, Seattle, WA 98168, USA"
"Steve’s Plumbing, LLC","(425) 451-2444","plumber","5","139","https://www.callstevesplumbing.com/","10202 5th Ave NE, Seattle, WA 98125, USA"
"M&H Services LLC","(206) 944-6053","roofer","4.9","138","https://mnhroofingservices.com/?utm_campaign=gmb","6015B 51st Pl S, Seattle, WA 98118, USA"
"MOGOVOLT","(206) 401-8687","electrician","4.9","137","https://mogovolt.com/","23825 45th Ave SE, Bothell, WA 98021, USA"
"Brave Builders Roofing","(206) 990-4738","roofer","5","137","https://bravebuilderswa.com/","13418 90th Ave NE, Kirkland, WA 98034, USA"
"RoofSmart","(206) 593-4328","roofer","4.9","137","https://www.getroofsmart.com/","801 Central Ave N, Kent, WA 98032, USA"
"Zip Locksmith","(206) 488-0480","locksmith","4.6","136","https://www.ziplocksmith.com/citys/tukwila-locksmith/","15060 Pacific Hwy S, Tukwila, WA 98188, USA"
"Quality Plumbing","(206) 789-7676","plumber","4.8","135","https://qualityplumbing.cc/?utm_source=google+my+business&utm_medium=gmb&utm_campaign=gmb","1112 NW 53rd St, Seattle, WA 98107, USA"
"Ben’s Plumbing & Drain Cleaning","(206) 451-2555","plumber","4.9","135","https://bens.plumbing/","12600 SE 38th St Suite 235, Bellevue, WA 98006, USA"
"Touchstone Roofing & Siding","(425) 428-8053","roofer","5","135","https://www.touchstonehomes.net/","14150 NE 20th St Suite F1-429, Bellevue, WA 98007, USA"
"Odyssey Plumbing","(206) 317-4988","plumber","5","134","https://odyssey-plumbing.com/","3901 NW Leary Wy, Seattle, WA 98107, USA"
"Squatch Roofing","(425) 324-9757","roofer","5","130","https://www.squatchroofing.com/?utm_source=gmb&utm_medium=organic&utm_campaign=profile","14102 NE 189th St Suite 100, Woodinville, WA 98072, USA"
"Wesnor Plumbing and Heating","(206) 802-5113","plumber","5","129","https://wesnor.com/","1705 N 82nd St, Seattle, WA 98103, USA"
"OCEAN PLUMBING LLC","(425) 545-5269","plumber","5","128","https://oceanplumbingsea.com/","838 Lynnwood Ave NE, Renton, WA 98056, USA"
"Home Services Plus - Eastside","(425) 979-2757","roofer","4.9","127","","16301 NE 8th St suite 155, Bellevue, WA 98008, USA"
"Beacon Plumbing & Mechanical Inc.","(425) 747-0941","plumber","4.7","125","https://www.beaconplumbing.net/bellevue-plumber","3600 136th Pl SE Suite 300, Bellevue, WA 98006, USA"
"Seattle Rapid Neighborhood Electricians","(206) 594-4009","electrician","4.8","123","https://benchmarkseattle.com/","16259 Sylvester Rd SW #9200, Burien, WA 98166, USA"
"NW Power & Air","(360) 810-0678","electrician","4.6","123","https://www.nw-powerair.com/?utm_source=google&utm_medium=organic&utm_campaign=gbp-website","893 4th St, Bremerton, WA 98337, USA"
"Mr. Electric of Greater Seattle","(206) 319-5016","electrician","4.5","121","https://mrelectric.com/greater-seattle/?cid=LSTL_MRE000196&utm_source=gmb&utm_campaign=local&utm_medium=organic","1720 4th Ave S Suite B, Seattle, WA 98134, USA"
"FlyLock","(206) 582-0028","locksmith","4.8","117","https://flylock.com/locations/seattle/?utm_source=Google&utm_medium=Listing&utm_campaign=SEATTLE","309 S Cloverdale St Unit B25, Seattle, WA 98108, USA"
"Cheap Towing","(206) 971-9909","locksmith","3.7","116","https://www.cheaptowingllc.com/","2216 SW Orchard St Ste A, Seattle, WA 98106, USA"
"Erie Home","(425) 386-5253","roofer","4.5","116","https://eriehome.com/locations/roofing/renton-wa/?utm_source=gbp&utm_medium=roofing&utm_campaign=Renton","1000 SW 34th St suite a Suite A, Renton, WA 98057, USA"
"Pars plumbing","(206) 899-7743","plumber","5","116","http://parsplumbingwa.co/","417 212th St SW, Bothell, WA 98021, USA"
"King Roof Care","(425) 543-8005","roofer","4.9","115","https://kingroofcare.com/kirkland-roofing/?utm_source=google&utm_medium=gbp&utm_campaign=kirkland-main","11400 NE 132nd St, Kirkland, WA 98034, USA"
"Alki/West Seattle Key & Lock","(206) 935-7538","locksmith","4.2","114","http://www.locksmithservicesinc.com/","2607 California Ave SW, Seattle, WA 98116, USA"
"A Better Roofing Company","(206) 935-1575","roofer","4.8","114","https://www.abetterroofing.com/?utm_source=google&utm_medium=GMB&utm_campaign=profile","4126 Airport Wy S, Seattle, WA 98108, USA"
"Benjamin Franklin Plumbing of Redmond","(425) 675-7934","plumber","5","112","https://www.benjaminfranklinplumbing.com/redmond/?utm_source=gbp&utm_medium=organic&utm_campaign=645200_-BF0689-","18800 142nd Ave NE #2a, Woodinville, WA 98072, USA"
"Parker Services Plumbing","(206) 929-3606","plumber","5","112","https://parkerservicesplumbing.com/","4601 Shilshole Ave NW Suite D, Seattle, WA 98107, USA"
"Sparkson Electrical","(206) 823-5237","electrician","5","112","https://www.sparkson-electrical.com/","10655 Main St, Bellevue, WA 98004, USA"
"Goldstar Plumbing","(425) 300-9900","plumber","5","109","https://goldstarplumbing.org/","1455 NW Leary Wy STE 483, Seattle, WA 98107, USA"
"Titan Roofing","(206) 591-4015","roofer","5","109","https://theroofingtitan.com/","19525 61st Ave NE, Kenmore, WA 98028, USA"
"George Gas Piping","(425) 577-2452","gas-engineer","5","109","https://georgegaspiping.com/","601 12th Ave NW, Issaquah, WA 98027, USA"
"Pi Security Solutions","(206) 735-3140","locksmith","4.8","109","https://pisecuritysolutions.com/","903 9th Ave #37, Seattle, WA 98104, USA"
"Benla Water Heater Service","(206) 283-7676","gas-engineer","4.8","107","https://www.benla.biz/","981 Industry Dr, Tukwila, WA 98188, USA"
"Steve’s Plumbing, LLC","(425) 451-2444","plumber","4.9","106","https://www.callstevesplumbing.com/","2018 156th Ave NE building f, Bellevue, WA 98007, USA"
"Estarik Services LLC","(206) 375-8590","electrician","5","106","https://www.estarikservices.com/","22910 90th Ave W Suite C-302, Edmonds, WA 98026, USA"
"Pelican Plumbing LLC","(360) 535-7598","plumber","5","105","https://pelicanplumbing.co/","4181 Wheaton Wy # 3, Bremerton, WA 98310, USA"
"McCarthy Electric and Technologies","(425) 541-7112","electrician","5","104","http://www.mccarthyelectricandtechnologies.com/","2125 196th St SW Unit 108-109, Lynnwood, WA 98036, USA"
"Volta Electrical","(425) 818-2055","electrician","4.8","100","https://www.voltaelectricians.com/","13404 Newcastle Commons Dr, Newcastle, WA 98059, USA"
"Eastside Plumbing, Sewer, Septic, Electric, Heating & Air - Issaquah","(425) 644-3517","plumber","4.9","98","https://www.eastsideplumbing.com/","55 1st Ave NW, Issaquah, WA 98027, USA"
"True Value Hardware","(206) 232-7282","locksmith","4.3","97","https://stores.truevalue.com/wa/mercer-island/5040","7707 SE 27th St Ste 110, Mercer Island, WA 98040, USA"
"Guardian Roofing, Gutters & Insulation","(425) 600-1289","roofer","4.6","95","https://www.guardianroofing.com/service-areas/seattle-wa/?utm_source=google&utm_medium=gbp-sea&se_campaign=GBP%20-%20Seattle","3211 Martin Luther King Jr Way S, Seattle, WA 98144, USA"
"Garrett & Sons Water Heaters","(206) 594-3784","gas-engineer","4.8","93","","202 N 36th St #7550, Seattle, WA 98103, USA"
"Beaux Electric","(206) 889-0254","electrician","5","92","https://beauxelectric.com/","12415 NE 130th Ct APT H210, Kirkland, WA 98034, USA"
"Topaz Remodeling Inc","(206) 476-5993","roofer","5","92","https://topaz-remodeling.com/","1205 N 10th Pl Apt 2314, Renton, WA 98057, USA"
"Mark's Electric LLC","(253) 225-9254","electrician","5","91","http://markselectricnw.com/","2238 Lincoln Ave SE, Port Orchard, WA 98366, USA"
"Zoltan The Plumber","(206) 293-6890","plumber","5","90","https://zoltantheplumber.com/","13855 38th Ave. S, Tukwila, WA 98168, USA"
"Three Tree Roofing","(206) 210-3300","roofer","5","90","https://www.threetreeroofing.com/?utm_source=google&utm_medium=organic&utm_campaign=gmb&utm_id=GBP","1455 NW Leary Wy, Seattle, WA 98107, USA"
"Porter Family Roofing & Construction","(425) 600-3050","roofer","4.8","89","","7012 220th St SW, Mountlake Terrace, WA 98043, USA"
"Convey Plumbing","(206) 388-8049","plumber","5","88","https://conveyplumbing.com/","4136 24th Pl S, Seattle, WA 98108, USA"
"Streamline Electric","(425) 818-2053","electrician","5","88","http://www.streamlinenw.com/","550 Kirkland Way #100a, Kirkland, WA 98033, USA"
"Fischer Electric","(425) 563-2900","electrician","4.8","86","http://fischer-electric.com/","6608 220th St SW Suite 110, Mountlake Terrace, WA 98043, USA"
"ACES FOUR Enterprises - Sewer Repair & Replacement","(425) 672-4811","plumber","5","85","https://www.acesfour.com/","537 S Southern St, Seattle, WA 98108, USA"
"Companion Plumbing & Heating","(206) 707-6602","plumber","5","84","https://www.companionplumbing.com/","3019 252nd Pl SE, Sammamish, WA 98075, USA"
"Complete Trenchless","(206) 512-5499","gas-engineer","4.3","83","https://completetrenchless.com/","5608 17th Ave NW, Seattle, WA 98107, USA"
"A-Game Plumbing and Heating","(206) 476-7295","plumber","4.9","83","http://agameplumbing.com/","20630 56th Ave W #8, Lynnwood, WA 98036, USA"
"KeyMe Locksmiths","(206) 502-4269","locksmith","4.4","80","https://key.me/kiosks/washington/kirkland/kirkland/locksmith-key-copy-kirkland-fred-meyer-98034-washington","12221 120th Ave NE, Kirkland, WA 98034, USA"
"Gallants Plumbing Services","(360) 337-0288","plumber","5","80","https://www.gallantsplumbingservices.com/","4542 NE Wildlife Ct, Poulsbo, WA 98370, USA"
"Orca Roofing & Exteriors","(425) 584-6722","roofer","4.9","79","https://www.orcaroofing.com/","16301 NE 8th St Suite 253, Bellevue, WA 98008, USA"
"KeyMe Locksmiths","(206) 202-8061","locksmith","3.7","79","https://key.me/kiosks/washington/seattle/seattle/locksmith-key-copy-seattle-fred-meyer-98107-washington","915 NW 45th St Suite B, Seattle, WA 98107, USA"
"Seattle's Best Locksmith","(206) 849-6635","locksmith","4.4","78","","10036 NE 115th Ln, Kirkland, WA 98033, USA"
"Porter Family Roofing & Construction","(425) 532-5800","roofer","4.9","78","","709 Kirkland Ave, Kirkland, WA 98033, USA"
"Porter Family Roofing & Construction","(206) 966-6300","roofer","4.8","77","","7434 SE 27th St, Mercer Island, WA 98040, USA"
"Casabella Roofing & Gutters","(425) 485-2470","roofer","5","77","https://www.casabellaroofing.com/","570 Kirkland Way STE 100, Kirkland, WA 98033, USA"
"Hernandez & Sons Roofing","(425) 332-1500","roofer","4.9","77","https://hernandezsonsroofing.com/lynnwood-wa/","4208 198th St SW #106, Lynnwood, WA 98036, USA"
"Shalom Plumbing","(206) 501-3944","plumber","5","77","https://shalomplumbing.net/","2817 S 148th St, SeaTac, WA 98168, USA"
"CAMP ROOFING","(425) 496-5570","roofer","4.9","75","http://camp-roofing.com/","11410 NE 124th St #181, Kirkland, WA 98034, USA"
"KeyMe Locksmiths","(425) 390-5885","locksmith","4.4","75","https://key.me/kiosks/washington/issaquah/issaquah/locksmith-key-copy-issaquah-fred-meyer-98029-washington","6100 E Lake Sammamish Pkwy SE, Issaquah, WA 98029, USA"
"North Hill Sewer and Drain","(206) 202-3280","plumber","4.9","75","http://www.northhillsd.com/","741 S 197th St, Des Moines, WA 98148, USA"
"Adams Family Roofing","(206) 672-3100","roofer","4.9","75","","507 7th Ave S, Seattle, WA 98104, USA"
"Davis Brothers Roofing & Remodeling","(206) 600-6966","roofer","4.8","75","","3935 University Wy NE, Seattle, WA 98105, USA"
"Kemly Electric","(206) 782-1670","electrician","4.6","75","http://www.kemlyelectric.com/","1148 NW 50th St, Seattle, WA 98107, USA"
"Merv Bellevue","(206) 590-4060","electrician","4.9","74","","14150 NE 20th St. F1, #508, Bellevue, WA 98007, USA"
"Team Roofing Northwest, LLC","(253) 277-4643","roofer","4.7","73","http://www.teamroofingnw.com/","19226 66th Ave S suite l-102, Kent, WA 98032, USA"
"Andrew & Sons Roof Repair","(206) 590-4460","roofer","4.8","73","https://martinezsonsroofrepair.com/seattle-wa/","126 S Spokane St suite a, Seattle, WA 98134, USA"
"Rock Roofing | Trusted Residential & Multi-Family Roofing Experts","(425) 486-8683","roofer","4.8","72","http://www.rockroofing.com/","17210 Bothell Way NE Suite A, Bothell, WA 98011, USA"
"Pioneer Plumbing & Sewer","(206) 789-8029","plumber","4.4","72","https://pioneerplumbing.biz/","3425 16th Ave W, Seattle, WA 98119, USA"
"LightningX Electrical","(253) 666-3066","electrician","5","72","https://www.lightningxelectrical.com/","7041 149th Ave NE, Redmond, WA 98052, USA"
"Glassma Tukwila","(206) 330-9103","glazier","4.9","72","https://glassma.us/tukwila/","808 Industry Dr, Tukwila, WA 98188, USA"
"Mirsky Electric","(206) 931-4395","electrician","4.9","72","https://www.mirskyelectric.com/?utm_source=google&utm_medium=organic&utm_campaign=gmb_seattle","2442 NW Market St #599, Seattle, WA 98107, USA"
"Four Seasons Roofing & Remodeling","(425) 388-9906","roofer","4.6","71","https://fourseasonsroofing.com/","2018 156th Ave NE Suite 100 Bldg. F, Bellevue, WA 98007, USA"
"KeyMe Locksmiths","(206) 800-8582","locksmith","3.8","70","https://key.me/kiosks/washington/lynnwood/lynnwood/locksmith-key-copy-lynnwood-fred-meyer-98036-washington","4615a 196th St SW, Lynnwood, WA 98036, USA"
"MECO Electric","(425) 941-0883","electrician","4.9","69","https://mecomasterelectricco.com/","188 Bellevue Way NE #1407, Bellevue, WA 98004, USA"
"Larry Haight's Residential Roofing Company, Inc.","(425) 529-5805","roofer","4.3","68","https://larryhaightroofing.com/?utm_source=gbp&utm_medium=organic&utm_campaign=local","15203 NE 95th St, Redmond, WA 98052, USA"
"Mobile Mike Locksmith","(360) 932-8291","locksmith","5","68","https://www.facebook.com/profile.php?id=100090917602894","2068 SE Polar Star Way, Port Orchard, WA 98366, USA"
"ELEMENT LOCKSMITH","(206) 401-8282","locksmith","4.8","67","https://elementlocksmith.com/","11728 Aurora Ave N STE#3, Seattle, WA 98133, USA"
"Atrax Roof & Gutter","(425) 449-2878","roofer","4.7","67","http://www.atraxroofandgutter.com/","11335 NE 122nd Way Suite 105, Kirkland, WA 98034, USA"
"Roof4life","(425) 207-3500","roofer","4.9","65","https://roof4life.org/","13459 108th Ave NE, Kirkland, WA 98034, USA"
"Brixton & Windsor Roofing","(206) 888-3948","roofer","5","65","http://brixtonwindsorroofing.com/","22722 29th Dr SE UNIT 100, Bothell, WA 98021, USA"
"Blessed Electrical Service Team LLC","(206) 833-9607","electrician","4.8","65","https://www.blessedelectrical.com/","12801 SE 164th St, Renton, WA 98058, USA"
"Frost HVAC - Furnace Repair Service","(253) 204-9718","gas-engineer","4.9","65","https://frostheatingcooling.com/","19219 68th Ave S, Kent, WA 98032, USA"
"RoyalPipes Plumber Renton","(425) 517-1364","plumber","5","65","http://royalpipesplumberrenton.com/","240 SW 43rd St, Renton, WA 98057, USA"
"Queen Plumbing LLC","(206) 708-3134","plumber","5","64","https://www.queenplumbingllc.com/","3008 Harvard Ave E, Seattle, WA 98102, USA"
"PRICOR Tech","(206) 258-5270","plumber","4.2","64","http://www.pricortech.com/","2825 S 154th St, SeaTac, WA 98188, USA"
"Pinnacle Roofing Professionals, LLC","(206) 919-3538","roofer","4.5","64","http://www.pinnacleroofingpros.com/","5014 208th St SW, Lynnwood, WA 98036, USA"
"Fred Meyer Roofing","(206) 478-3733","roofer","5","64","https://www.fredmeyerroofing.com/","1620 SW 156th St, Burien, WA 98166, USA"
"Roof Tec","(206) 488-7855","roofer","4.7","64","https://www.roof-tec.net/","755 Winslow Way E Suite 310, Bainbridge Island, WA 98110, USA"
"Security Safe & Lock Inc","(425) 454-6969","locksmith","4.6","63","http://www.security-safe.com/","13228 SE 30th St Suite C3, Bellevue, WA 98005, USA"
"Electric Company of Seattle","(206) 633-3896","electrician","4.9","63","https://www.elcose.com/","7248 27th Ave NE, Seattle, WA 98115, USA"
"Zone 8 Plumbing & Sewer","(206) 580-3360","plumber","4.9","63","https://zone8plumbingandsewer.com/","4701 SW Admiral Wy Suite #179, Seattle, WA 98116, USA"
"Sunshine Woodinville Roof Repair","(425) 375-0252","roofer","4.9","63","http://www.nhwashingtonroofingcontractors.com/","18021 Garden Way NE, Woodinville, WA 98072, USA"
"H&G Roof Cleaning and Exteriors LLC","(425) 465-6776","roofer","4.9","63","http://hgroofclean.com/","4511 148th Ave NE, Bellevue, WA 98007, USA"
"Bonafide Lock & Safe","(425) 820-7175","locksmith","4.7","62","https://www.bonafidelock.com/?utm_source=google+my+business&utm_medium=gmb&utm_campaign=gmb","12437 116th Ave NE, Kirkland, WA 98034, USA"
"Watertite Plumbing, Heating, and Sewer, LLC","(425) 429-8911","plumber","4.9","62","https://watertiteplumbingwa.com/","8617 15th Ave NE, Seattle, WA 98115, USA"
"STS Construction Services","(206) 439-6343","electrician","4.5","62","http://stsconstructionservices.com/","9049 20th Ave SW A, Seattle, WA 98106, USA"
"KeyMe Locksmiths","(206) 203-4482","locksmith","4.5","61","https://key.me/kiosks/washington/burien/burien/locksmith-key-copy-burien-fred-meyer-98168-washington","14300 1st Ave S, Burien, WA 98168, USA"
"VBC Roof & Gutter","(425) 666-8380","roofer","5","60","https://vbcroofconstruction.com/","16561 124th Ave NE, Bothell, WA 98011, USA"
"Edmonds Roof Repair","(425) 426-3738","roofer","5","60","http://tiffincrane.com/","558 Main St, Edmonds, WA 98020, USA"
"KeyMe Locksmiths","(206) 401-8948","locksmith","4.6","60","https://key.me/kiosks/washington/seattle/seattle/locksmith-key-copy-seattle-fred-meyer-98125-washington","13000 Lake City Way NE, Seattle, WA 98125, USA"
"KeyMe Locksmiths","(206) 502-0907","locksmith","4.3","60","https://key.me/kiosks/washington/bothell/bothell/locksmith-key-copy-bothell-fred-meyer-98021-washington","21045 Bothell Everett Hwy, Bothell, WA 98021, USA"
"Majestic Locksmith","(253) 242-0493","locksmith","4.5","59","https://majesticlocksmithkent.com/","6230 S 238th Pl, Kent, WA 98032, USA"
"Sound Lock & Key","(206) 785-4499","locksmith","4.9","59","https://www.soundlockandkey.com/","5109 Shilshole Ave NW, Seattle, WA 98107, USA"
"Eastside Repipe and Plumbing","(425) 331-2011","plumber","5","57","https://eastsiderepipeandplumbing.com/","12005 NE 12th St # 29, Bellevue, WA 98005, USA"
"Meekas cleaning services llc","(206) 600-1316","roofer","4.9","57","https://www.meekascleaningservicesllc.com/","1215 Seneca St, Seattle, WA 98101, USA"
"KeyHub Locksmith","(253) 237-4466","locksmith","4.9","56","","11335 NE 122nd Way Ste 105, office 211, Kirkland, WA 98034, USA"
"PRIME Electric","(425) 747-5200","electrician","4.2","56","https://www.primee.com/","3460 161st Ave SE, Bellevue, WA 98008, USA"
"In Charge Home Electric","(425) 202-5529","electrician","5","56","https://www.inchargehomeelectric.com/","Redmond Wy, Redmond, WA 98052, USA"
"Platt Electric Supply","(206) 624-4083","electrician","4.4","55","https://www.platt.com/platt-electric-supply/WA/Seattle/StoreLocationDetail.aspx?id=2&utm_source=local-listings&utm_medium=organic&utm_content=GMB","2757 6th Ave S, Seattle, WA 98134, USA"
"Mountaintop Metal Roofing","(206) 339-9070","roofer","5","55","https://www.mountaintopmetalroofing.com/location/seattle/?utm_source=google&utm_medium=organic&utm_campaign=seattle+&utm_content=gbp","1455 NW Leary Wy Suite 400, Seattle, WA 98107, USA"
"SFW Construction","(206) 462-1270","roofer","4.9","55","https://www.sfwconstruction.com/locations/seattle/?utm_campaign=gmb&utm_source=googlemaps","3515 SW Alaska St, Seattle, WA 98126, USA"
"Energy Technologies","(206) 580-1151","gas-engineer","4.7","54","https://www.energytechnologiesllc.com/","7311 15th Ave NW Unit C-1, Seattle, WA 98117, USA"
"Topline Builders & Renovation","(866) 311-4160","roofer","5","54","https://www.toplinerenovation.com/","5008 NE 2nd St Unit b, Renton, WA 98059, USA"
"The Drain Authority - Seattle Drain Cleaning & Rooter","(206) 590-1455","plumber","5","54","http://drainauthority.pro/","535 Pontius Ave N, Seattle, WA 98109, USA"
"Pacific Custom Sewer and Drainage","(425) 224-6370","plumber","5","54","https://seattleseweranddrainage.com/","8001 14th Avenue Northeast Suite A, Seattle, WA 98115, USA"
"Royal Roofing","(206) 600-7428","roofer","5","53","https://royalroofingservice.com/","22525 SE 64th Pl #222, Issaquah, WA 98027, USA"
"Columbia Valley Electric","(425) 686-8114","electrician","4.9","53","http://www.columbiavalleyelectric.com/","11905 124th Ave NE, Kirkland, WA 98034, USA"
"GAB Construction","(206) 380-6774","roofer","4.9","53","https://gabconstructionam.com/","15771 120th Ave SE, Renton, WA 98058, USA"
"Roof Boss USA","(206) 206-2677","roofer","4.5","52","https://roofbossusa.com/","18458 8th Ave S, SeaTac, WA 98148, USA"
"Matthew & Sons Plumbing & Electric","(253) 270-3500","plumber","4.8","52","","3150 S 160th St #289, SeaTac, WA 98188, USA"
"Emerald Locksmiths - Seattle","(206) 887-1277","locksmith","4.3","52","https://www.emeraldlocksmiths.com/","2942 S Fontanelle St, Seattle, WA 98108, USA"
"Cisco Electric","(425) 778-3572","electrician","4.9","51","https://ciscoelectric.com/","22612 92nd Ave W, Edmonds, WA 98020, USA"
"Puget Seattle Plumbers and Drain Cleaning Co.","(206) 360-0078","plumber","4.9","51","","81 Pike St, Seattle, WA 98101, USA"
"Absolute Quality Roof Restoration","(206) 604-8098","roofer","5","51","http://www.absolutequalityroof.com/","44th Pl NE, Seattle, WA 98115, USA"
"Benchmark Home Services Inc.","(206) 717-5076","electrician","4.9","51","https://benchmarkseattle.com/","1003 S 197th St, Des Moines, WA 98148, USA"
"Knockout Plumbing & Mechanical LLC","(206) 858-2211","plumber","4.9","49","https://www.knockoutplumbingseattle.com/","1724 S Spokane St, Seattle, WA 98144, USA"
"4th Systems","(206) 312-1218","electrician","5","49","http://www.4thsystems.com/","11235 26th Ave SW, Seattle, WA 98146, USA"
"Final Touch Construction","(253) 228-2546","roofer","4.9","48","https://www.finaltc.net/","804 Industry Dr, Tukwila, WA 98188, USA"
"KeyMe Locksmiths","(425) 215-1610","locksmith","4.5","48","https://key.me/kiosks/washington/redmond/redmond/locksmith-key-copy-redmond-fred-meyer-98052-washington","17667 NE 76th St, Redmond, WA 98052, USA"
"Reinhart Electric & Service Inc","(425) 251-5201","electrician","4.6","48","https://www.reinhartelectric.net/","205 SW 41st St, Renton, WA 98057, USA"
"KeyMe Locksmiths","(206) 401-8544","locksmith","4.1","48","https://key.me/kiosks/washington/shoreline/shoreline/locksmith-key-copy-shoreline-fred-meyer-98133-washington","18325 Aurora Ave N, Shoreline, WA 98133, USA"
"BT Solutions","(425) 780-7748","electrician","4.8","48","https://www.btsolutionswa.com/","20904 72nd Ave W Unit 202, Edmonds, WA 98026, USA"
"Brechtech Services","(206) 778-9100","electrician","4.9","47","http://brechtechservices.com/","4521 Somerset Dr SE, Bellevue, WA 98006, USA"
"Water Heater Doctor","(206) 202-9700","plumber","5","47","https://waterheaterdoctor.com/locations/wa/seattle/","7307 33rd Ave S, Seattle, WA 98118, USA"
"Perdigon Roofing","(206) 750-6653","roofer","5","47","http://www.perdigonroofing.com/","1910 NE 120th St, Seattle, WA 98125, USA"
"Valentin Roofing","(425) 540-6543","roofer","5","46","https://www.valentinroofingwa.com/","7512 NE Bothell Way Apt 223, Kenmore, WA 98028, USA"
"Three Tree Roofing","(425) 230-3300","roofer","5","46","https://www.threetreeroofing.com/contact-three-tree-roofing/three-tree-roofing-bellevue-company-office/?utm_source=google&utm_medium=organic&utm_campaign=gmb&utm_id=GBP","1400 112th Ave SE, Bellevue, WA 98004, USA"
"KeyMe Locksmiths","(206) 800-8527","locksmith","4.1","45","https://key.me/kiosks/washington/renton/renton/locksmith-key-copy-renton-fred-meyer-98057-washington","365 Renton Center Way SW, Renton, WA 98057, USA"
"AC LOCK-N-KEY","(206) 550-5357","locksmith","4.9","45","https://www.aclocknkey.com/","346 NE 56th St, Seattle, WA 98105, USA"
"Swift Masonry And Foundation Repair","(206) 756-5411","roofer","5","44","https://swiftmasonryandfoundationrepair.com/","13555 SE 36th St, Bellevue, WA 98006, USA"
"Roof Moss & Gutters Floss - Seattle","(206) 679-6921","roofer","4.6","44","https://www.roofmossgutterflosspros.com/home","1455 NW Leary Wy Suite 400, Seattle, WA 98107, USA"
"All Phase Plumbing","(206) 772-6077","plumber","5","44","https://www.allphaseplumbing.com/?utm_source=2060digital&utm_medium=localseo&utm_campaign=gbp","14101 Interurban Ave S Unit 78-A, Tukwila, WA 98168, USA"
"KeyMe Locksmiths","(425) 230-6442","locksmith","4.7","44","https://key.me/kiosks/washington/redmond/redmond-way/make-keys-redmond-way-wa","17246 Redmond Wy, Redmond, WA 98052, USA"
"Rain City Plumbing","(206) 432-9044","plumber","4.7","44","https://raincityplumbingusa.com/","16613 14th Ave SW, Burien, WA 98166, USA"
"Pristine Plumbing- Kent","(253) 785-3857","plumber","4.5","44","https://pristineplumbingservices.com/plumbing-kent/","11216 SE 223rd St, Kent, WA 98031, USA"
"KeyMe Locksmiths","(425) 970-9724","locksmith","4.2","43","https://key.me/kiosks/washington/sammamish/sammamish-highlands/make-keys-sammamish-highlands-wa","630 228th Ave NE, Sammamish, WA 98074, USA"
"KeyMe Locksmiths","(206) 483-2692","locksmith","4.3","43","https://key.me/kiosks/washington/kirkland/kirkland/locksmith-key-copy-kirkland-quality-food-center-98033-washington","425 Urban Plz SUITE 100 Suite #100, Kirkland, WA 98033, USA"
"Joe the Pro Plumbing, Septic, Sewer, Heating & Air","(253) 448-8147","plumber","4.7","43","https://www.joetheproplumbing.com/","6424 S 143rd Pl, Tukwila, WA 98168, USA"
"Ace Works","(360) 932-2117","plumber","5","43","http://www.aceworkswa.com/","7955 NE Forest Ridge Dr, Bremerton, WA 98311, USA"
"Aqualine Plumbing & Sewer","(206) 944-6212","plumber","4.6","42","https://aqualineplumbingandsewer.com/contact-us/","4800 California Ave SW, Seattle, WA 98116, USA"
"Unique Roofing LLC.","(425) 931-7854","roofer","4.6","42","","1729 194th St SE, Bothell, WA 98012, USA"
"Dynamic Utility Services, Inc.","(206) 696-3371","gas-engineer","5","42","https://duscomfort.com/","531 N 188th St, Shoreline, WA 98133, USA"
"Maritime Roofing and Construction","(206) 384-4199","roofer","4.5","42","https://www.maritime-roofing.com/","10856 Des Moines Memorial Dr S, Seattle, WA 98168, USA"
"Expo Locksmith Seattle","(855) 553-3374","locksmith","3.5","41","http://www.expolocksmithseattle.com/","414 NE Ravenna Blvd unit 309, Seattle, WA 98115, USA"
"KeyMe Locksmiths","(206) 202-8925","locksmith","4.6","41","https://key.me/kiosks/washington/seattle/seattle/key-copy-seattle-safeway-98116-washington","4754 42nd Ave SW, Seattle, WA 98116, USA"
"Upper West Exteriors","(206) 208-1484","roofer","5","40","https://upperwestexteriors.com/?utm_source=GoogleBusinessProfile&utm_medium=organic","6810 Beacon Ave S, Seattle, WA 98108, USA"
"Addicott Roofing","(425) 774-0806","roofer","4.5","40","http://www.addicottroofing.com/","18926 83rd Ave W, Edmonds, WA 98026, USA"
"Wire Craft Electric","(206) 542-0208","electrician","4.7","40","https://www.wirece.com/?utm_source=google&utm_medium=local&utm_campaign=seattle","19233 Ashworth Ave N, Shoreline, WA 98133, USA"
"AFFIX SEISMIC RETROFIT","(206) 284-6226","gas-engineer","5","39","http://www.earthquakeprepared.com/","4040 34th Ave W, Seattle, WA 98199, USA"
"Roofing Guys","(425) 873-8951","roofer","5","39","https://roofingrepairguy.com/redmond-wa/","15809 Bear Creek Pkwy #107, Redmond, WA 98052, USA"
"YasmiAlex General Contractor, LLC","(425) 529-4729","roofer","4.9","39","https://www.yasmialexroofing.com/","19054 SE 164th St, Renton, WA 98058, USA"
"Madison Park Hardware","(206) 322-5331","locksmith","4.5","39","http://madisonparkhardware.blogspot.com/","1837 42nd Ave E, Seattle, WA 98112, USA"
"Brady Electric","(206) 218-3724","electrician","5","38","https://www.bradyselectric.com/","4412 California Ave SW West, Seattle, WA 98116, USA"
"Noble Plumbing","(425) 615-6343","plumber","5","38","https://www.noble-plumbing.com/","75 Front St S, Issaquah, WA 98027, USA"
"Vasa Construction LLC","(206) 778-2140","roofer","5","38","https://vasaroofingandremodeling.com/","8519 Dallas Ave S, Seattle, WA 98108, USA"
"Suruka House LLC","(425) 236-3462","roofer","4.9","38","https://surukahousecare.com/?utm_source=google&utm_medium=organic&utm_campaign=gmb-primary-link","9406 NE 149th Ct O103, Bothell, WA 98011, USA"
"KeyMe Locksmiths","(206) 202-7697","locksmith","3.9","38","https://key.me/kiosks/washington/seattle/28th-ave-sw/make-keys-28th-ave-sw-wa","9620 28th Ave SW, Seattle, WA 98126, USA"
"Walt's Plumbing","(425) 747-5363","plumber","3.6","37","http://www.waltsplumbing.com/","4327 150th Ave SE, Bellevue, WA 98006, USA"
"KeyMe Locksmiths","(206) 401-8772","locksmith","3.9","37","https://key.me/kiosks/washington/renton/renton/locksmith-key-copy-renton-fred-meyer-98055-washington","17801 108th Ave SE, Renton, WA 98055, USA"
"Bellevue Plumbing","(425) 641-4222","plumber","3.6","37","http://www.bellevueplumbinginc.com/","14111 NE 24th St Ste F, Bellevue, WA 98007, USA"
"All Wire Electric, Inc.","(206) 935-6100","electrician","4.1","36","http://www.allwireelectric.com/","600 SW 13th St #200, Renton, WA 98057, USA"
"KeyMe Locksmiths","(206) 202-8490","locksmith","4.5","36","https://key.me/kiosks/washington/bellevue/bellevue/copy-keys-bellevue-washington","15600 NE 8th St, Bellevue, WA 98008, USA"
"DR Construction","(425) 444-8582","roofer","5","36","https://drconstructiongroup.com/","12117 SE 91st St, Newcastle, WA 98056, USA"
"Platt Electric Supply","(253) 872-5555","electrician","4.5","36","https://www.platt.com/platt-electric-supply/WA/Kent/StoreLocationDetail.aspx?id=119&utm_source=local-listings&utm_medium=organic&utm_content=GMB","18715 E Valley Hwy, Kent, WA 98032, USA"
"Lifetime Flat Roofs","(425) 475-1430","roofer","4.5","36","https://lifetimeflatroofs.com/?utm_source=google&utm_medium=organic&utm_campaign=gmb","11335 NE 122nd Way Suite 105, Kirkland, WA 98034, USA"
"Five Stars Roofing","(425) 946-2182","roofer","5","36","https://fivestarsroofinginc.com/bothell-wa","19910 N Creek Pkwy #211, Bothell, WA 98011, USA"
"Washington Weather Shield Commercial Roofing","(206) 504-1500","roofer","5","36","http://waweathershield.com/","834 Industry Dr, Tukwila, WA 98188, USA"
"Simple Plumber LLC","(206) 660-4643","plumber","5","36","http://www.simpleplumber.biz/","8439 24th Ave SW, Seattle, WA 98106, USA"
"Platt Electric Supply","(206) 781-9560","electrician","4.4","35","https://www.platt.com/platt-electric-supply/WA/Ballard/StoreLocationDetail.aspx?id=63&utm_source=local-listings&utm_medium=organic&utm_content=GMB","4601 11th Ave NW, Seattle, WA 98107, USA"
"Gold Mountain Contracting","(844) 465-3686","electrician","4.9","35","https://www.goldmountaincontracting.com/","7703 39th Ave S, Seattle, WA 98118, USA"
"Red Line Remodel","(360) 633-0742","roofer","4.4","35","http://redlineremodel.com/","739 NE Woods Ct, Bremerton, WA 98311, USA"
"Newline Pipe Solutions Plumbing Sewer & Drain","(206) 765-8985","plumber","5","35","https://www.newlinepipesolutions.biz/","1618 167th Ave NE, Bellevue, WA 98008, USA"
"Konsker Electric","(206) 260-1981","electrician","4.9","35","https://www.konskerelec.com/","2608 NE 82nd St, Seattle, WA 98115, USA"
"The Pipe Doctor","(206) 676-2192","plumber","4.5","34","http://www.thepipedr.com/","12345 Lake City Way NE Ste 311, Seattle, WA 98125, USA"
"D Young's Plumbing Inc","(425) 828-3009","plumber","4","34","https://www.dyoungs.com/","10417 NE 109th St, Kirkland, WA 98033, USA"
"Bobby T's Plumbing","(206) 579-0529","plumber","4.9","34","https://www.bobbytsplumbing.com/","2346 N 193rd St, Seattle, WA 98133, USA"
"Drain Beast- Seattle","(206) 765-0105","gas-engineer","4.8","34","https://drainbeastservices.net/","12219 Military Rd S, Seattle, WA 98168, USA"
"KeyMe Locksmiths","(425) 215-1360","locksmith","4.2","34","https://key.me/kiosks/washington/kirkland/kingsgate/make-keys-kingsgate-wa","14444 124th Ave NE, Kirkland, WA 98034, USA"
"Seattle Emergency Plumber Kings","(206) 739-0479","plumber","4.9","33","","801 NW 42nd St STE 14, Seattle, WA 98107, USA"
"Economy Wiring Company Inc","(206) 244-7542","electrician","3.9","33","http://www.economywiring.com/electrical-seattle-wa","633 SW 148th St, Seattle, WA 98166, USA"
"Ahearn Electric Inc","(360) 373-1900","electrician","4.3","33","http://ahearnelectric.com/","901 N Wycoff Ave, Bremerton, WA 98312, USA"
"VECA Electric & Technologies","(206) 436-5200","electrician","4.7","33","http://www.veca.com/","5614 7th Ave S, Seattle, WA 98108, USA"
"State Roofing & Exteriors","(866) 766-3766","roofer","4.6","33","https://stateroofing.com/about-us/service-areas/home-improvement-contractor-seattle/","500 Mercer St #206, Seattle, WA 98109, USA"
"Glassma Lynnwood","(206) 330-9103","glazier","5","32","https://glassma.us/lynnwood/","2006 196th St SW # 106, Lynnwood, WA 98036, USA"
"Brooks Roofing & Repair","(425) 209-3829","roofer","5","32","https://brooksroofbellevue.com/","11900 NE 1st St suite 509, Bellevue, WA 98005, USA"
"Forever Roofing","(206) 261-3683","roofer","5","32","http://www.foreverroofing.net/","8726 236th Ave NE, Redmond, WA 98053, USA"
"Crown Roofing Inc","(425) 712-7663","roofer","4.8","32","https://www.crownroof.com/","18596 76th Ave W, Edmonds, WA 98026, USA"
"Topgun Plumbing LLC","(866) 656-2025","plumber","4.8","31","https://topgunplumbing.com/","2020 Maltby Rd #7-191, Bothell, WA 98021, USA"
"Berry Lake Home Services","(360) 443-0123","roofer","4.9","31","https://www.berrylakehome.com/","2507 SE Mile Hill Dr Suite 107, Port Orchard, WA 98366, USA"
"MTD Electric Service","(425) 699-2999","electrician","5","30","https://www.mtdwa.com/","13407 NE 20th St suite 2, Bellevue, WA 98005, USA"
"Emerald Roofers Seattle","(206) 210-2644","roofer","5","30","https://emeraldroofersseattle.com/","4114 48th Ave S, Seattle, WA 98118, USA"
"KeyMe Locksmiths","(425) 230-4340","locksmith","4.3","30","https://key.me/kiosks/washington/issaquah/issaquah-commons/make-keys-issaquah-commons-wa","735 NW Gilman Blvd, Issaquah, WA 98027, USA"
"Royal Bear Roofing","(425) 543-8100","roofer","5","30","https://royalbearroofing.com/?utm_source=google&utm_medium=organic&utm_campaign=gbp","611 4th Ave. #201, Kirkland, WA 98033, USA"
"Northwest Sewer Repair","(206) 430-3381","plumber","4.8","30","https://nwsewerrepair.com/","2442 NW Market St, Seattle, WA 98107, USA"
"Northwest Roof Service Inc.","(253) 859-0903","roofer","4","29","http://www.nwroof.com/","801 Central Ave N, Kent, WA 98032, USA"
"KeyMe Locksmiths","(206) 202-6136","locksmith","4.2","29","https://key.me/kiosks/washington/seattle/seattle/copy-keys-seattle-safeway-98116-washington","2622 California Ave SW, Seattle, WA 98116, USA"
"Shiner Roofing Siding Windows","(425) 375-0221","roofer","4.9","29","https://www.shinerroofing.com/roofing-contractor","16450 Juanita Dr NE, Kenmore, WA 98028, USA"
"Baker Electric","(360) 479-0308","electrician","3.9","29","http://www.bakerelectricinc.com/","4119 Wheaton Wy suite 101, Bremerton, WA 98310, USA"
"GreenCity Roofing & Siding","(206) 671-0494","roofer","5","29","https://www.greencityroof.com/","649 Strander Blvd # E, Tukwila, WA 98188, USA"
"Seattle Roofing Services","(564) 444-7952","roofer","4.4","29","https://seattleroofingrepair.cc/","654 S King St, Seattle, WA 98104, USA"
"Clean Wave Electric","(425) 275-1001","electrician","5","29","https://www.cleanwaveelectric.net/","12409 SE 210th Pl, Kent, WA 98031, USA"
"SFW Construction","(425) 358-8503","roofer","4.9","29","https://www.sfwconstruction.com/locations/renton/?utm_source=googlemaps","12824 193rd Ln SE, Renton, WA 98059, USA"
"Integrity Roofing & Construction","(360) 900-7663","roofer","5","29","https://integrityrc.com/","455 Rainier Blvd N, Issaquah, WA 98027, USA"
"Kaizen Plumbing & Sewer, Bellevue","(425) 285-7349","plumber","5","29","https://www.kaizenplumbing.biz/in/bellevue/","2000 124th Ave NE Suite B100, Unit 101, Bellevue, WA 98005, USA"
"Blue Sky Roofing","(360) 842-1792","roofer","4.7","29","","8679 University Point Cir NE, Bremerton, WA 98311, USA"
"B&G Property Maintenance and Electric","(425) 822-9487","electrician","4.7","29","https://bgpmaintenance.com/","14799 NE 95th St, Redmond, WA 98052, USA"
"Pearce Electric","(425) 285-7997","electrician","4.9","29","https://pearce-electric.com/","18844 NE 84th St, Redmond, WA 98052, USA"
"Roofing Guys Bellevue","(425) 946-2280","roofer","5","29","https://www.roofingrepairguy.com/bellevue-wa/","11900 NE 1st St, Bellevue, WA 98005, USA"
"Budget Sewer","(206) 381-1904","plumber","4.7","28","http://budgetsewer.com/","4321 NW Leary Wy, Seattle, WA 98107, USA"
"Emerald City Sewer","(206) 853-0280","plumber","4.7","28","https://emeraldcitysewer.com/","4701 SW Admiral Wy #258, Seattle, WA 98116, USA"
"Westgate Plumbing Services","(425) 947-5789","plumber","4.9","28","https://westgateplumbingservices.com/redmond-wa/","15809 Bear Creek Pkwy #305, Redmond, WA 98052, USA"
"Bainbridge Island Plumbing","(206) 842-3606","plumber","4.6","28","","11122 Manitou Beach Dr NE, Bainbridge Island, WA 98110, USA"
"Plumberjack's Plumbing","(206) 472-0301","plumber","5","28","https://www.plumberjacks.net/","2202 238th Ave SE, Sammamish, WA 98075, USA"
"All Region Electric LLC","(206) 637-1988","electrician","5","28","","222 SW 154th St, Burien, WA 98166, USA"
"Greater Seattle roofing and construction","(206) 383-1847","roofer","5","28","https://greaterseattleroofing.com/","4500 9th Ave NE Suite 300, Seattle, WA 98105, USA"
"NWB Roofing Contracting","(425) 230-0421","roofer","5","28","http://usbusinessservices.store/","14940 NE 95th St, Redmond, WA 98052, USA"
"Fast Electrical Redmond Experts","(425) 491-4359","electrician","4.7","27","","14864 NE 95th St, Redmond, WA 98052, USA"
"KeyMe Locksmiths","(206) 203-2736","locksmith","4","27","https://key.me/kiosks/washington/seattle/northeast-seattle/copy-keys-northeast-seattle-washington","2746 NE 45th St, Seattle, WA 98105, USA"
"OZZ Electric WA Inc.","(206) 589-7297","electrician","3.9","27","http://www.ozzelectric.com/","8575 Willows Rd NE, Redmond, WA 98052, USA"
"Porter Roofing Experts","(206) 238-3536","roofer","4.9","27","https://porterroofburien.com/","15111 8th Ave SW ste 426, Burien, WA 98166, USA"
"Rufus Roofing","(206) 739-0022","roofer","5","27","https://www.callrufusroofing.com/","12207 NE 8th St, Bellevue, WA 98005, USA"
"Soreano's Plumbing","(206) 338-2655","plumber","4.2","27","http://www.soreanosplumbing.com/","9423 Martin Luther King Jr Way S Suite #B, Seattle, WA 98118, USA"
"Glassma Seattle","(206) 330-9103","glazier","5","26","https://www.glassma.us/","3035 W Commodore Way UNIT 303, Seattle, WA 98199, USA"
"KeyMe Locksmiths","(206) 408-2520","locksmith","4.3","26","https://key.me/kiosks/washington/seattle/seattle/key-maker-seattle-washington","4216 University Wy NE, Seattle, WA 98105, USA"
"425 Plumbing","(425) 766-3500","plumber","5","26","https://425plumbing.com/","12840 NE 21st Pl Unit B, Bellevue, WA 98005, USA"
"Royal Rooter Home Services LLC","(206) 595-7003","plumber","5","26","http://royalrooterhomeservices.com/","85 S Washington St ste 316, Seattle, WA 98104, USA"
"EC Electric","(206) 242-3010","electrician","3.7","26","https://ecpowerslife.com/","981 Powell Ave SW #200, Renton, WA 98057, USA"
"BSR Construction LLC","(206) 474-4702","roofer","4.8","26","http://www.bsrteam.com/","1712 1st Ave S, Seattle, WA 98134, USA"
"Titan Electric","(206) 633-2811","electrician","4.2","25","http://www.titanelectric.net/","12828 Northup Way, Bellevue, WA 98005, USA"
"AC Electric Service","(206) 468-8668","electrician","4.7","25","https://acelectricnw.com/","20012 35th Ave S, SeaTac, WA 98198, USA"
"JCS Electrical","(425) 552-1502","electrician","5","25","https://jcselectricalseattle.com/","13345 NE Village Square Dr, Woodinville, WA 98072, USA"
"North West Water And Sewer LLC","(206) 330-3641","plumber","5","25","","1224 S 211th St, Des Moines, WA 98198, USA"
"Rudy's Plumbing Inc.","(425) 643-6900","plumber","4.3","25","https://rudysplumbinginc.com/","160 NW Gilman Blvd Suite 306, Issaquah, WA 98027, USA"
"Gold Roofing LLC","(425) 280-1893","roofer","5","25","https://goldroofingnw.com/","5920 200th St SW, Lynnwood, WA 98036, USA"
"Home Electricіan Seattle","(206) 207-2638","electrician","5","25","","916 Maynard Ave S, Seattle, WA 98134, USA"
"Loberg Roofing","(425) 775-2276","roofer","3.4","25","http://www.lobergroofing.com/","5800 188th St SW, Lynnwood, WA 98037, USA"
"Mitchell Brothers Roofing","(206) 360-8452","roofer","5","25","https://mitchellbrothersseattle.com/","800 5th Ave suite 442, Seattle, WA 98104, USA"
"A B & G Fire Restoration","(425) 464-4412","plumber","4.9","25","","2601 151st Pl NE, Redmond, WA 98052, USA"
"Driscoll Plumbing","(425) 451-3686","plumber","4.3","24","https://www.driscollplumbing.com/","24032 SE 21st St, Sammamish, WA 98075, USA"
"Bellevue Roofing Company","(425) 472-2490","roofer","4.2","24","","3120 139th Ave SE # 500, Bellevue, WA 98005, USA"
"Aztec Electric LLC","(206) 822-2119","electrician","5","24","http://aztec-electric.net/","1207 N Landing Way, Renton, WA 98057, USA"
"Linder Electric","(425) 885-2789","electrician","3.8","24","https://www.linderelectric.com/","7004 180th Ave NE Suite 101, Redmond, WA 98052, USA"
"C & R Electric Inc","(206) 937-3654","electrician","4.5","24","http://www.crelectric.net/","919 SW 150th St suite a, Burien, WA 98166, USA"
"Plumb Pros LLC","(206) 288-3435","plumber","5","23","https://plumb-pros-llc.com/","700 NW 42nd St UNIT 203, Seattle, WA 98107, USA"
"Edca Roofing","(206) 762-7294","roofer","5","23","http://edcaroofing.com/","596 Industry Dr, Tukwila, WA 98188, USA"
"First Property Electrician Seattle","(206) 207-2833","electrician","5","23","","6656 Corson Ave S, Seattle, WA 98108, USA"
"Redmond Roofing","(425) 836-0123","roofer","4.5","23","http://www.redmondroofing.com/","19205 NE Union Hill Rd, Redmond, WA 98053, USA"
"Pacific Peak Electric","(206) 755-7568","electrician","5","23","http://www.pacificpeakelectric.com/","22414 88th Ave W, Edmonds, WA 98026, USA"
"Morgan Roofing Company","(425) 606-3041","roofer","5","23","https://morganroofsammamish.com/","22605 SE 56th St suite 139, Issaquah, WA 98029, USA"
"Keithly Electric Co","(206) 763-6875","electrician","4.6","23","http://www.keithlyelectric.com/","827 S Director St, Seattle, WA 98108, USA"
"Coleman Roofing Pros","(253) 313-7290","roofer","5","23","https://colemanroofkent.com/","19226 66th Ave S suite 528, Kent, WA 98032, USA"
"Stout Roofing LLC","(425) 643-0888","roofer","4.3","23","http://www.stoutroof.com/","13110 NE 177th Pl, Woodinville, WA 98072, USA"
"Stark Roofing & Renovation","(206) 739-8232","roofer","5","23","https://www.starkroofingrenovation.com/","24243 SE 43rd Ct, Sammamish, WA 98029, USA"
"Smart Choice Roofing LLC","(425) 209-1877","roofer","5","23","https://www.smartchoiceroofing.us/","12033 Woodinville Dr #66, Bothell, WA 98011, USA"
"Minute Key","(206) 491-2130","locksmith","4","22","https://www.minutekey.com/key-services/washington/tukwila/locksmith-key-copy-duplication-101-andover-park-east/349/","101 Andover Park E, Tukwila, WA 98188, USA"
"Alfa Roofing","(425) 673-9020","roofer","5","22","https://alfaroofing.com/","24226 77th Pl W, Edmonds, WA 98026, USA"
"Home Electricіan Seattle","(206) 529-4297","electrician","5","22","","2318 California Ave SW, Seattle, WA 98116, USA"
"KeyMe Locksmiths","(206) 429-8755","locksmith","4.5","22","https://key.me/kiosks/washington/bellevue/bellevue/key-copy-bellevue-washington","10116 NE 8th St, Bellevue, WA 98004, USA"
"Lock Patrols","(425) 588-8778","locksmith","4.3","22","","11803 93rd Ave NE #207, Kirkland, WA 98034, USA"
"Crane Experts","(360) 755-7512","plumber","4.8","22","https://cranewaterplantation.com/","1700 SE Mile Hill Dr suite 146, Port Orchard, WA 98366, USA"
"Paradise Roofing Solutions","(206) 208-8729","roofer","5","22","http://mercerislandroofing.com/","106 SE 27th St, Mercer Island, WA 98040, USA"
"Sound Roofing Systems","(888) 219-7663","roofer","3.2","22","https://www.soundroofingsystems.com/","823 SW 152nd St, Seattle, WA 98166, USA"
"Hello Electric","(206) 801-8508","electrician","5","22","https://helloelectricsolutions.com/","1609 208th St SE, Bothell, WA 98012, USA"
"Perry Roofing Services","(425) 332-7091","plumber","5","22","https://perryroofredmond.com/","8201 164th Ave NE suite 608, Redmond, WA 98052, USA"
"KeyMe Locksmiths","(206) 981-5022","locksmith","4.2","22","https://key.me/kiosks/washington/edmonds/edmonds/locksmith-key-copy-edmonds-quality-food-center-98020-washington","22828 100th Ave W, Edmonds, WA 98020, USA"
"KeyMe Locksmiths","(206) 207-8650","locksmith","4.1","21","https://key.me/kiosks/washington/bothell/bothell/locksmith-key-copy-bothell-quality-food-center-98011-washington","18921 Bothell Way NE, Bothell, WA 98011, USA"
"Bonafide Lock & Safe","(425) 391-9224","locksmith","4.9","21","http://www.bonafidelock.com/?utm_source=google+my+business&utm_medium=gmb&utm_campaign=gmb","1025 NW Gilman Blvd ste e4-b, Issaquah, WA 98027, USA"
"Sequoyah Electric, LLC","(425) 814-6000","electrician","4.6","21","http://www.sequoyah.com/","15135 NE 92nd St, Redmond, WA 98052, USA"
"Mass & Mass Roofing and Repairs","(206) 222-1458","roofer","4.8","21","https://massandmass.com/","3970 West LK Sammamish Pkwy NE, Redmond, WA 98052, USA"
"Seattle Electricians Today","(206) 937-8495","electrician","5","21","https://www.seattleelectricianstoday.com/","4701 SW Admiral Wy #230, Seattle, WA 98116, USA"
"Septic Response Plumbing & Sewer","(206) 790-9392","drain-specialist","5","21","https://www.septicresponse.com/snohomish-county-residential-septic-inspection/","23321 57th Ave SE, Woodinville, WA 98072, USA"
"Crimson City Electric","(425) 219-9519","electrician","5","21","http://crimsoncityelectric.com/","8445 55th Ave S, Seattle, WA 98118, USA"
"Plumber Response","(206) 607-8671","plumber","5","21","https://plumberresponse.com/","603 4th Ave. Suite 600, Kirkland, WA 98033, USA"
"Washington Generators LLC- Woodinville","(425) 523-1410","electrician","4.9","20","https://washingtongenerators.com/","15007 Redmond - Woodinville Rd NE Suite C, Woodinville, WA 98072, USA"
"Design West Mechanical","(253) 334-3655","plumber","5","20","https://www.designwestmechanical.com/","12030 SE 210th St, Kent, WA 98031, USA"
"True Blue Plumbing Northwest","(206) 647-5851","plumber","5","20","https://trueblueplumbingnw.com/?utm_source=gmb","649 Strander Blvd Suite C, Tukwila, WA 98188, USA"
"Worldview Group LLC","(206) 558-2888","electrician","4.2","20","https://www.worldview-pro.com/","1455 NW Leary Wy, Seattle, WA 98107, USA"
"KeyMe Locksmiths","(425) 659-2907","locksmith","4.5","20","https://key.me/kiosks/washington/bellevue/bellevue/key-copy-bellevue-albertsons-98006-washington","15100 SE 38th St, Bellevue, WA 98006, USA"
"Bel-Red Electric Services Inc","(425) 883-7178","electrician","4.3","19","http://www.belredelectric.com/","Redmond, WA 98073, USA"
"Reed Wright Heating & Electric","(206) 283-1234","gas-engineer","4.8","19","http://www.reedwrightheating.com/","2212 Queen Anne Ave N # B, Seattle, WA 98109, USA"
"Premier Mechanical & Electric","(425) 483-3363","electrician","4.2","19","https://premierme.net/?utm_source=google+business+listing&utm_medium=organic&utm_campaign=click+to+website","18915 142nd Ave NE Suite 240, Woodinville, WA 98072, USA"
"Expert Electric","(206) 890-0014","electrician","4.8","19","http://www.expertelectric-us.com/","5768 SW Admiral Wy, Seattle, WA 98116, USA"
"KeyMe Locksmiths","(206) 259-2175","locksmith","3.9","19","https://key.me/kiosks/washington/seattle/seattle/locksmith-key-copy-seattle-quality-food-center-98119-washington","1600 W Dravus St, Seattle, WA 98119, USA"
"Four Grizzlies Home Solutions","(360) 536-0392","roofer","5","19","","2411 E 13th St, Bremerton, WA 98310, USA"
"Phillips Roof Repair","(206) 238-3570","roofer","5","19","https://phillipsroofseattle.com/","1420 5th Ave suite 412, Seattle, WA 98101, USA"
"Silverdale Roofing","(360) 979-3324","roofer","4.7","19","https://silverdale-roofing.com/","623 Wilbert Ave, Bremerton, WA 98312, USA"
"LockJade Locksmith","(206) 818-1917","locksmith","5","19","https://lockjadeusa.com/","8005 Lake City Way NE, Seattle, WA 98115, USA"
"NearMe Roofing Company","(425) 242-4795","roofer","5","18","https://nearmeroofingcompany.com/kirkland/","12650 120th Ave NE Suite #702, Kirkland, WA 98034, USA"
"Service Plumbing & Heating, Inc.","(425) 640-2121","plumber","4.8","18","http://serviceplumbingandheating.net/","2006 196th St SW suite 113, Lynnwood, WA 98036, USA"
"Key2safe Locksmith","(206) 661-1340","locksmith","4.6","18","http://www.key2locksmith.com/","805 138th Ave NE APT 16-105, Bellevue, WA 98005, USA"
"ARANYA HOME SOLUTIONS","(425) 361-6282","gas-engineer","5","18","https://www.aranyahomesolution.com/","23107 Brier Rd, Brier, WA 98036, USA"
"KeyMe Locksmiths","(206) 203-0684","locksmith","4.1","18","https://key.me/kiosks/washington/mountlake-terrace/mountlake-terrace/locksmith-key-copy-mountlake-terrace-quality-food-center-98043-washington","22803 44th Ave W, Mountlake Terrace, WA 98043, USA"
"Home Electricіan Seattle","(206) 774-8682","electrician","5","18","","449 Madison St, Seattle, WA 98164, USA"
"Mercer Island Remodeling","(425) 442-8008","roofer","5","17","https://www.mercerislandremodeling.com/","8812 SE 59th St, Mercer Island, WA 98040, USA"
"Neighborhood Electric Service","(425) 776-8119","electrician","3.4","17","https://neighborhoodelectricwa.com/","6605 200th St SW, Lynnwood, WA 98036, USA"
"NSC Builders, LLC","(425) 495-0326","roofer","4.9","16","https://nscbuilders.com/","815 1st Ave #253, Seattle, WA 98104, USA"
"Tyers Roof Repair & Replacement","(253) 434-8334","roofer","5","16","http://rickpick.tech/","2114 S State St, Seattle, WA 98144, USA"
"Forever Siding & Windows","(206) 518-0080","roofer","5","16","http://www.foreversidingwindows.com/","14025 176th Ave SE, Renton, WA 98059, USA"
"Trusted Plumbing & Heating LLC - Seattle","(206) 944-5769","plumber","4.8","16","https://trustedplumbingheating.com/seattle-plumbing","5608 17th Ave NW Suite 1469, Seattle, WA 98107, USA"
"Anderson Roofing Inc.","(425) 677-7070","roofer","4.8","16","https://andersonroof.com/","200 NE Juniper St, Issaquah, WA 98027, USA"
"Quality Roof Care L.L.C","(360) 551-0785","roofer","4.9","16","http://qualityroofcare.com/","6575 NE Plum St, Suquamish, WA 98392, USA"
"Brighton Plumbing Renton","(425) 473-1534","plumber","4.8","16","","11568 SE 170th Ct, Renton, WA 98055, USA"
"Expo Locksmith Renton","(425) 988-4155","locksmith","3.7","16","http://renton-locksmith-service.com/","1300 Eagle Ridge Dr S, Renton, WA 98055, USA"
"KeyMe Locksmiths","(206) 203-7118","locksmith","4.3","16","https://key.me/kiosks/washington/kirkland/kirkland/locksmith-key-copy-kirkland-quality-food-center-98034-washington","14130 Juanita Dr NE, Kirkland, WA 98034, USA"
"Day Rd Electric","(206) 842-4507","electrician","5","16","http://dayrdelectric.com/","8040 NE Day Rd W building 6c, Bainbridge Island, WA 98110, USA"
"Roofing Guys","(425) 946-2291","roofer","5","16","https://roofingrepairguy.com/kirkland-wa/","4010 Lake Washington Blvd NE #205, Kirkland, WA 98033, USA"
"J&B Roofing","(360) 277-7392","roofer","4.2","15","","4129 Phillips Rd SE, Port Orchard, WA 98366, USA"
"Element Smart Roofing","(425) 968-3000","roofer","4.7","15","https://elementsmartroofing.com/","1813 130th Ave NE Ste 110, Bellevue, WA 98005, USA"
"Minute Key","(206) 491-5770","locksmith","4.2","15","https://www.minutekey.com/key-services/washington/seattle/locksmith-key-copy-duplication-12525-aurora-avenue-north/346/","12525 Aurora Ave N, Seattle, WA 98133, USA"
"Minute Key","(206) 475-2635","locksmith","3.8","15","https://www.minutekey.com/key-services/washington/kent/locksmith-key-copy-duplication-24050-pacific-highway-south/350/","24050 Pacific Hwy S, Kent, WA 98032, USA"
"Renton Plumbing Services","(425) 906-3672","plumber","3.5","15","","233 Main Ave S, Renton, WA 98057, USA"
"Diamond Roofers LLP","(206) 202-7770","roofer","5","15","https://diamondroofers.com/?utm_source=google&utm_medium=organic&utm_campaign=gbp","564 Industry Dr, Tukwila, WA 98188, USA"
"Brechtech Services","(206) 778-9100","electrician","4.9","15","https://www.brechtechservices.com/?utm_source=google&utm_medium=gmb&utm_campaign=seattle","4730 University Wy NE Suite 104, Seattle, WA 98105, USA"
"Same Day Electrician Seattle","(360) 677-6168","electrician","4.4","14","https://mrelectric.com/greater-seattle","1141 20th Ave E, Seattle, WA 98112, USA"
"John Michael Roofing","(206) 201-1148","roofer","5","14","http://johnmichaelroofing.com/","1400 Hubbell Pl, Seattle, WA 98101, USA"
"Archetype Roofing","(206) 312-3242","roofer","5","14","https://archetyperoofing.com/","255 Lenora St, Seattle, WA 98121, USA"
"Fast & Quality Roofing and Repair","(206) 476-1926","roofer","5","14","http://fastandqualityroofingandrepair.godaddysites.com/","314 Williams Ave S #645, Renton, WA 98057, USA"
"Classic Home Electric LLC","(425) 478-8459","electrician","5","14","https://classichomeelectric.com/","4118 192nd St SW, Lynnwood, WA 98036, USA"
"Champion Roofs","(425) 873-8994","roofer","5","14","https://championroofingguys.com/sammamish-wa/","22820 NE 8th St #108, Sammamish, WA 98074, USA"
"QR Electric","(360) 801-0516","electrician","4.7","14","https://www.facebook.com/share/1GeL8qyXkp/?mibextid=wwXIfr","341 Maple Ave, Port Orchard, WA 98366, USA"
"West Seattle Electrician","(206) 494-9999","electrician","4.7","14","https://westseattleelectrician.com/","5236 42nd Ave SW, Seattle, WA 98136, USA"
"KeyMe Locksmiths","(206) 207-2053","locksmith","4.2","14","https://key.me/kiosks/washington/kirkland/kirkland/locksmith-copy-keys-kirkland-quality-food-center-98034-washington","11224 NE 124th St, Kirkland, WA 98034, USA"
"seattle drain service","(206) 395-6350","drain-specialist","5","14","http://www.seattledrainservice.com/","1820 N 48th St, Seattle, WA 98103, USA"
"Emerald City Electric","(206) 802-8420","electrician","5","14","http://www.emeraldcityelectric.com/","11645 4th Ave SW, Seattle, WA 98146, USA"
"Midsound Plumbing","(206) 817-0891","plumber","4.9","14","","9529 SW 192nd St, Vashon, WA 98070, USA"
"Minute Key","(425) 921-0437","locksmith","3.5","14","https://www.minutekey.com/key-services/washington/lynnwood/locksmith-key-copy-duplication-3100-196th-s-w-/353/","3100 196th St SW, Lynnwood, WA 98036, USA"
"IG Roofing Systems LLC","(206) 502-7858","roofer","5","14","","2741 S 242nd St, Des Moines, WA 98198, USA"
"Roofing Guys Seattle","(206) 207-2039","roofer","5","14","https://roofingrepairguy.com/seattle-wa/","308 Occidental Ave S #108, Seattle, WA 98104, USA"
"Monumental Roofing LLC","(425) 286-0324","roofer","5","13","http://monumentalroofingllc.net/","3721 206th Pl SW, Lynnwood, WA 98036, USA"
"Rapido Roofing and Construction LLC","(425) 242-3614","roofer","5","13","https://rapidofmd.com/","11907 NE 144th St, Kirkland, WA 98034, USA"
"Tolentino Structures LLC.","(206) 665-3472","roofer","4.9","13","http://tolentinostructuresllc.co/?utm_source=gmb&utm_medium=referral","2401 NE 28th St, Renton, WA 98056, USA"
"KeyMe Locksmiths","(206) 800-8791","locksmith","4.4","13","https://key.me/kiosks/washington/bremerton/bremerton/locksmith-key-copy-bremerton-fred-meyer-98311-washington","5050 WA-303, Bremerton, WA 98311, USA"
"KeyMe Locksmiths","(206) 737-1290","locksmith","3.7","13","https://key.me/kiosks/washington/seattle/seattle/locksmith-key-copy-seattle-safeway-98166-washington","138 SW 148th St, Seattle, WA 98166, USA"
"NexGen Roofing LLC","(562) 774-8525","roofer","4.7","13","https://l.facebook.com/l.php?u=https%3A%2F%2Fnexgenroofingllc.com%2F%3Ffbclid%3DIwAR3KtVEz_T07_hmZZWCSQBEiYLUTMWINNnsYneHM58RmzxN4o3k6cYsWOx8&h=AT1VkKFniTwFVCqvcoyKA6fftpdkr3YCYIMje7LuCV6zEbCZSWZzqU3g8U2SVif9iKn8e0xLZF5f42dYKFYUh1ovhtDZO7ZhPxn6R3Jmg5k3f3fEaGQvN9UHcCN2EPNknWIC5Aez_mVC1xsIT-FnNg","Port Orchard Blvd, Port Orchard, WA 98366, USA"
"Farmers Electric Design & Construction","(425) 984-0035","electrician","5","13","https://farmerselectric.net/?utm_source=google&utm_medium=organic&utm_campaign=GMBListing-Bothell-WA","2020 Maltby Rd, Bothell, WA 98021, USA"
"JH Kelly","(206) 900-5522","gas-engineer","4.1","13","http://www.jhkelly.com/","3422 1st Ave S, Seattle, WA 98134, USA"
"Express Roofing And Gutter,LLC","(425) 655-9575","roofer","4.9","13","http://expressroofinggutter.com/","11410 NE 124th St #358, Kirkland, WA 98034, USA"
"Upfront Septic & Plumbing","(253) 364-7416","plumber","5","13","https://www.upfrontseptic.com/","600 1st Ave UNIT 516, Seattle, WA 98104, USA"
"24 Hour Glass Repair","(206) 798-5257","glazier","3.3","12","https://24hrseattleglassrepair.com/","502 Rainier Ave S #103, Seattle, WA 98144, USA"
"Yeti Gutter & Roof Cleaning","(360) 362-0351","roofer","5","12","https://www.yetigutterroofcleaning.com/?utm_source=omg-gbp&utm_medium=webclick","2821 Pine Rd NE, Bremerton, WA 98310, USA"
"WSP USA","(206) 382-5200","gas-engineer","3.8","12","https://www.wsp.com/","1001 4th Ave suite 3100, Seattle, WA 98154, USA"
"Rolling Bay Electric","(360) 401-4864","electrician","4.8","12","https://electricwireservices.com/Bainbridge-Island","190 Harbor Square Loop NE, Bainbridge Island, WA 98110, USA"
"Extra Home Improvement","(425) 891-5204","roofer","4.9","12","https://extrahomeservices.com/","7216 NE 142nd St, Kirkland, WA 98034, USA"
"KeyMe Locksmiths","(425) 292-8298","locksmith","4.3","12","https://key.me/kiosks/washington/sammamish/sammamish/locksmith-key-copy-sammamish-quality-food-center-98075-washington","2902 228th Ave SE, Sammamish, WA 98075, USA"
"PK Electric","(206) 230-9100","electrician","3.6","12","","7418 SE 24th St, Mercer Island, WA 98040, USA"
"Trade Roofing","(206) 339-8545","roofer","5","12","https://traderoofing.com/","4730 University Wy NE Suite 104 PMB 2914, Seattle, WA 98105, USA"
"Revolution Roofing","(206) 438-3701","roofer","5","11","https://www.therevolutionroofers.com/","4640 Union Bay Pl NE, Seattle, WA 98105, USA"
"Seattle Heating & Cooling","(425) 650-6593","gas-engineer","4.6","11","","13030 Linden Ave N, Seattle, WA 98133, USA"
"KeyMe Locksmiths","(206) 984-1739","locksmith","4.1","11","https://key.me/kiosks/washington/seattle/seattle/locksmith-key-copy-seattle-safeway-98188-washington","4011 S 164th St, Seattle, WA 98188, USA"
"Madrona Electric LLC","(425) 902-9422","electrician","5","11","","1500 Raymond Ave SW, Renton, WA 98057, USA"
"Bell Electric Inc.","(360) 479-2209","electrician","4.3","11","http://bellelectrickitsap.com/","1903 NE Clemens St, Bremerton, WA 98310, USA"
"Trueman Plumbing Inc.","(360) 697-7766","plumber","5","11","http://www.truemanplumbing.com/","4825 NE Totten Rd, Poulsbo, WA 98370, USA"
"Retrofit Construction LLC","(360) 328-8152","roofer","5","11","http://www.retrofitconstruction.net/","893 4th St, Bremerton, WA 98337, USA"
"Will's Roofing Company","(206) 319-2188","roofer","5","11","https://www.willsroofingcomp.com/","23825 35th Ave W, Brier, WA 98036, USA"
"Lander Electric","(425) 562-1771","electrician","4.1","10","http://www.landerelectric.com/","1433 130th Ave NE, Bellevue, WA 98005, USA"
"Red Rock Roofing LLC","(206) 483-9058","roofer","4.5","10","https://redrockroofingwa.com/","16321 SE 116th St, Renton, WA 98059, USA"
"Licensed Roof Repair Redmond","(425) 650-1238","roofer","4.8","10","","7824 Leary Wy, Redmond, WA 98052, USA"
"High Level Gutters & Services LLC","(425) 979-9452","roofer","5","10","https://highlevelproservices.com/","2018 156th Ave NE, Bellevue, WA 98007, USA"
"NC Wiring Electrical LLC","(253) 656-8090","electrician","5","10","https://www.ncwiringelectrical.com/?utm_source=google&utm_medium=wix_google_business_profile&utm_campaign=2073522345940322637","1200 Grant Ave S U101, Renton, WA 98055, USA"
"Chase Roofing & Construction - Seattle","(253) 544-3651","roofer","5","10","https://chasenw.com/","600 1st Ave #526, Seattle, WA 98104, USA"
"Jimmy's Roofing","(206) 496-0075","roofer","4.8","10","http://www.jimmysroofing.com/","12809 NE 126th Pl Suite B461A, Kirkland, WA 98034, USA"
"Connelly Roofing & Gutter Company","(253) 397-5525","roofer","4.6","10","http://connellyroofing.com/","4000 Coronet Pl SE, Port Orchard, WA 98366, USA"
"KeyMe Locksmiths","(206) 202-7291","locksmith","4.1","10","https://key.me/kiosks/washington/lynnwood/lynnwood/key-copy-lynnwood-washington","3301 184th St SW, Lynnwood, WA 98037, USA"
"KeyMe Locksmiths","(206) 385-3115","locksmith","2","10","https://key.me/kiosks/washington/seattle/seattle/locksmith-key-copy-seattle-quality-food-center-98116-washington","4550 42nd Ave SW, Seattle, WA 98116, USA"
"Eco Square Roofing LLC","(425) 372-7276","roofer","4.9","9","https://ecosquareroofing.com/","40 Lake Bellevue Dr, Bellevue, WA 98005, USA"
"OutToday Plumbing, Heating & Electrical","(206) 792-7663","electrician","3.7","9","http://www.outtoday.com/","1900 Airport Wy S #103, Seattle, WA 98134, USA"
"B & J Roofing Inc.","(425) 868-1818","roofer","4.6","9","http://www.bandjroofing.com/","19205 NE Union Hill Rd, Redmond, WA 98053, USA"
"Frank General Contractor and Roofing Services","(425) 777-1777","roofer","4.8","9","https://www.frankgeneralcontractor.com/","9915 39th Ave SW, Seattle, WA 98136, USA"
"Gjon Electric & HVAC","(425) 615-2053","electrician","5","9","http://www.gjonelectric.com/","3rd Ave N, Kent, WA 98032, USA"
"Anson Plumbing & Heating","(425) 650-1605","plumber","4.9","9","","4142 148th Ave NE H10, Redmond, WA 98052, USA"
"BEL-RED ROOFING LLC","(425) 247-8600","roofer","5","9","https://belredroofingllc.com/","14500 NE 38th St, Bellevue, WA 98007, USA"
"Bothell Electric LLC","(425) 500-3191","electrician","5","9","http://www.bothellelectric.com/","709 226th St SE, Bothell, WA 98021, USA"
"Vashon Electric","(206) 463-4797","electrician","4.6","9","http://www.vashonelectric.com/","17821 Vashon Hwy SW, Vashon, WA 98070, USA"
"Seattle Heating and Air Conditioning","(425) 270-4591","gas-engineer","4.6","9","https://seattle-air-conditioning-and-heating-service.com/","3451 Monte Villa Pkwy, Bothell, WA 98021, USA"
"Tom's Electrical","(206) 736-1474","electrician","5","9","https://tombladeelectrician.com/renton-wa/","865 Rainier Ave N #101, Renton, WA 98057, USA"
"Rainy City Roofing","(360) 900-7690","roofer","4.6","9","http://www.rcr360.com/","1372 SE Carl Pickel Dr, Port Orchard, WA 98366, USA"
"Seattle Electrical Services","(206) 795-3930","electrician","3.8","9","","12629 Renton Ave S, Seattle, WA 98178, USA"
"Siderio General Construction LLC","(360) 551-9968","roofer","5","9","https://sideriogeneralconstructionllc.company/","3810 Maple Ave, Bremerton, WA 98310, USA"
"Roofworks Northwest - Bellevue","(206) 718-4931","roofer","5","9","http://www.roofworksnorthwest.com/","1935 152nd Pl NE, Bellevue, WA 98007, USA"
"OHM Electrical Contracting","(206) 973-9184","electrician","4.6","9","https://ohmelectricalcontracting.com/","620 S Orcas St Suite 80127, Seattle, WA 98108, USA"
"Waterproof Roofing and Construction Llc","(425) 548-6001","roofer","5","8","https://waterroofingllc.com/","2408 165th Ave PI NE, Bellevue, WA 98008, USA"
"Alex Roofing Repair LLC","(424) 401-0765","roofer","5","8","https://alexreperroofingllc.com/","22000 30th Pl S, Des Moines, WA 98198, USA"
"Medrano's Roof Cleaning","(206) 293-7577","roofer","4.3","8","","3100 SE 17th Ct, Renton, WA 98058, USA"
"Price Busters Plumbing & Sewer","(206) 758-6237","plumber","5","8","https://pricebustersplumbing.com/","4601 Aurora Ave N Suite 1, Seattle, WA 98103, USA"
"Roofworx llc","(425) 213-9951","roofer","5","8","https://waroofers.com/king-county?utm_campaign=gmb&location=Bellevue","1400 112th Ave SE Suite 100, Bellevue, WA 98004, USA"
"Genesis Roofing And Siding","(206) 485-4488","roofer","5","8","https://ghomeservices.com/","2304 Aberdeen Ave NE, Renton, WA 98056, USA"
"Roof Time,Inc.","(206) 579-8864","roofer","4","8","http://www.rooftimeinc.com/","12603 23rd Ave S, Burien, WA 98168, USA"
"Seattle Heating & Cooling","(206) 237-8470","gas-engineer","5","8","","8609 14th Ave S, Seattle, WA 98108, USA"
"Vega Builders","(206) 488-8987","roofer","5","8","https://www.vegabuilders.com/","9405 NE Business Park Ln, Bainbridge Island, WA 98110, USA"
"Sammamish Electric","(425) 444-3048","electrician","5","8","","21655 SE 33rd Pl, Sammamish, WA 98075, USA"
"Compliance Electric","(425) 480-6471","electrician","5","8","https://complianceelec.com/?utm_campaign=gmb","20523 Poplar Way B, Lynnwood, WA 98036, USA"
"Variety Roofing And Construction","(360) 373-2385","roofer","4","8","http://www.varietyroofing.com/","1407 NE Dawn Rd, Bremerton, WA 98311, USA"
"Unity Electric","(206) 575-0837","electrician","5","8","https://www.unityelectric.com/","20306 15th Ave NE Apt A, Shoreline, WA 98155, USA"
"Purple Heart Pros","(425) 565-4795","roofer","5","7","https://purpleheartpros.com/","8055 171st Ave NE, Redmond, WA 98052, USA"
"Larry's Electric","(206) 227-3237","electrician","5","7","https://www.larryselectricseattle.com/","1500 W Bertona St, Seattle, WA 98119, USA"
"ANM Electric","(425) 861-7195","electrician","5","7","https://anmelectric.com/","8810 172nd Ave NE, Redmond, WA 98052, USA"
"FuelCare","(206) 286-6500","gas-engineer","4.1","7","http://fuelcareusa.com/","6308 212th St SW, Lynnwood, WA 98036, USA"
"Sound Roof Services","(206) 464-0441","roofer","4.9","7","https://soundroofservices.com/","18908 Hwy 99, Lynnwood, WA 98036, USA"
"MR. JOHNNY ELECTRIC","(425) 894-8444","electrician","5","7","https://mrjohnnyelectric.com/","22900 24th Ave S, Seattle, WA 98198, USA"
"Seattle Heating And Air Conditioning Repair","(206) 259-9839","gas-engineer","4.6","7","","1011 3rd Ave, Seattle, WA 98104, USA"
"KeyMe Locksmiths","(206) 829-6911","locksmith","3.6","7","https://key.me/kiosks/washington/seattle/seattle/locksmith-key-copy-seattle-safeway-98198-washington","21401 Pacific Hwy S, Seattle, WA 98198, USA"
"Electric Guys Seattle","(360) 669-4295","electrician","4.4","7","","2747 37th Ave SW, Seattle, WA 98126, USA"
"LeMaster Electric","(425) 540-2500","electrician","5","6","http://www.lemasterelectric.com/","19125 N Creek Pkwy Suite 120 #2024, Bothell, WA 98011, USA"
"GM Construction & Roofing LLC","(253) 459-0872","roofer","4.3","6","","2453 Perry Ave, Bremerton, WA 98310, USA"
"All City Electric","(206) 533-6333","electrician","4.7","6","https://www.allcityelectricsecurity.com/","619b NW Richmond Beach Rd, Shoreline, WA 98177, USA"
"Junior Roofing Services","(253) 733-9289","roofer","5","6","http://magicservicesllcwa.com/","2459 S 216th St #213, Des Moines, WA 98198, USA"
"Issaquah Plumbing","(425) 654-4649","plumber","2.3","6","http://www.issaquahplumbing.com/","176 SE Andrews St, Issaquah, WA 98027, USA"
"AAA Septic & Plumbing LLC","(206) 703-4090","drain-specialist","4.3","6","","8109 5th Ave SW, Seattle, WA 98106, USA"
"Electrical Systems Solutions, Inc","(206) 923-9378","electrician","4.3","6","http://www.elessinc.com/","4417 California Ave SW Suite 16452, Seattle, WA 98116, USA"
"Tetra Tech","(425) 482-7600","gas-engineer","3.3","6","http://www.tetratech.com/","19803 N Creek Pkwy, Bothell, WA 98011, USA"
"Key 2 Locksmith","(425) 324-7339","locksmith","4.2","5","https://key2locksmith.com/contact-us-key-2-locksmith/","13110 NE 177th Pl, Woodinville, WA 98072, USA"
"Bergelectric","(425) 251-3276","electrician","4.2","5","http://www.bergelectric.com/locations/seattle/","22614 66th Ave S Suite C-103, Kent, WA 98032, USA"
"Licensed Roofing Contractors Shoreline, WA","(206) 594-5860","roofer","5","5","","1656 N 196th Pl, Shoreline, WA 98133, USA"
"AAG - Attic Insulation & Roofing Services Co, WA","(360) 291-8605","roofer","5","5","","2500 NE Lincoln Rd, Poulsbo, WA 98370, USA"
"Kitsap General LLC","(360) 627-1383","roofer","5","5","","2528 NE Barnett St, Bremerton, WA 98310, USA"
"Orbit Roofing & Renovations","(206) 357-8410","roofer","5","5","https://orbitroofingandrenovations.com/","1700 7th Ave 21st floor, Seattle, WA 98101, USA"
"PUGET SOUND CONSTRUCTION LLC","(360) 990-2971","roofer","5","5","","8272 Banner Rd SE, Port Orchard, WA 98367, USA"
"Triton Roofing & Commercial Waterproofing LLC","(206) 498-0041","roofer","5","5","https://tritoncw.com/","9504 Edmonds Way, Edmonds, WA 98020, USA"
"Queen City Sheet Metal & Roofing","(206) 623-6020","roofer","5","5","http://qcsmr.com/","4585 S 134th Pl, Tukwila, WA 98168, USA"
"ALPHA HVAC & ELECTRIC","(206) 888-4026","electrician","5","5","","10017 NE 129th Pl, Kirkland, WA 98034, USA"
"Mono Rooftop Solutions","(206) 767-2025","roofer","5","5","http://monorooftop.com/","18906 13th Pl S #2, SeaTac, WA 98148, USA"
"Kelleys Exteriors LLC","(206) 610-8821","roofer","5","5","https://www.kelleysexteriors.com/","11817 1st Ave S Unit 5, Burien, WA 98168, USA"
"Approved Plumbing and Heating","(206) 842-7857","plumber","4.4","5","http://approvedplumbingandheating.com/","11422 Pinyon Ave NE, Bainbridge Island, WA 98110, USA"
"Vanzelia LLC","(855) 505-8500","electrician","4.2","5","https://vanzelia.com/","1128 SW Spokane St, Seattle, WA 98134, USA"
"FHG","(206) 271-2556","roofer","5","5","https://fhggeneralconstructionllc.com/","3624 Courtland Pl S, Seattle, WA 98144, USA"
"Assurance Roofing and Construction","(425) 409-0291","roofer","5","5","https://assurance-roofing-and-construction.ueniweb.com/?utm_campaign=gmb","411 Main St, Edmonds, WA 98020, USA"
"Pinnacle Roofing","(206) 842-7628","roofer","5","4","","441 Grow Ave NW, Bainbridge Island, WA 98110, USA"
"North Sound Plumbing","(206) 364-0439","plumber","5","4","","2401 SW Alaska St, Seattle, WA 98106, USA"
"Junction True Value Hardware","(206) 932-0450","locksmith","4","4","https://stores.truevalue.com/wa/seattle/5234","4747 44th Ave SW, Seattle, WA 98116, USA"
"KSR Roofing","(425) 646-8998","roofer","5","4","https://ksrroofingcompany.com/","40 Lake Bellevue Dr #100, Bellevue, WA 98005, USA"
"Bill Air Duct Pros & Builders","(206) 231-5327","roofer","5","4","","8425 SE 68th St, Mercer Island, WA 98040, USA"
"R W Plumbing","(425) 820-5800","plumber","4","4","http://www.rwplumbing.com/","11410 NE 124th St, Kirkland, WA 98034, USA"
"Viking Electric Sales & Services","(206) 367-0314","electrician","3","4","https://www.vikingelectric.com/","6420 NE 182nd St, Kenmore, WA 98028, USA"
"Cesar's Roofing LLC","(360) 286-6383","roofer","4.3","4","","12923 SE 95th Way, Renton, WA 98056, USA"
"Intuitive Electrical Services","(425) 239-0486","electrician","4.8","4","https://usmaperx.org/details/intuitive-electrical-services-ChIJgfv","14630 NE 32nd St APT E24, Bellevue, WA 98007, USA"
"Jet City Plumbing","(206) 538-7995","plumber","5","4","https://jetcityplumbing.com/","13110 119th Pl NE apt n 03, Kirkland, WA 98034, USA"
"Pro Plumber Shoreline","(425) 371-3130","plumber","5","4","https://proplumbershoreline.com/","935 N 175th St Suite 103, Shoreline, WA 98133, USA"
"Bellevue Electric","(425) 746-1667","electrician","5","4","","Bellevue, WA 98103, USA"
"Expedited Electric","(425) 344-6766","electrician","5","4","http://www.expeditedelectric.com/","10822 NE 148th Ln UNIT J101, Bothell, WA 98011, USA"
"West Seattle Sewer & Drain Inc","(206) 243-6665","plumber","5","4","http://westseattleseweranddrain.com/","10825 34th Ave SW SE, Seattle, WA 98146, USA"
"AC Electric LLC","(206) 818-9626","electrician","5","4","https://acelectricmercerisland.com/","2227 72nd Ave SE, Mercer Island, WA 98040, USA"
"Newcastle Lock & Key","(425) 517-2511","locksmith","4.5","4","","13058 SE 76th St #306, Newcastle, WA 98056, USA"
"Sterling Electrical Contractors","(425) 774-1903","electrician","2","4","http://www.secseattle.com/","6925 216th St SW Suite G, Lynnwood, WA 98036, USA"
"RROC Exteriors","(833) 438-7762","roofer","5","3","https://rrocexteriors.com/our-locations/issaquah-roofing","160 NW Gilman Blvd, Issaquah, WA 98027, USA"
"Innate","(425) 866-5206","roofer","5","3","https://www.innate-aec.com/","12819 SE 38th St #340, Bellevue, WA 98006, USA"
"Ramirez Roofing","(360) 551-9124","roofer","3.7","3","http://www.ramirezroofingkitsap.com/","Ramirez Roofing, LLC, 8240 NE Seawind Ave, Poulsbo, WA 98370, USA"
"Issaquah Plumbers","(425) 414-8414","plumber","3.7","3","https://plumberissaquah.com/","295 NE Gilman Blvd, Issaquah, WA 98027, USA"
"Mister Sparky","(206) 246-7123","electrician","4","3","","7543 32nd Ave SW, Seattle, WA 98126, USA"
"Pro Plumber Sammamish","(425) 546-1060","plumber","5","3","https://proplumbersammamish.com/","22820 NE 8th St #102, Sammamish, WA 98074, USA"
"SL Roofing Company Shoreline","(206) 594-6316","roofer","5","3","","15200 Aurora Ave N, Shoreline, WA 98133, USA"
"Bothell Plumbers","(425) 371-4338","plumber","5","3","https://plumberbothell.com/","22310 20th Ave SE Suite 107, Bothell, WA 98021, USA"
"Budget Roofing LLC","(206) 550-8948","roofer","5","3","http://budgetroof.org/","14419 Greenwood Ave N #A-337, Seattle, WA 98133, USA"
"Rooter-Man","(206) 708-2861","plumber","5","3","https://rooterman.com/","611 SW 152nd St, Seattle, WA 98166, USA"
"Roofing Specialists Northwest","(425) 741-3744","roofer","5","3","https://roofingspecialistsnw.com/","1752 NW Market St Suite #4104, Seattle, WA 98107, USA"
"Fischer Heating and Air Conditioning","(206) 279-3321","gas-engineer","5","3","http://fischerheating.com/","5330 Roosevelt Way NE, Seattle, WA 98105, USA"
"Seattle Emergency Lock & Key","(206) 317-8081","locksmith","2.3","3","http://www.seattleemergencylockandkey.com/","826b NW 49th St, Seattle, WA 98107, USA"
"Alumbaugh Roofing","(206) 463-3508","roofer","5","3","https://www.theroofingnetworkusa.com/roofing-in-vashon/","12320 SW Cemetery Rd, Vashon, WA 98070, USA"
"Current Power & Electric","(206) 789-2050","electrician","5","3","","7711 29th Ave NW, Seattle, WA 98117, USA"
"Communication Energy Technology Solutions, Inc. (CETS, Inc.)","(206) 420-3261","electrician","5","3","http://www.cetsinc.com/","1441 N Northlake Way #214, Seattle, WA 98103, USA"
"Watts Electric Services Inc","(564) 212-5700","electrician","5","3","http://mylocalusbusiness.com/","9050 Delridge Wy SW, Seattle, WA 98106, USA"
"Hill-Pierce Electric llc","(425) 485-4321","electrician","5","2","http://www.hpelectricllc.com/","5931 238th St SE Suite 1A, Woodinville, WA 98072, USA"
"Revolution Roofing","(206) 260-0431","roofer","5","2","https://therevolutionroofers.com/","9841 15th Ave SW, Seattle, WA 98106, USA"
"Apex Electric","(206) 364-3900","electrician","5","2","https://apexelectric-inc.com/","6830 NE Bothell Way Suite C455, Kenmore, WA 98028, USA"
"Twin Peaks Roofing","(425) 689-1108","roofer","5","2","","2908 SE 29th St, Sammamish, WA 98075, USA"
"Pro Plumber Lynnwood","(425) 474-6255","plumber","5","2","https://proplumberslynnwood.com/","3405 188th St SW, Lynnwood, WA 98037, USA"
"Pro Plumber Kirkland","(425) 448-7954","plumber","5","2","https://proplumberkirkland.com/","11200 Kirkland Way, Kirkland, WA 98033, USA"
"White Electrician Seattle","(206) 761-7856","electrician","4.5","2","","9201 6th Ave NW, Seattle, WA 98117, USA"
"Terrace Mark Roofing Contractors","(425) 547-3725","roofer","5","2","https://markroofingcontractors.xyz/terrace-mark-roofing-contractors","22828 56th Ave W, Mountlake Terrace, WA 98043, USA"
"Pacific Roofing Company Seattle","(206) 257-7338","roofer","5","2","https://www.pacificroofingcompanyseattle.com/","2801 Alaskan Wy Suite 81, Seattle, WA 98121, USA"
"Supreme Plumbing Company, LLC","(206) 730-2947","plumber","5","2","","608 E Lk Washington Blvd, Seattle, WA 98112, USA"
"Go Roof Tune-Up, Inc.","(206) 258-6520","roofer","5","2","https://gorooftune.com/","14900 Interurban Ave S #271, Seattle, WA 98168, USA"
"Ape Roofing LLC","(425) 866-4703","roofer","5","2","","12018 69th Ave S, Seattle, WA 98178, USA"
"Vogue Home Repairs","(253) 283-3576","roofer","5","2","https://voguehomerepairs.com/","2265 116th Ave NE, Bellevue, WA 98004, USA"
"I Need A Plumber Now and Sewer Services","(206) 590-4896","plumber","5","2","https://www.ineedaplumbernow.net/?utm_source=google&utm_medium=gmb&utm_campaign=renton","3506 NE 7th Pl, Renton, WA 98056, USA"
"A1 Electrical Service Pros","(425) 235-9786","electrician","3","2","https://lakeselectric.net/","20004 SE May Valley Rd, Issaquah, WA 98027, USA"
"BRD Roofing Inc.","(206) 767-2995","roofer","4.5","2","http://brdroofing.com/","309 S Cloverdale St SUITE C-40, Seattle, WA 98108, USA"
"Seattle Roofing Contractors","(425) 799-2249","roofer","5","1","","501 Boren Ave N, Seattle, WA 98109, USA"
"Tetra Tech","(206) 883-9300","gas-engineer","5","1","http://www.tetratech.com/","2003 Western Ave Suite 700, Seattle, WA 98121, USA"
"Water Heater Masterz","(253) 856-3050","plumber","5","1","https://waterheatermasterz.com/","20216 108th Ave SE, Kent, WA 98031, USA"
"First Choice Home Electrician Seattle","(206) 207-2655","electrician","1","1","https://firstchoicehomeelectricianwa.blogspot.com/","1535 Bellevue Ave, Seattle, WA 98122, USA"
"Seatac's Electric Company","(206) 737-7567","electrician","5","1","","20862 International Blvd, SeaTac, WA 98198, USA"
"Seattle Tacoma Telephone Network DSL T-1 Installers Wiring Installation","(866) 830-0214","electrician","5","1","http://www.seattletelecom.com/","Hwy 99, Seattle, WA 98100, USA"
"Hargis Roofing And Construction","(360) 551-0965","roofer","5","1","","7597 E Chester Rd, Port Orchard, WA 98366, USA"
"A Walk to Remember LLC","(425) 436-8675","roofer","5","1","","14600 NE 7th Pl, Bellevue, WA 98007, USA"
"Home Electrician Seattle","(206) 844-5720","electrician","5","1","","910 S Hinds St, Seattle, WA 98134, USA"
"Chet's Roofing","(206) 935-5617","roofer","5","1","http://www.chetsroofing.com/","2155 Bonair Dr SW, Seattle, WA 98116, USA"
"Redmonds Electrician","(206) 350-6143","electrician","5","1","","8175 166th Ave NE, Redmond, WA 98052, USA"
"D. C. Electric","(425) 725-0997","electrician","5","1","https://dceseattle.com/","6303 212th St SW Suite B, Lynnwood, WA 98036, USA"
"Romek Inc","(206) 397-0319","plumber","5","1","","PO Box 1659, Edmonds, WA 98020, USA"
"Ewing Electric","(425) 778-3773","electrician","5","1","http://www.ewingelectric.com/","539 Main St, Edmonds, WA 98020, USA"
"KeyMe Locksmiths","(360) 967-9866","locksmith","5","1","https://key.me/kiosks/washington/port-orchard/port-orchard/locksmith-key-copy-port-orchard-safeway-98366-washington","3355 Bethel Rd SE #1082, Port Orchard, WA 98366, USA"
"Paramount Roofing","(425) 587-8770","roofer","5","1","https://paramountroofs.com/kirkland-wa","6855 126th Ave NE #2, Kirkland, WA 98033, USA"
"New Roof Solutions & Quality LLC","(206) 271-4166","roofer","5","1","https://newroofsolutions.net/","75 Logan Ave S, Renton, WA 98057, USA"
"NewGen Roofing Bellevue","(425) 399-3586","roofer","","","","15015 Main St #145, Bellevue, WA 98007, USA"
"Tetra Tech","(425) 635-1000","gas-engineer","","","http://www.tetratech.com/","400 112th Ave NE Ste. 300, Bellevue, WA 98004, USA"
"Redmonds Electrician","(206) 590-6809","electrician","","","","8313 154th Ave NE, Redmond, WA 98052, USA"
"albertson roofing","(206) 799-3524","roofer","","","http://www.albertsonroofing.net/","4048 Young Hill Ln SE, Port Orchard, WA 98366, USA"
"Bainbridge Fine Homes","(206) 887-8062","roofer","","","https://www.bainbridgefinehomes.com/","7488 NE Hidden Cove Rd, Bainbridge Island, WA 98110, USA"
"Pros Roofing & Gutter Renton","(425) 332-7801","roofer","","","","2000 Benson Rd S #125, Renton, WA 98055, USA"
"Soundview Roofing Edmonds","(425) 669-3926","roofer","","","","300 Admiral Way #130, Edmonds, WA 98020, USA"
"Burien Quality Roofing","(206) 783-5624","roofer","","","","322 SW 155th St Ste 157, Burien, WA 98166, USA"
"Issaquah Lock & Key","(425) 333-1291","locksmith","","","https://www.issaquahlockandkey.com/","40 Newport Way SW, Issaquah, WA 98027, USA"
"Cooper Electric","(206) 814-6973","electrician","","","https://www.cooper-electric.com/","17720 164th Ave NE, Woodinville, WA 98072, USA"