Name,Phone,Trade,Rating,Reviews,Website,Address
"John Moore Services","(713) 853-9885","plumber","4.7","18658","http://www.johnmooreservices.com/","10005 W Sam Houston Pkwy N, Houston, TX 77064, USA"
"Abacus Plumbing, Air Conditioning, & Electrical","(713) 812-7070","plumber","4.7","11703","https://www.abacusplumbing.net/?utm_campaign=gmb_ab-hou_home_everyone_gmb-houston&utm_medium=gmb&utm_source=google","4001 Kendrick Plaza Dr, Houston, TX 77032, USA"
"ARS / Rescue Rooter","(713) 428-2700","plumber","4.6","11068","https://www.ars.com/","10515 Okanella St STE 100, Houston, TX 77041, USA"
"Village Plumbing, Air & Electric","(713) 489-9048","plumber","4.8","9147","https://villageplumbing.com/?utm_source=google&utm_medium=gmb&utm_campaign=Google%20Business%20Profile","10644 W Little York Rd Suite 200, Houston, TX 77041, USA"
"Air Tech of Houston AC & Plumbing","(832) 680-5546","gas-engineer","4.9","5504","https://www.airtechofhouston.com/?utm_source=google-gbp&utm_medium=organic&utm_campaign=*19*air-tech-houston","2114 Lou Ellen Ln, Houston, TX 77018, USA"
"A1 Plus Electrical, Plumbing and Air","(832) 509-5747","plumber","4.8","4433","http://www.a1plus.com/?utm_source=google&utm_medium=organic&utm_campaign=gbp-northwestfwy&utm_content=listing","15110 Northwest Fwy #190, Houston, TX 77040, USA"
"ARS / Rescue Rooter","(281) 674-6272","plumber","4.5","4029","https://www.ars.com/houston-south","369 Tristar Dr, Webster, TX 77598, USA"
"Nick's Plumbing & Air Conditioning","(281) 406-3336","plumber","4.7","3887","https://www.nicksplumbing.com/?utm_source=organic&utm_medium=gbp&utm_campaign=local","3780 Yale St, Houston, TX 77018, USA"
"Air Specialist Air Conditioning & Plumbing","(713) 469-3443","gas-engineer","4.8","3636","https://www.airspecialist.com/?utm_campaign=Google+My+Business&utm_source=GMB&utm_medium=organic&utm_content=Website","1323 N Main St, Pearland, TX 77581, USA"
"Church Service Experts","(713) 722-5000","plumber","4.8","3564","https://www.serviceexperts.com/houston-tx?&utm_campaign=listing&utm_medium=organic_search&utm_source=gmb&utm_content=brand","4250 N Sam Houston Pkwy E Suite 130, Houston, TX 77032, USA"
"Roto-Rooter Plumbing & Water Cleanup","(713) 470-0080","plumber","4.8","3540","https://www.rotorooter.com/houston/?utm_source=Google&utm_medium=organic&utm_campaign=gmb&utm_content=website","3403 North Sam Houston Pkwy W #400, Houston, TX 77086, USA"
"Texas Quality Plumbing","(713) 385-0349","plumber","4.8","3289","https://www.texasqualityplumbing.com/?utm_source=google&utm_medium=organic&utm_campaign=local+listings","10814 Woodedge Dr, Houston, TX 77070, USA"
"Mission Air Conditioning & Plumbing","(281) 502-2062","plumber","4.8","2773","https://www.missionac.com/locations/houston-tx/?utm_source=google&utm_medium=organic&utm_campaign=gbp","1630 Elmview Dr, Houston, TX 77080, USA"
"Mission Wrecker Service – Car Towing & Heavy Duty Recovery","(713) 405-3747","breakdown","4.9","2308","https://missionwrecker.com/houston/","7235 Jackrabbit Rd, Houston, TX 77095, USA"
"Universal Home Experts","(713) 581-6224","plumber","4.8","2302","https://www.universalhomeexperts.com/?utm_source=GMB&utm_medium=organic&utm_campaign=houston","9326 Kay Ln, Houston, TX 77064, USA"
"Milton Frank Plumbing & Cooling","(832) 365-3002","plumber","4.9","2296","https://www.miltonfrankplumbing.com/","17304 Stuebner Airline Rd, Spring, TX 77379, USA"
"Kintex Plumbing, LLC-","(832) 447-1474","plumber","4.4","2158","http://kintexplumbing.com/","11261 Richmond Ave. Suite #G107, Houston, TX 77082, USA"
"Get Locksmith","(713) 766-6328","locksmith","4.9","2045","https://get-locksmith.com/houston","2410 Tangley St, Houston, TX 77005, USA"
"Epic Plumbing","(281) 299-0028","plumber","4.9","1970","https://www.epicservices.com/","17302 County Rd 125, Pearland, TX 77581, USA"
"All Star A/C, Plumbing & Electrical","(713) 842-9532","gas-engineer","4.9","1748","https://allstarairtexas.com/","9418 Mills Rd, Houston, TX 77070, USA"
"BH Locksmith","(281) 777-6030","locksmith","4.8","1621","https://bh-locksmith.com/","6720 Chimney Rock Rd suite r, Houston, TX 77081, USA"
"Joe the Plumber","(281) 220-6828","plumber","4.7","1573","http://joetheplumber.net/?utm_source=organic&utm_medium=listing&utm_campaign=gmb","15503 Jarvis Rd, Cypress, TX 77429, USA"
"S & B Plumbing","(713) 360-0064","plumber","4.9","1515","https://www.sandbplumbing.com/","12806 E Bournewood Dr, Sugar Land, TX 77478, USA"
"Memorial Village Emergency Room","(281) 549-2093","breakdown","4.7","1480","https://memorialvillageer.com/?utm_source=GMB&utm_medium=Organic&utm_campaign=GMB","14520 Memorial Dr # 4, Houston, TX 77079, USA"
"Pop-A-Lock of Houston - Locksmith","(713) 722-0060","locksmith","4.9","1460","https://www.popalock.com/franchise/houston-tx/?utm_source=google&utm_medium=organic&utm_campaign=gbp","3420 Rusk St #36, Houston, TX 77003, USA"
"24 HOUR LOCKSMITH SERVICE LLC","(832) 979-7899","locksmith","4.7","1261","http://24hourlocksmith.day/","7926 Hillcroft St, Houston, TX 77081, USA"
"Power Plumbing Services","(281) 207-5133","plumber","4.8","1211","https://www.powerplumbingtx.com/?utm_source=google&utm_medium=organic&utm_campaign=gmb-profile-humble","8717 Humble Westfield Rd Building C, Humble, TX 77338, USA"
"Abacus Plumbing","713-766-3605","plumber","4.9","1200","https://www.abacusplumbing.net","Houston, TX"
"1-800-Plumber +Air","(737) 379-1229","plumber","4.9","1181","https://1800plumber.com/pearland-tx/","1331 Broadway St Suite A, Pearland, TX 77581, USA"
"Mister Sparky Electrician Houston","(713) 428-2120","electrician","4.8","1115","https://www.mistersparky-houston.com/?utm_source=google+business+listing&utm_medium=organic&utm_campaign=houston+website+button","600 Century Plaza Dr # C110, Houston, TX 77073, USA"
"On Point Plumbing Electrical Heating & Air","(832) 862-1888","plumber","4.8","1061","https://www.onpointcontractinginc.com/","13407 Huffmeister Rd, Cypress, TX 77429, USA"
"AutoNation Toyota Gulf Freeway Service Center","(713) 489-2097","breakdown","4.3","1046","https://www.autonationtoyotagulffreeway.com/service/index.htm?&utm_source=local&utm_medium=organic&utm_campaign=*000012247*GMB","12111 Gulf Fwy Suite A, Houston, TX 77034, USA"
"Express Oil Change & Tire Engineers","(346) 200-8685","gas-engineer","4.9","1000","https://www.expressoil.com/stores/houston/tx/0757/?utm_source=yext&utm_medium=organic&utm_campaign=gmb&storenum=0757","14508 Memorial Dr, Houston, TX 77079, USA"
"RoadRunner Locksmith","(281) 572-5566","locksmith","4.8","988","https://roadrunnerlocksmith.com/","5622 Schumacher Ln #300, Houston, TX 77057, USA"
"Alamo key & lock","(713) 688-3887","locksmith","4.7","957","https://www.alamokeyandlock.com/","5415 Pinemont Dr, Houston, TX 77092, USA"
"Right Touch Electrical","(281) 407-6199","electrician","4.9","874","https://www.righttouchelectrical.com/?utm_source=GMB&utm_medium=organic&utm_campaign=houston","2623 Dupont St, Pasadena, TX 77503, USA"
"Air Pro","(713) 881-9880","gas-engineer","4.7","866","https://airprohouston.com/","10010 Gilson Ln, Houston, TX 77086, USA"
"Roto-Rooter Plumbing & Water Cleanup","(281) 302-4080","plumber","4.7","828","https://www.rotorooter.com/sugarlandtx/?utm_source=Google&utm_medium=organic&utm_campaign=gmb&utm_content=website","12808 W Airport Blvd #260C, Sugar Land, TX 77478, USA"
"Santhoff Plumbing","(713) 665-4997","plumber","4.9","806","https://www.santhoffplumbingco.com/?utm_source=gbp&utm_medium=organic&utm_campaign=houston","1519 5th St, Missouri City, TX 77489, USA"
"Santana Bros Plumbing","(713) 494-5504","plumber","5","790","https://santanabrosplumbing.com/","12301 Roy Rd, Pearland, TX 77581, USA"
"Vergi 24/7","(713) 932-9589","breakdown","3.8","772","http://www.vergi247.com/","8800 Katy Fwy # 107, Houston, TX 77024, USA"
"Amigos Pet Clinic","(832) 991-8811","breakdown","4.5","771","http://www.amigospetclinic.com/","4215 Spencer Hwy, Pasadena, TX 77504, USA"
"bluefrog Plumbing and Drain of West Houston","(832) 263-3583","plumber","4.9","769","https://www.bluefrogplumbingwesthouston.com/","10645 Richmond Ave. Ste 140, Houston, TX 77042, USA"
"Howard Safe & Lock","(713) 869-0581","locksmith","4.9","744","https://howardsafeandlock.com/","826 E 14th St, Houston, TX 77009, USA"
"Roto-Rooter Plumbing & Water Cleanup","(281) 670-0136","plumber","4.8","743","https://www.rotorooter.com/pasadenatx/?utm_source=Google&utm_medium=organic&utm_campaign=gmb&utm_content=website","3222 Burke Rd # 109, Pasadena, TX 77504, USA"
"LBX Lighting - Chandelier and Light Bulb Express","(713) 529-0250","gas-engineer","4.9","692","https://www.lbxlighting.com/","3211 Fondren Rd, Houston, TX 77063, USA"
"Houk Air Conditioning Houston","(409) 345-3244","gas-engineer","4.5","665","https://houkac.com/service-areas/houston/?utm_source=gbp&utm_medium=organic","18720 Intercontinental Crossing Dr, Houston, TX 77032, USA"
"Turbo AC Repair Houston","(281) 241-7835","plumber","4.8","651","https://turbohomeservices.com/","7926 Breen Dr Suite B, Houston, TX 77064, USA"
"CJS locksmith","(281) 938-4134","locksmith","4.9","648","https://www.cjslocksmith.com/","3663 N Sam Houston Pkwy E Suite 654, Houston, TX 77032, USA"
"Wedgeworth Plumbing","(832) 867-5309","plumber","4.9","634","http://www.wedgeworthplumbing.com/","9025 Ruland Rd Unit #6B, Houston, TX 77055, USA"
"YB Plumbing & Hydro Jetting Services","(713) 766-6663","plumber","4.6","617","https://ybplumbing.com/","7613 Claridge Dr, Houston, TX 77071, USA"
"Express Locksmith","(832) 690-1640","locksmith","4.9","601","https://expresslocksmithshouston.com/","14106 Stuebner Airline Rd Suite B, Houston, TX 77069, USA"
"Mammoth Plumbing","281-398-1700","plumber","4.9","600","https://mammothplumbing.com","Houston, TX"
"GEI Plumbing Services Houston","(832) 402-8312","plumber","4.8","591","http://www.geiplumbingservices.com/?utm_source=gbp&utm_medium=organic_social&utm_campaign=1seo","10101 Fondren Rd #330, Houston, TX 77096, USA"
"GEI Plumbing Services Pasadena","(832) 864-5004","plumber","4.7","590","https://www.geiplumbingservices.com/service/plumber-in-pasadena-tx/?","2113 Norman St, Pasadena, TX 77506, USA"
"Doctor Home Experts Electrical Heating And Air","(713) 944-3362","electrician","4.7","586","https://doctorhomeexperts.com/?utm_source=google&utm_medium=gmb","1601 Preston Ave, Pasadena, TX 77503, USA"
"Alliance Plumbing Services","(281) 547-2518","plumber","4.8","585","https://allianceplumbingservices.com/?utm_source=Google&utm_medium=gmb","15502 Galveston Rd suite 803, Webster, TX 77598, USA"
"IGD Plumbing & Air","(832) 701-8666","plumber","4.4","538","https://www.igdplumbing.com/","4715 Strack Rd, Houston, TX 77069, USA"
"1-Tom-Plumber","(832) 406-4711","plumber","4.9","526","https://www.1tomplumber.com/houston/","3635 Willowbend Blvd # 318, Houston, TX 77054, USA"
"Doug Turner Plumbing CO.","(281) 201-1639","plumber","4.9","525","https://www.dougturnerplumbing.com/?utm_source=gbp","9945 Mula Rd, Stafford, TX 77477, USA"
"Halo Plumbing Services","(346) 642-5698","plumber","4.8","504","https://haloplumbingtx.com/","1654 Oak Tree Dr, Houston, TX 77080, USA"
"Roto-Rooter","713-472-5554","plumber","4.8","500","https://www.rotorooter.com","Houston, TX"
"Capital Care Plumbing","(281) 693-0006","plumber","5","499","https://www.capitalcareplumbing.com/","17939 Kieth Harrow Blvd, Houston, TX 77084, USA"
"Mr. Electric of Houston Midtown","(832) 844-6353","electrician","4.8","497","https://mrelectric.com/houston-midtown/?cid=LSTL_MRE000196&utm_source=gmb&utm_campaign=local&utm_medium=organic","10400 Westoffice Dr Ste 117, Houston, TX 77042, USA"
"Graham Plumbing Services","(281) 302-6710","plumber","4.9","495","https://bestsugarlandplumbers.com/","12819 Mula Ln, Stafford, TX 77477, USA"
"Cooper Plumbing | Houston Plumber","(832) 441-9683","plumber","4.9","493","https://www.cooperplumbinghouston.com/?utm_source=google&utm_medium=organic&utm_campaign=gmb-listing","10825 Barely Ln, Houston, TX 77070, USA"
"Malek Service Company","(281) 624-5137","plumber","4.5","487","https://malekservice.com/service-areas-home-services-houston-tx/","6646 Satsuma Dr, Houston, TX 77041, USA"
"Aberle Plumbing LLC","(281) 458-5911","plumber","4.9","472","https://www.aberleplumbing.com/?utm_source=google_gbp&utm_medium=organic_search&utm_campaign=1seo","13141 Kinsman Rd, Houston, TX 77049, USA"
"Hugo Plumbing","(713) 409-7176","plumber","4.9","472","https://www.hugoplumbingtx.com/","7038 Cotton Dr, Houston, TX 77092, USA"
"Fm 1960 Locksmith Houston","(281) 407-1823","locksmith","4.8","462","http://www.fm1960locksmith.com/","1607 Corral Dr, Houston, TX 77090, USA"
"Abbot Houston Locksmith","(832) 940-2773","locksmith","5","457","http://tophoustonlocksmith.com/","4740 Ingersoll St UNIT 207, Houston, TX 77027, USA"
"MHS Locksmith","(832) 620-7092","locksmith","4.6","456","https://mhslocksmith.com/","5330 North Fwy Ste 101, Houston, TX 77022, USA"
"AAA Locksmith","(713) 666-5625","locksmith","4.7","454","https://aaalockco.com/?y_source=1_MjYwNjIxOTItNzE1LWxvY2F0aW9uLndlYnNpdGU%3D","7137 Chimney Rock Rd, Houston, TX 77081, USA"
"Max Key Locksmith","(346) 777-8777","locksmith","5","451","https://maxkeylocksmith.com/","12455 Westpark Dr Ste H17, Houston, TX 77082, USA"
"Glass Doctor of Houston","(713) 277-7555","glazier","4.7","440","https://glassdoctor.com/houston?cid=LSTL_MGD000191&utm_source=gmb&utm_campaign=local&utm_medium=organic","4400 W 12th St, Houston, TX 77055, USA"
"Britton Waterworks Plumbing LLC","(281) 969-5479","plumber","4.7","436","http://www.brittonwaterworks.com/","1306 FM 1092 Rd Ste 205, Missouri City, TX 77459, USA"
"Bellaire Air Conditioning","(713) 428-2279","gas-engineer","4.9","435","https://www.bellaireair.com/?utm_source=google&utm_medium=organic&utm_term=gbp","5414 Ashbrook Dr, Houston, TX 77081, USA"
"Roto-Rooter Plumbing & Water Cleanup","(281) 710-9006","plumber","4.8","423","https://www.rotorooter.com/kingwoodtx/?utm_source=Google&utm_medium=organic&utm_campaign=gmb&utm_content=website","1621 Lakeville Dr Ste 306, Kingwood, TX 77339, USA"
"A Phase Electric","(832) 990-4248","electrician","5","415","https://aphaselectric.com/?utm_source=GMB&utm_medium=organic","1931 Humble Pl Dr Ste 107, Humble, TX 77338, USA"
"Linc Home Services","(346) 319-5342","plumber","4.9","408","https://linc-htx.com/?utm_source=organic&utm_medium=listing&utm_campaign=gmb","9424 W Little York Rd Suite 101, Houston, TX 77040, USA"
"Roto-Rooter Plumbing & Water Cleanup","(281) 671-1606","drain-specialist","4.9","408","https://www.rotorooter.com/cypresstx/?utm_source=Google&utm_medium=organic&utm_campaign=gmb&utm_content=website","7210 Barker Cypress Rd #200, Cypress, TX 77433, USA"
"Automobile Locksmith","(713) 665-5678","locksmith","4.8","408","http://www.automobilelocksmithhouston.com/","4100 Childress St, Houston, TX 77005, USA"
"The Lee Thompson Co","(713) 688-6900","drain-specialist","4.9","403","https://www.leethompsonac.com/","1718 Elmview Dr, Houston, TX 77080, USA"
"Airborne Locksmith","(713) 955-5554","locksmith","4.9","401","https://airbornelocksmiths.com/","2725 Chimney Rock Rd, Houston, TX 77056, USA"
"Roadlink Towing Service","(832) 633-2444","breakdown","5","397","https://www.roadlinktowing.com/","1234 Packer Ln suite 1100, Stafford, TX 77477, USA"
"Blackburn Locksmith Services","(832) 552-8028","locksmith","4.8","397","","4415 Broadway St, Pearland, TX 77581, USA"
"Golden Locksmith","(832) 786-3901","locksmith","4.7","386","https://golden-locksmith-tx.com/locations/locksmith-services-west-university-place","6733 Stella Link Rd # 209, West University Place, TX 77005, USA"
"Punbar Air","(832) 736-4432","electrician","4.9","385","https://www.punbarair.com/","14610 Tivoli Dr, Houston, TX 77077, USA"
"Rush Lock Inc","(713) 443-9480","locksmith","5","380","https://rushlockhouston.com/","1933 County Rd 129 Suite B, Pearland, TX 77581, USA"
"Brazos Home Services","(281) 409-9799","plumber","5","380","https://www.brazosplumbing.com/","526 Kingwood Dr Ste 142, Kingwood, TX 77339, USA"
"Zenith Disaster Clean Up","(713) 966-6064","drain-specialist","4.9","380","https://zenithdisastercleanup-tx.com/","5708 N Shepherd Dr C-3, Houston, TX 77091, USA"
"Martin Mechanical","(281) 937-7415","gas-engineer","5","377","http://martinmechanicaltx.com/","1723E Eldridge Rd, Sugar Land, TX 77478, USA"
"Atlas Foundation Repair","(713) 641-4844","gas-engineer","4.6","376","https://www.atlasfoundation.net/?utm_source=google&utm_medium=organic&utm_campaign=gmbwebsite","8945 Solon Rd, Houston, TX 77064, USA"
"Houston Key Locksmith","(832) 837-9008","locksmith","4.9","373","https://www.houstonkeylocksmith.com/","5819 Bissonnet St, Bellaire, TX 77401, USA"
"Gateway Ace Hardware & Industrial Supply","(713) 643-0623","locksmith","4.4","371","http://www.gatewayace.com/","6860 Telephone Rd, Houston, TX 77061, USA"
"Quickey Locksmith Services","(832) 478-1754","locksmith","4.9","367","https://quickeylocksmith.com/","Address is, 10018 Chickasaw Ln suite B1, Houston, TX 77041, USA"
"Shoppes at Memorial Villages","(833) 800-4343","breakdown","4.2","364","https://www.kimcorealty.com/properties/shoppes-at-memorial-villages/118040/view","1022 Wirt Rd, Houston, TX 77055, USA"
"Elite Spine & Health Center - Spring","(346) 808-8338","breakdown","5","363","https://www.elitespinehouston.com/","18425 Champion Forest Dr #200, Spring, TX 77379, USA"
"A&M Mobile Locksmith","(713) 789-5625","locksmith","4.7","361","https://a-mmobilelocksmith.com/","5850 Antoine Dr, Houston, TX 77091, USA"
"Houston Safe and Lock","(713) 522-5555","locksmith","4.6","355","https://houstonsafeandlock.net/","10210 Westheimer Rd, Houston, TX 77042, USA"
"Sam’s services","(346) 324-1044","breakdown","5","354","http://www.samsservices.us/","7705 Wright Rd, Houston, TX 77041, USA"
"Accurate Plumbing Services | Best Plumbers in Pearland, TX","(713) 817-3977","plumber","4.9","353","https://accurateplumbingtx.com/","7102 Brookside Rd Ste 108, Pearland, TX 77581, USA"
"Tony TNT Locksmith - Pasadena Locksmith","(713) 231-4768","locksmith","4.5","352","http://tony-tnt-locksmith.org/","1712 Shaver St, Pasadena, TX 77502, USA"
"kingwood Plumbing","(281) 870-4037","plumber","4.1","352","https://sites.google.com/view/kingwood-plumbing/home","1444-A Kingwood Dr, Kingwood, TX 77339, USA"
"Ben Taub Hospital Emergency Room","(713) 873-2000","breakdown","3.1","351","https://www.harrishealth.org/locations-hh/pages/ben-taub.aspx","1504 Ben Taub Loop, Houston, TX 77030, USA"
"Roto-Rooter Plumbing & Water Cleanup","(281) 331-8246","plumber","4.9","349","https://www.rotorooter.com/friendswoodtx/?utm_source=Google&utm_medium=organic&utm_campaign=gmb&utm_content=website","3366 FM 528 Rd Unit B5, Friendswood, TX 77546, USA"
"LMH Services","(832) 800-4564","electrician","5","340","https://lmhservicestx.com/","113 Center St, Deer Park, TX 77536, USA"
"Zoom Drain","(832) 906-4271","plumber","5","337","http://zoomdrain.com/houston","1304 Langham Creek Dr suite 466, Houston, TX 77084, USA"
"Texas Best Plumbing And Services LLC","(713) 429-5454","plumber","5","330","https://texasbestplumbing.com/friendswood-tx/","105 S Friendswood Dr #107, Friendswood, TX 77546, USA"
"Astro Lock and Safe, LLC","(281) 446-4403","locksmith","4.8","329","http://astrolockandsafe.net/","1004 Farm to Market 1960 Bypass Rd E, Humble, TX 77338, USA"
"Luis Your Plumber LLC","(832) 353-7025","plumber","4.9","327","http://www.yourplumberluis.com/","13350 Telge Rd SUITE 502, Cypress, TX 77429, USA"
"Al's Ace Handy Hardware","(281) 445-8640","locksmith","4.5","325","http://www.acehardware.com/mystore/index.jsp?store=03825&cid=localstore03825","224 Aldine Mail Rte Rd, Houston, TX 77037, USA"
"Mr. Electric of Bay Area","(713) 987-3490","electrician","4.9","322","https://mrelectric.com/bay-area/?cid=LSTL_MRE000196&utm_source=gmb&utm_campaign=local&utm_medium=organic","2318 Center St #110, Deer Park, TX 77536, USA"
"Nextdoor Electric","(832) 841-3889","electrician","4.9","319","https://www.nextdoorelectrictx.com/","2500 E T C Jester Blvd Ste 243, Houston, TX 77008, USA"
"Kare Auto Tow","(713) 899-1011","breakdown","5","317","http://www.kareautotow.com/","6346 Pago Ln, Houston, TX 77041, USA"
"All The Time Plumbing","(713) 705-3926","plumber","4.8","317","https://allthetimeplumbing.com/","13100 Wortham Center Dr, Houston, TX 77065, USA"
"South Texas Piping","(832) 206-7589","plumber","4.9","313","https://www.southtexaspiping.com/","6951 McHard Rd Unit G4, Houston, TX 77053, USA"
"Pro Locksmith","(281) 369-5675","locksmith","4","313","https://www.prolocksmithsnow.com/","6909 Ashcroft Dr #106, Houston, TX 77081, USA"
"Central City Air","(713) 861-1977","gas-engineer","4.9","310","https://centralcityair.com/","520 Thornton Rd, Houston, TX 77018, USA"
"JB Irrigation & Services","(281) 744-6909","drain-specialist","4.7","305","https://jbirrigation.com/","8070 Taylor St, Houston, TX 77064, USA"
"Scorpion Locksmith Houston","(281) 623-1517","locksmith","4.8","302","http://scorpionlocksmithhouston.com/","1806 Richmond Ave., Houston, TX 77098, USA"
"Belknap Plumbing Systems Inc.","(832) 990-9700","plumber","4.8","300","https://belknapplumbing.com","Houston, TX"
"Abbot Houston Locksmith","(832) 582-6787","locksmith","4.9","297","http://tophoustonlocksmith.com/","10122 Long Point Rd Suite 111, Houston, TX 77043, USA"
"Texas Best Towing & Heavy Duty Wrecker In Houston TX","(713) 859-1424","breakdown","4.4","287","https://txbesttowing.com/heavy-wrecker-houston","5627 Bonsrell St, Houston, TX 77023, USA"
"Dnb Home Services","(281) 955-6003","plumber","4.1","283","","11118 Timber Crest Dr, Houston, TX 77065, USA"
"Trademark Home Services","(281) 944-5325","plumber","4.7","282","https://www.trademarkhomeservices.com/?utm_source=GMB&utm_medium=organic&utm_campaign=sugarland","15445 Old Richmond Rd #106c, Sugar Land, TX 77498, USA"
"Arrow Plumbing","(713) 999-4742","plumber","4.8","282","http://www.arrowplumbing.com/","10503 Altonbury Ln, Houston, TX 77031, USA"
"Arnett Mechanical","(713) 300-1478","electrician","5","280","https://www.arnettmechanical.com/","14018 Hwy 6 Ste 5, Rosharon, TX 77583, USA"
"Heaton Plumbing, Inc.","(281) 842-7473","plumber","4.7","280","https://heatonplumbing.com/","309 Valley Brook Dr, La Porte, TX 77571, USA"
"General pro locksmith","(713) 714-2241","locksmith","5","279","https://generalprolocksmith.com/","4124 Spencer St, Houston, TX 77007, USA"
"Chams Electrical Services","(832) 659-3442","electrician","4.9","277","https://chamselectricalservices.com/","225 Matlage Way, Sugar Land, TX 77478, USA"
"Harvest Electrical Solutions","(832) 584-8448","electrician","5","277","http://harvest-tx.com/","14500 Cutten Rd, Houston, TX 77069, USA"
"Bear's Plumbing & Water Heater Repair","(281) 941-6194","plumber","4.8","272","https://www.bearsplumbing.net/?utm_campaign=gmb","18903 Tomato St, Spring, TX 77379, USA"
"Cool Techies","(832) 400-5730","drain-specialist","5","270","https://www.cooltechies.com/","1811 Upland Dr Suite C, Houston, TX 77043, USA"
"Service Squad","(713) 999-9150","plumber","4.3","269","http://www.servicesquads.com/","7321 Ashcroft Dr, Houston, TX 77081, USA"
"Southern Comfort Heating & Air Services","(832) 683-0537","gas-engineer","4.9","263","http://callsoutherncomfort.com/","11111 Katy Fwy Suite 910, Houston, TX 77079, USA"
"E.A locksmith","(346) 567-6363","locksmith","4.5","262","https://ealocksmithinc.com/","11415 Chimney Rock Rd Suite 113, Houston, TX 77035, USA"
"All Around Plumbing LLC","(713) 357-0154","plumber","4.9","261","https://allaroundplumbingtx.com/","11111 Katy Fwy Suite 910, Houston, TX 77079, USA"
"Mock Plumbing Repairs","(281) 508-5991","plumber","4.9","259","https://mockplumbing.com/","1603 Fairview Dr, Sugar Land, TX 77479, USA"
"Luke's Plumbing & Air Conditioning","(713) 728-6761","plumber","4.8","258","https://calllukes.com/?utm_source=google&utm_medium=gbp","3548 E T C Jester Blvd, Houston, TX 77018, USA"
"Santhoff Plumbing","(713) 665-4997","plumber","4.7","250","https://santhoffplumbingco.com","Houston, TX"
"H-Town Plumbers","(832) 318-0390","plumber","4.9","250","http://www.htownplumbers.com/","12145 Stone E Dr, Houston, TX 77035, USA"
"Aqueduct Plumbing Company","(281) 488-6238","plumber","4.7","246","https://aqueductplumbingcompany.com/","15110 Galveston Rd, Webster, TX 77598, USA"
"Glorious Locksmith","(713) 231-6112","locksmith","4.9","245","https://www.gloriouslocksmith.com/","8403 Almeda Rd Ste C, Houston, TX 77054, USA"
"Golden Towing Houston","(832) 252-9703","breakdown","4","243","https://tow-houston.com/","10039 Bissonnet St #228C, Houston, TX 77036, USA"
"Always Plumbing & Drains","(832) 430-1638","plumber","5","238","https://aaalwaysplumbing.com/spring-plumber/","8019 Marshall Falls Dr, Spring, TX 77379, USA"
"McCary's Plumbing Repair Inc","(281) 986-7824","plumber","5","233","https://mccarysplumbingrepair.com/","8525 Jackrabbit Rd ste k, Houston, TX 77095, USA"
"Jared's Plumbing, LLC","(281) 360-4114","plumber","4.7","230","https://jaredsplumbing.com/","1212 1st St E ste d, Humble, TX 77338, USA"
"GAP Plumbing","(281) 645-5406","plumber","4.5","230","https://www.gapplumbing.net/","1525 Lakeville Dr #118, Kingwood, TX 77339, USA"
"Kae Edward Plumbing","(281) 633-6862","plumber","4.9","227","https://kaeedwardplumbing.com/","14090 Southwest Fwy #300, Sugar Land, TX 77478, USA"
"Knight's Plumbing","(281) 480-0733","plumber","4.9","225","http://www.knightsplumbing.com/","15502 Galveston Rd Suite 108, Webster, TX 77598, USA"
"Gal Plumbing Industries LLC","(832) 906-1141","plumber","4.9","224","https://galplumbingindustries.com/?utm_source=GMB&utm_medium=organic&utm_campaign=office","2034 Oakwell Ln, Katy, TX 77449, USA"
"Contemporary Endodontics Pearland","(281) 529-5580","breakdown","5","222","http://www.ceteamendo.com/","11161 Shadow Creek Pkwy Suite 225, Pearland, TX 77584, USA"
"Abbot Houston Locksmith","(832) 582-6889","locksmith","4.9","221","http://tophoustonlocksmith.com/","3420 Rusk St #28, Houston, TX 77003, USA"
"Saylor Safe & Lock Inc","(281) 469-8027","locksmith","4.6","220","http://saylorsafe.com/","11035 Cypress North Houston Rd, Houston, TX 77065, USA"
"Allsource Electrical Technologies, LLC","(281) 451-4245","electrician","4.7","212","https://www.allsourcelectrical.com/","12807 Christina Ct, Missouri City, TX 77489, USA"
"Houston Plumbing Services","(713) 231-3309","plumber","4.9","207","https://www.houstonplumbingservices.com/","7807 Long Point Rd #330, Houston, TX 77055, USA"
"Same Day Water Heaters","(866) 616-2004","plumber","4.8","206","http://www.samedaywaterheaters.com/","10607 Stebbins Cir, Houston, TX 77043, USA"
"JR Electrical Services LLC","(832) 853-8919","electrician","5","206","https://www.cypresselectricianservices.com/","8190 Barker Cypress Rd 1900 #73, Cypress, TX 77433, USA"
"Colwell Electric","(713) 322-6452","plumber","4.9","204","https://www.colwellelectric.com/?utm_source=gbp&utm_medium=organic","6829 Guhn Rd, Houston, TX 77040, USA"
"MH Towing & Roadside Assistance","(832) 633-2889","breakdown","4.9","202","https://mhroadsideassistance.net/","12030 A Crescent Peak Dr, Houston, TX 77067, USA"
"Gold Stars Towing LLC","(346) 262-7542","breakdown","4.9","198","https://www.goldstartowingtx.com/","8433 Almeda Rd suite y, Houston, TX 77054, USA"
"Tony's Keys Express","(832) 938-5789","locksmith","4.9","197","","301 State St, South Houston, TX 77587, USA"
"Momentum Roadside Services","(281) 602-8213","breakdown","4.9","196","https://momentum-roadside.com/?utm_source=omg-gbp&utm_medium=webclick","3730 Kirby Dr # 1200, Houston, TX 77098, USA"
"bluefrog Plumbing + Drain of Northwest Houston","(346) 222-5848","plumber","4.8","194","https://www.bluefrogplumbingnwhouston.com/","10015 N Eldridge Pkwy E100, Houston, TX 77065, USA"
"Texas James Plumbing","(936) 237-6585","plumber","4.9","193","https://www.txjamesplumbing.com/?utm_campaign=gmb","1231 Space Park Dr suite a3, Houston, TX 77058, USA"
"Locksmith 4 Life","(713) 900-1877","locksmith","4.7","190","https://www.locksmith4life.com/","409 N 10th St, La Porte, TX 77571, USA"
"Goldenline Towing","(281) 570-4930","breakdown","4.3","187","https://leaguecitytowing.com/goldenline-towing/?utm_source=omg-gbp&utm_medium=webclick","2604 Wilson Rd Ct, Humble, TX 77396, USA"
"David Hicks Plumbing","(713) 528-0141","plumber","4.6","186","https://www.davidhicksplumbing.com/","2023 Fairview St, Houston, TX 77019, USA"
"GEI Plumbing Services of Spring","(832) 536-6165","plumber","4.8","184","https://www.geiplumbingservices.com/service/plumber-in-spring-tx/","2814 Spring Dusk Dr, Spring, TX 77373, USA"
"Du-West Services","(713) 473-7156","drain-specialist","4.5","184","http://www.du-west.com/","510 Pasadena Fwy Frontage Rd, Pasadena, TX 77506, USA"
"Texan Chiropractic Center, PLLC","(713) 771-5222","breakdown","5","183","http://texancc.com/","8323 Southwest Fwy Ste. 508, Houston, TX 77074, USA"
"All Star Lock & Key","(281) 382-7235","locksmith","5","183","https://allstarlockservices.com/","1101 Glenshannon Ave, Friendswood, TX 77546, USA"
"Car Keys Unlocked","(832) 880-3956","locksmith","4.9","182","","2401 Fountain View Dr, Houston, TX 77057, USA"
"After Hours Plumbing Service","(832) 715-6441","plumber","4.8","182","http://www.afterhoursplumbingservicehouston.com/","10322 Lafferty Oaks St, Houston, TX 77013, USA"
"Emet's Plumbing","(713) 518-9038","plumber","4.9","178","https://emetsplumbing.com/","6118 Sharondale St, Pearland, TX 77584, USA"
"Critical Power Solutions","(281) 771-8850","electrician","4.9","176","http://www.criticalpowerhtx.com/","77 Sugar Creek Center Blvd, Sugar Land, TX 77478, USA"
"Point 2 Point Towing","(832) 219-8889","breakdown","4.7","175","https://www.houstonemergencytowing.com/","4944 Dacoma St, Houston, TX 77092, USA"
"A Anykind Lock And Safe","(281) 338-9100","locksmith","4.8","172","https://www.anykindlockandsafe.com/","421 E Nasa Rd 1, Webster, TX 77598, USA"
"Sam The Plumber","(281) 992-2310","plumber","4.1","172","https://www.samtheplumbertx.com/","220 E Edgewood Dr, Friendswood, TX 77546, USA"
"Dynamic Electric Inc","(713) 896-3123","electrician","4.7","171","http://www.dynamicelecusa.com/","6030 Brittmoore Rd # N, Houston, TX 77041, USA"
"GEI Plumbing Services Missouri City","(346) 220-0733","plumber","4.8","168","https://www.geiplumbingservices.com/service/plumber-in-missouri-city/","403 Fern Meadow Dr, Missouri City, TX 77459, USA"
"Direct Auto Keys","(281) 760-9972","locksmith","4.9","168","https://www.houtxlocksmith.com/","9505 Hollock St Suite F, Houston, TX 77075, USA"
"MOBILCO LOCKSMITH & SECURITY","(713) 489-0000","locksmith","4.8","168","https://mobilcolocksmithhoustontx.com/","8710 Richmond Ave., Houston, TX 77063, USA"
"Automotive Lift Techs","(832) 506-9860","gas-engineer","4.9","166","http://automotivelifttechs.com/","5009 Fulton St, Houston, TX 77009, USA"
"Master AC and Heat, LLC- The Heights","(713) 750-9769","drain-specialist","4.8","165","http://masteracandheat.com/","2607 North Fwy, Houston, TX 77009, USA"
"True Smiles Family and Cosmetic Dentistry","(281) 666-9912","breakdown","5","165","https://www.truesmilesdentistry.com/","8000 S Gessner Rd #400, Houston, TX 77036, USA"
"Pearland Locksmith","(281) 303-3802","locksmith","5","165","https://pearlandslocksmith.com/","8618 Hawk Rd Suite B, Pearland, TX 77584, USA"
"Bakers Safe & Lock","(713) 780-7026","locksmith","4.5","163","http://bakers.net/","5612 Fondren Rd, Houston, TX 77036, USA"
"Cruz Air & Electric: Humble HVAC Company","(281) 446-4272","electrician","4.5","162","https://cruzae.com/ac-service-humble-tx/?utm_source=GMB&utm_medium=organic?utm_source=GMB&utm_medium=organic","2005 Farm to Market 1960 Bypass Rd E, Humble, TX 77338, USA"
"Paul Richard Electric","(832) 206-7990","electrician","4.7","161","https://paulrichardelectric.com/?utm_source=omg-gbp&utm_medium=webclick","7536 Harms Rd, Houston, TX 77041, USA"
"Dixie Safe & Lock","(713) 643-5767","locksmith","4.6","159","https://www.dixielock.com/","7920 Gulf Fwy, Houston, TX 77017, USA"
"Modern Plumbing Co. Inc.","(281) 487-8172","plumber","4.5","156","https://www.modernplumbing.com/","4828 Pine Ave, Pasadena, TX 77503, USA"
"Green Star Electric","(713) 389-9110","plumber","4.9","155","https://greenstarelectric.net/","2331 Rambling Brook Dr, Spring, TX 77373, USA"
"Towing Star Houston","(281) 888-8510","breakdown","3.8","155","https://towingstar.com/","402 Busch St, Houston, TX 77060, USA"
"Grands Locksmith","(832) 885-8880","locksmith","5","153","https://grandslocksmith.com/","2203 W 34th St Suite A, Houston, TX 77018, USA"
"Texas Plumbing and Drain Experts","(346) 258-7799","plumber","5","152","https://plumbingexpertsoftexas.com/","10103 Fondren Rd #200, Houston, TX 77096, USA"
"Brick Plumbing","(832) 418-5903","plumber","4.8","150","https://brickplumbingtx.com","Houston, TX"
"Choi's Towing","(832) 554-4233","breakdown","5","149","https://www.choistowing.com/","10063 Timberoak Dr, Houston, TX 77080, USA"
"Jenkins Restorations","(281) 581-0260","drain-specialist","4.7","149","https://jenkinsrestorations.com/houston-texas/?utm_source=Google%20my%20Business&utm_medium=organic%20search&utm_campaign=GMB%20Houston","1424 N Sam Houston Pkwy E, Houston, TX 77032, USA"
"Nathan Lazarine A/C Heat & Electric","(713) 725-3980","electrician","5","145","https://www.lazarineac.com/?utm_source=google&utm_medium=organic&utm_campaign=gbp","2407 Mountain Run, Missouri City, TX 77459, USA"
"Lumens Electric LLC","(713) 649-7800","electrician","4.8","142","http://lumenselectric.com/","3500 S Richey St Ste. 310, Houston, TX 77017, USA"
"In A Flash Lock Service","(713) 944-4982","locksmith","5","141","http://www.houstonlockservices.com/","7538 Bradford St, Houston, TX 77087, USA"
"BIONIC Water Damage Restoration of Houston","(713) 609-1569","plumber","4.9","141","https://bionic24365.com/","14300 Northwest Fwy, Houston, TX 77040, USA"
"The Repipe Company a Plumbing & Sewer Drain specialist","(713) 665-3257","plumber","4.7","141","https://therepipecompany.com/?utm_source=local&utm_medium=organic&utm_campaign=gmb","2710 TX-35, Pearland, TX 77581, USA"
"NSH Locksmith","(979) 422-8362","locksmith","5","138","https://www.nshlocksmith.com/","9120 Bellflower St, Houston, TX 77063, USA"
"Buddy's Plumbing","(409) 945-2557","plumber","4.7","138","http://buddysplumbing.net/?y_source=1_MTcyODQyMTQtNzE1LWxvY2F0aW9uLndlYnNpdGU%3D","11127 East Sam Houston Pkwy N, Houston, TX 77044, USA"
"Bellford Plumbing","(346) 451-2076","plumber","5","137","https://bellford-plumbing.com/","5819 Picasso Pl, Houston, TX 77096, USA"
"Martini True Value Hardware","(713) 926-7466","locksmith","4.8","136","https://stores.truevalue.com/tx/houston/9468","7145 Lawndale St, Houston, TX 77023, USA"
"ASAP LOCKSMITH","(832) 404-0102","locksmith","5","135","http://asap-locksmith-pros.com/","13131 Champions Dr Ste 120, Houston, TX 77069, USA"
"CJM Roadside Assistance","(346) 498-6300","locksmith","5","135","http://www.cjmroadsideassistance.com/","11610 Waterwood Ct, Pearland, TX 77584, USA"
"GEI Plumbing Services Sugar Land","(281) 559-6903","plumber","4.9","135","https://www.geiplumbingservices.com/service/plumber-in-suger-land/","14090 Southwest Fwy suite 300 811, Sugar Land, TX 77478, USA"
"Bravo Key & Lock","(713) 523-5397","locksmith","4.3","134","http://www.bravokeyandlock.com/","1756 Westheimer Rd, Houston, TX 77098, USA"
"B&L Lock And Safe","(713) 947-0237","locksmith","4.7","134","https://www.bllockandsafe.com/","10638 Almeda Genoa Rd, Houston, TX 77034, USA"
"American Best Locksmith","(832) 225-3088","locksmith","4.7","132","https://www.americanbestlocksmith.com/cities/locksmith-houston-tx/?utm_source=google&utm_medium=organic&utm_campaign=gbp","3226 Mainford St, Houston, TX 77009, USA"
"Ingram Plumbing Co","(281) 461-8117","plumber","4.9","131","https://ingramplumbing.com/","15502 State Hwy 3 #305, Webster, TX 77598, USA"
"Cravens Electric","(832) 415-9253","electrician","4.7","130","https://www.cravenselectric.com/","14135 Packard St, Houston, TX 77040, USA"
"SPEEDY LOCKOUT SERVICES","(346) 754-4921","locksmith","4.9","130","http://www.speedylockoutservices.com/","16230 Sierra Grande Dr, Houston, TX 77083, USA"
"Gordon Safe & Lock, Inc.","(281) 890-5610","locksmith","4.7","129","https://www.houstonlocksmith.com/","9206 Cypress Creek Pkwy, Houston, TX 77070, USA"
"Spring True Value Hardware","(281) 370-0733","locksmith","4.5","127","https://stores.truevalue.com/tx/spring/9797","18935 Kuykendahl Rd, Spring, TX 77379, USA"
"Texas Star Heating & Cooling","(281) 686-6861","gas-engineer","4.7","127","https://www.texasstarhvacr.com/","14019 Schmidt St, Cypress, TX 77429, USA"
"Generator Industries","(281) 997-9110","gas-engineer","3.9","125","https://www.generatorind.com/","8409A Mosley Rd, Houston, TX 77075, USA"
"Affordable Quality Plumbing","(281) 482-1900","plumber","4.9","124","https://affordablequalityplumbing.com/","2809 Longwood Dr, Pearland, TX 77581, USA"
"GC&more. Plomeros en Houston & Construction","(832) 454-1397","plumber","4.9","122","https://gcmore.com/","550 Greens Pkwy Ste 209, Houston, TX 77067, USA"
"Y Towing","(281) 776-9000","locksmith","4.7","122","","14023 Locke Ln, Houston, TX 77077, USA"
"AL Rooter Plumbing LLC","(832) 434-5936","plumber","4.9","121","https://alrooterplumbing.com/?utm_campaign=gmb","2415 S Dairy Ashford Rd Suite C004, Houston, TX 77077, USA"
"R&B","(281) 732-8112","electrician","5","121","","603 Linson Ln, Friendswood, TX 77546, USA"
"Aaron's Plumbing","(281) 444-2000","plumber","4.6","115","http://www.aaronsplumbingtx.com/","825 Curtin St, Houston, TX 77018, USA"
"Houston Plumbing Expert","(713) 524-7400","plumber","4.9","115","https://www.houstonplumbingexpert.com/","7676 Hillmont St Suite 344 - 19, Houston, TX 77040, USA"
"The Menninger Clinic","(713) 275-5400","breakdown","3.5","114","https://www.menningerclinic.org/","12301 S Main St, Houston, TX 77035, USA"
"360 Towing Solutions","(281) 612-3101","breakdown","4.4","114","https://360towingsolutions.com/sugar-land/","12808 W Airport Blvd suite 255 g, Sugar Land, TX 77478, USA"
"Lighthouse Electric","(281) 847-1111","electrician","4.9","113","https://lighthouseelectrictexas.com/","10904 Scarsdale Blvd #350-110, Houston, TX 77089, USA"
"A-Better Plumbing LLC","(281) 692-1684","plumber","4.6","111","https://abetterplumbingllc.com/","5828 Broadway St, Pearland, TX 77581, USA"
"Peter's Plumbing & Remodeling, LLC","(832) 301-8531","plumber","4.9","111","http://petersplumbingtx.com/","16519 Innisbrook Dr, Houston, TX 77095, USA"
"KeyMe Locksmiths","(281) 623-1784","locksmith","4.7","111","https://key.me/kiosks/texas/houston/greenwood-forest/make-keys-greenwood-forest-tx","5219 Farm to Market 1960 Rd W, Houston, TX 77069, USA"
"CRB Towing - Heavy Duty Wrecker & Semi Truck Towing","(832) 771-5331","breakdown","4.9","109","http://crbtowingllc.com/","7903 Norvic St, Houston, TX 77029, USA"
"SAFECO- Safes, Remotes and Keys LLC","(832) 233-5594","locksmith","4.8","108","https://safecolocksmithhumbletx.com/","4518 Farm to Market 1960 Rd E, Humble, TX 77346, USA"
"First Service Plumbing and Drains","(832) 793-0809","plumber","5","107","https://firstserviceplumbing.com/","17610 Telegraph Creek Dr, Spring, TX 77379, USA"
"Royal Flush Affordable Plumbing","(281) 612-1015","plumber","4.7","107","https://www.royalflushaffordableplumbing.com/","1 Mockingbird Cir, Houston, TX 77074, USA"
"Spring Electric & A/C","(281) 747-9990","electrician","4.6","105","http://springelectricactx.com/","15380 Kuykendahl Rd Suite 190, Houston, TX 77090, USA"
"Affordable Plumbing Services Houston","(832) 621-4939","plumber","4.8","105","https://houston-plumbingservices.com/","12329 Ashcroft Dr, Houston, TX 77035, USA"
"Raw Electrical Services LLC","(281) 606-0829","electrician","4.9","103","http://rawelectricalservices.net/","1003 Atascocita Road, Humble, TX 77396, USA"
"Abacus Plumbing, Air Conditioning & Electrical","(281) 215-3046","plumber","4.4","103","https://www.abacusplumbing.net/sugar-land/?utm_campaign=gmb_ab-hou_home_everyone_gmb-sugar-land-tx&utm_medium=gmb&utm_source=google","104 Industrial Blvd, Sugar Land, TX 77478, USA"
"Action Electric Co","(713) 392-5795","electrician","4.9","101","","11526 Dunlap St, Houston, TX 77035, USA"
"Kenneth’s Plumbing LLC","(281) 458-4703","plumber","5","101","http://www.kennethsplumbing.com/","12502 Green River Dr, Houston, TX 77044, USA"
"Hartford Services","(281) 261-3333","plumber","4.7","100","http://www.hartfordservices.com/","741 Dulles Ave Suite D, Stafford, TX 77477, USA"
"Houston Emergency Plumbing Demo","(713) 555-0123","plumber","5","100","https://example.com","123 Main St, Houston, TX 77002"
"Good tires","(281) 895-1784","locksmith","4.6","100","http://goodtires.net/","3971 Ade St, Houston, TX 77063, USA"
"Chavez Plumbing Inc","(346) 478-5903","plumber","4.7","100","https://www.chavezplumbinginc.com/","520 W Bertrand St, Houston, TX 77037, USA"
"Charlie's Plumbing, Inc","(713) 242-7543","plumber","3.9","100","https://www.charliesplumbing.com/","10114 Thermon, Houston, TX 77075, USA"
"A&M Mobile Locksmith","(713) 789-5625","locksmith","4.7","99","http://www.a-mmobilelocksmith.com/","7050 Lakeview Haven Dr ste 140, Houston, TX 77095, USA"
"Aquarius Home Service","(281) 561-8400","plumber","4.8","99","http://www.aquariushomeservice.com/","13003 Murphy Rd #N-4, Stafford, TX 77477, USA"
"Heights River Oaks Houston Locksmith","(713) 282-2875","locksmith","5","98","https://heightshoustonlocksmith.com/","1401 Greengrass Dr Suite 24, Houston, TX 77008, USA"
"Plomero Yanez","(832) 660-3753","plumber","5","98","https://www.plomeroyanez.com/","8990 Kirby Dr, Houston, TX 77054, USA"
"Eli's Plumbing","(832) 692-2303","plumber","4.3","97","http://elisplumbing.net/","3811 Shannon Ln, Humble, TX 77396, USA"
"Cerrajeria Amigos","(832) 980-1550","locksmith","4","96","","1418 Aldine Mail Rte Rd, Houston, TX 77039, USA"
"Houston Emergency Auto Rescue & Trucking LLC","(713) 785-6888","breakdown","2.7","95","","619 W 27th St, Houston, TX 77008, USA"
"Crespo Towing LLC","(832) 513-0157","breakdown","5","95","https://www.crespotowingllc.com/","9347 Viscaro Ln, Humble, TX 77396, USA"
"RANIT LLC dba “Roadside Assistance Now in Texas”","(832) 736-1245","locksmith","5","95","https://maps.app.goo.gl/LvVMNbYFXzLcmp98A?g_st=am","1206 Noble Glen Dr, Fresno, TX 77545, USA"
"RMP Plumbing","(713) 261-3006","plumber","4.6","95","http://www.rmp-plumbing.com/","16630 Stoneside Dr, Houston, TX 77095, USA"
"King Safe & Lock","(713) 465-0055","locksmith","5","95","http://kingsafeandlock.com/","8429 Katy Fwy, Houston, TX 77024, USA"
"Electrical Masters Company Inc.","(832) 970-3101","electrician","5","94","https://www.electricalmasterscompany.com/","7110 Winding Trace Dr, Houston, TX 77086, USA"
"Get It Done Plumbing","(832) 207-4772","plumber","4.6","93","http://getitdoneplumbing.com/","6625 Breen Rd suit 500, Houston, TX 77086, USA"
"Peoples Choice Electric, Inc","(832) 216-5215","electrician","4.9","91","http://peopleschoiceelectric.com/","3200 Wilcrest Dr #170, Houston, TX 77042, USA"
"DG Plumbing LLC","(832) 274-3257","plumber","4.8","91","https://dgplumbingservice.com/","15127 Kinord Run Dr, Humble, TX 77346, USA"
"C&R Plumbing Services, LLC.","(713) 231-8555","plumber","5","91","https://cnrplumber.com/","7530 Ralick Ct, Spring, TX 77379, USA"
"TDT Plumbing","(713) 697-2088","plumber","4.5","91","http://www.tdtplumbing.com/?utm_source=GBP&utm_medium=organic&utm_campaign=googlebusiness","4918 Pinemont Dr, Houston, TX 77092, USA"
"Mister Sparky of Pearland","(281) 985-1116","electrician","5","90","https://www.mistersparky.com/pearland/","1118 N Main St Suite 1G, Pearland, TX 77581, USA"
"Start 2 Finish","832-648-4040","plumber","4.7","90","https://houstontexasplumbing.com","Houston, TX"
"Essential Plumbing LLC","(346) 269-6562","plumber","5","89","http://www.essentialplumbingpro.com/","2526 Business Center Dr #115, Pearland, TX 77584, USA"
"PO BOX ETC - PackageHub - Business Center","(713) 996-0100","locksmith","4.7","89","http://mypoboxetc.com/","14173 Northwest Fwy, Houston, TX 77040, USA"
"Auto Keys Now LLC","(713) 497-7025","locksmith","5","89","http://autokeysnow.com/","1231 Space Park Dr C10, Houston, TX 77058, USA"
"Tucker Plumbing LLC","(281) 469-5354","plumber","5","89","http://www.tuckerplumbing.net/","8219 Coolshire Ln, Houston, TX 77070, USA"
"All Clear Plumbing and Drain Cleaning Houston","(281) 213-5407","plumber","4.8","89","http://allclearplumbinghouston.com/","7999 Hansen Rd ste 106, Houston, TX 77061, USA"
"Pipe Doctors LLC","(281) 650-3933","plumber","4.6","88","https://www.plumbingservicehoustontx.com/","4727 Glenvillage St, Houston, TX 77084, USA"
"Forsess - Auto Home Locks","(281) 829-8209","locksmith","5","88","http://autohomelocks.com/","13280 Trail Hollow Dr, Houston, TX 77079, USA"
"On Point Plumbing LLC","(713) 667-6468","plumber","4.9","88","https://onpointplumbingllc.com/","10522 Ambursen St, Houston, TX 77034, USA"
"All Houston Locksmith","(832) 541-1761","locksmith","5","88","http://allhoustonlocksmith.com/","2929 Allen Pkwy STE. 200, Houston, TX 77019, USA"
"Star Towing Roadside Assistance Wrecker Service Energy Corridor","(281) 967-0638","breakdown","4.9","88","http://www.startowingroadsideassistancewreckerservice.com/","11111 Katy Fwy, Houston, TX 77043, USA"
"Freedom Maids","(281) 748-0055","gas-engineer","4.8","88","http://www.freedommaids.com/hoarding/","6806 Sir William Ct, Spring, TX 77379, USA"
"Crown Diesel","(713) 957-5069","gas-engineer","4.4","86","https://crowndiesel247.com/?utm_source=gmb&utm_medium=organic","4201 Langley Rd, Houston, TX 77093, USA"
"Dr Roadside Assistance Houston","(281) 231-2444","breakdown","3.6","86","https://roadsideassistance-houston.com/","10039 Bissonnet St Suite# 147, Houston, TX 77036, USA"
"RBG Services LLC","(832) 291-4433","electrician","5","85","https://www.rbgelectricalhtx.com/","14203 Aston St, Houston, TX 77040, USA"
"AAA Plumbers","(713) 462-4753","plumber","4.2","85","http://www.aaaplumbers.com/","6547 Petropark Dr, Houston, TX 77041, USA"
"Bayou City Electric","(713) 658-5101","electrician","4.9","84","http://www.bayoucityelectric.com/","5331 Enchanted Mist Dr, Humble, TX 77346, USA"
"GP Plumbing, LLC","(832) 797-6324","plumber","5","84","https://gpplumbingllc.net/","12359 Oakleaf Bend Dr, Humble, TX 77346, USA"
"Sonny's Plumbing","(281) 648-9866","plumber","4.8","84","https://www.sonnysplumbingtx.com/","2230 County Rd 124, Pearland, TX 77581, USA"
"Submit Glass","(832) 299-9812","glazier","4.8","84","","6535 Myrtle St, Houston, TX 77087, USA"
"Josiah & Sons Plumbers","(346) 239-1950","plumber","4.6","84","","5074 Griggs Rd #4200, Houston, TX 77021, USA"
"Residential Services","(281) 482-8658","electrician","4.9","84","","706 S Friendswood Dr, Friendswood, TX 77546, USA"
"Green's Lock and Safe","(281) 376-3375","locksmith","4.1","83","https://www.greenslockandsafe.com/","11035 Cypress North Houston Rd Suite B, Houston, TX 77065, USA"
"A1 Plus Electrical, Plumbing and Air","(832) 271-6414","plumber","5","83","http://www.a1plus.com/?utm_source=google&utm_medium=organic&utm_campaign=gbp-greenway&utm_content=listing","24 Greenway Plz Suite 1800, Houston, TX 77046, USA"
"Right Touch Electrical","(281) 519-7485","electrician","4.9","83","https://www.righttouchelectrical.com/?utm_source=GBP&utm_medium=organic&utm_campaign=googlebusiness","5850 San Felipe St Suite 500, Houston, TX 77057, USA"
"AM-PM Glass & Mirror","(832) 704-4758","glazier","4.5","82","https://www.glasscompanyhouston.com/","8206 W Tidwell Rd, Houston, TX 77040, USA"
"FlyLock","(713) 234-1570","locksmith","4.8","81","https://flylock.com/locations/houston/?utm_source=Google&utm_medium=Listing&utm_campaign=HOUSTON","3311 Richmond Ave. Ste 150, Houston, TX 77098, USA"
"DYZ Plumbing, LLC","(832) 877-9600","plumber","4.9","80","https://dyzplumbing.com/","1220 Blalock Rd, Houston, TX 77055, USA"
"Houston 24/7 Plumbing","(281) 748-8142","plumber","4.6","80","https://houston247plumbing.com","Houston, TX"
"Right Choice Plumbing LLC","(713) 817-1890","plumber","5","80","https://rightchoice-plumbing.com/","11615 Mile Dr unit B, Houston, TX 77065, USA"
"T.D. Stevens Electrical","(281) 570-2508","electrician","4.9","79","https://electricianhumble.com/","5960 N Sam Houston Pkwy E, Humble, TX 77396, USA"
"Shaw Plumbing Co. LLC","(936) 672-9850","plumber","4.9","79","https://shawplumbingco.com/","2001 Karbach St Suite S, Houston, TX 77092, USA"
"Golden Towing Pasadena TX","(832) 460-4112","breakdown","4.4","79","https://tow-houston.com/pasadena-tx-towing-services/","3222 Burke Rd #109E, Pasadena, TX 77504, USA"
"5 Star Plumbing Houston","(713) 954-6622","plumber","4.9","79","https://5starplumbinghouston.com/","2950 N Loop W #500, Houston, TX 77092, USA"
"Belknap Plumbing Systems Inc","(832) 990-9700","plumber","3.8","78","https://www.belknapplumbing.com/","9030 Solon Rd, Houston, TX 77064, USA"
"Golden Service Electric","(832) 346-4083","electrician","5","78","https://goldenserviceelectrictx.com/","11311 Bayou Pl Dr, Houston, TX 77099, USA"
"Multi-Glass of Texas LLC","(281) 257-0099","glazier","4.9","78","https://multiglassoftexas.com/","17701 Strack Dr W, Spring, TX 77379, USA"
"Randee's Wrecker Service","(281) 997-1777","locksmith","4.7","77","","4401 W Orange St, Pearland, TX 77581, USA"
"Best Plumbing","(713) 697-4400","plumber","3","77","http://www.bestplumbing.net/","7802 Farnsworth St #3223, Houston, TX 77022, USA"
"Unique Electrical Services","(832) 665-1584","electrician","4.9","76","http://www.uniqueelectricalservices.com/","12455 Westpark Dr Unit G6, Houston, TX 77072, USA"
"James Shaw, MD","(281) 316-0121","breakdown","4.8","75","https://orthospecialistsoftexas.com/?utm_campaign=corp_listings_mgmt&utm_source=google&utm_medium=business_listing","450 W. Medical Center Blvd, Webster, TX 77598, USA"
"JN'L Electric - Houston Electricians 24/7 | Electrical Contractor","(713) 460-0605","electrician","4.8","75","https://www.jnlelectric.com/?utm_source=GMB&utm_medium=Organic","13502 E Cypress Forest Dr, Houston, TX 77070, USA"
"Lucky's Plumbing","(713) 464-1921","plumber","5","74","http://www.luckysplumbing.com/","14300 Northwest Fwy B11, Houston, TX 77040, USA"
"High Security Lock & Safe","(281) 685-6065","locksmith","4.4","74","http://www.highsecuritylockandsafe.com/","2911 E Broadway St, Pearland, TX 77581, USA"
"Jameson & Sons Electricians Corp","(281) 944-4523","electrician","4.8","73","","19506 US-59 #1185, Humble, TX 77338, USA"
"Suncoast Plumbing","(713) 944-0046","plumber","3.5","73","","1204 Missouri St, South Houston, TX 77587, USA"
"Trizone Electric LLC","(832) 477-3360","electrician","4.9","72","https://trizoneelectric.com/","10400 Westoffice Dr #114, Houston, TX 77042, USA"
"Aura Service Pro","(832) 803-0707","gas-engineer","3.6","71","https://auraservicepro.com/","1301 Fannin St #2440, Houston, TX 77002, USA"
"Freedom Handy Pros & Contractors","(281) 595-9959","plumber","5","70","https://hirefreedompro.com/","4305 Chance Ln Unit #5, Rosharon, TX 77583, USA"
"ASAP Plumbing Experts","(832) 925-4418","plumber","4.7","69","https://bestplumbingcompanyhouston.com/","5430 Lymbar Dr, Houston, TX 77096, USA"
"100% Plumbing Houston","(713) 714-7132","plumber","4.9","69","https://100plumbinghouston.com/","2100 W Loop S suite 800, Houston, TX 77027, USA"
"C&R Plumbing Services, LLC.","(713) 231-8555","plumber","4.9","68","https://cnrplumber.com/","1418 W Donovan St, Houston, TX 77091, USA"
"Houston 247 Locksmiths","(832) 978-9200","locksmith","4.9","68","https://www.houston247locksmiths.com/","2217 W 34th St Unit D, Houston, TX 77018, USA"
"Du-West Total Plumbing","(713) 475-0004","plumber","4.9","68","https://www.du-west.com/houston/plumbing/?utm_source=GBP&utm_medium=organic&utm_campaign=googlebusiness","510 Pasadena Fwy, Pasadena, TX 77506, USA"
"1960 Locksmith Humble","(832) 410-8748","locksmith","4","68","","1906 Treble Dr, Humble, TX 77338, USA"
"Mr Keys Key Page Communications Inc","(713) 921-2738","locksmith","4.7","67","http://www.mrkeyslocksmith.net/","627 S 75th St, Houston, TX 77023, USA"
"Repipe & Replumb","(832) 232-1252","plumber","5","67","http://www.repipeandreplumb.com/","2525 Robinhood St, Houston, TX 77005, USA"
"ASAP Locksmith","(832) 225-4147","locksmith","5","66","https://asap-locksmith-pros.com/locksmith-in-channelview/","16023 E Freeway Service Rd ste 24, Channelview, TX 77530, USA"
"RT Towing - Heavy Duty Towing Houston","(832) 588-5314","breakdown","4.8","66","https://rt-towing.com/","5713 Cunningham Rd, Houston, TX 77041, USA"
"J & G Plumbing Services, LLC.","(713) 545-0655","plumber","4.3","65","https://www.jgplumbershouston.com/","18912 Tomato St, Spring, TX 77379, USA"
"Big Johns Plumbing llc","(713) 885-1836","plumber","4.6","64","http://www.bigjohnsplumbingllc.com/","3310 Exeter Trail, Pearland, TX 77584, USA"
"Plumb Right Plumbing","(281) 213-7063","plumber","4.8","64","https://water-heaters-and-more.square.site/","12950 Bedford Falls Dr, Cypress, TX 77429, USA"
"TX Hydrojet & Plumbing","(832) 219-0034","plumber","5","63","https://txhydrojet.com/?utm_source=google&utm_medium=organic&utm_campaign=gmb","5338 Prudence Dr, Houston, TX 77045, USA"
"Express Towing & Recovery","(281) 692-0222","breakdown","4.5","63","https://expresstowingrecovery.org/","6719 Old Massey Rnch Rd, Pearland, TX 77584, USA"
"Plumb Pro Services","(832) 220-5104","plumber","4.7","63","https://www.plumbproplumbingservices.com/","1921 Spring Cypress Rd, Spring, TX 77388, USA"
"Gemini Plumbing Inc","(713) 481-5788","plumber","3.4","63","https://www.geminiplumbinginc.com/","6989 W Little York Rd Suite S, Houston, TX 77040, USA"
"Imperial Wrecker Service Inc.","(713) 298-8495","breakdown","2.9","63","http://www.imperialwrecker.com/","15411 W Bellfort Ave, Sugar Land, TX 77498, USA"
"Pace Plumbing & Supply Co","(713) 659-7669","plumber","4.4","62","https://paceplumb.com/","3429 McGowen St, Houston, TX 77004, USA"
"Definite Electric, LLC","(832) 580-9613","electrician","4.9","62","https://www.definiteelectric.com/","1300 W 19th St #7234, Houston, TX 77008, USA"
"T&Z ALL Services","(713) 623-1731","plumber","4.8","61","http://www.allserviceshouston.com/","10820 Craighead Dr, Houston, TX 77025, USA"
"Seem Electric","(832) 659-4279","electrician","5","61","http://seemelectric.com/","17311 Danbury Bridge Dr, Houston, TX 77095, USA"
"Glass Doctor Home + Business of NW Houston","(832) 613-0576","glazier","5","61","https://glassdoctor.com/nw-houston-home-business/?cid=LSTL_MGD000191&utm_source=gmb&utm_campaign=local&utm_medium=organic","17939 Kieth Harrow Blvd Ste 305, Houston, TX 77084, USA"
"Goodsmith Home Care & Repair","(877) 909-2999","plumber","4.7","60","http://mygoodsmith.com/","1296 N Post Oak Rd, Houston, TX 77055, USA"
"Quiet Clean Repairs","(281) 454-3969","plumber","4.9","60","","2812 Cortlandt St, Houston, TX 77008, USA"
"Acacias Plumbing | Emergency Plumber, Drain Cleaning, Sewer Repair and Water Heater Installation Houston, TX","(832) 281-5575","plumber","4.9","60","https://www.acaciasplumbing.com/?utm_source=google&utm_medium=search_engine&utm_campaign=gmb","1430 Yale St Suite No. 12, Houston, TX 77008, USA"
"Triple 7 Services","(832) 295-9033","plumber","4.9","60","https://www.triple-7-services.co/","825 Town and Country Blvd Suite 1200, Houston, TX 77024, USA"
"Alan's Plumbing","(281) 261-1064","plumber","4.3","59","https://alans.plumbing/","Missouri City, TX 77459, USA"
"Southeast Oral & Maxillofacial Surgery","(281) 612-6878","breakdown","4.4","59","https://seoms-houston.com/","11725 Highland Meadow Dr, Houston, TX 77089, USA"
"HDZ Plumbing and Drain","(832) 858-9556","plumber","4.9","59","http://www.hdzplumbinganddrain.com/","6610 Hirondel, Houston, TX 77087, USA"
"Castle Hardware & More","(281) 815-5843","locksmith","4.9","59","","16028 West Rd, Houston, TX 77095, USA"
"Amailey Plumbing","(832) 379-2700","plumber","4","59","http://www.amaileyplumbing.com/","3542 Bacor Rd, Houston, TX 77084, USA"
"Quick Fix Locksmith","(832) 279-3016","locksmith","5","58","https://www.quickfixlocksmith.com/","17307 Abby Ln, Spring, TX 77379, USA"
"Advent Key and Lock LLC","(832) 707-2113","locksmith","4.9","58","https://www.adventkeyandlock.com/","9238 Conger St, Houston, TX 77075, USA"
"Drain X Perts","(832) 776-8003","drain-specialist","4.9","58","https://backyarddrains.com/","626 County Rd 948A, Alvin, TX 77511, USA"
"Llanos Electric Builders","(832) 526-9760","electrician","5","56","http://671144854d466.site123.me/","907 Creager St, Houston, TX 77034, USA"
"Chamberlin Roofing & Waterproofing","(713) 880-1432","gas-engineer","4.1","56","http://www.chamberlinltd.com/","4545 Langfield Rd, Houston, TX 77040, USA"
"Air-Care Southeast, Inc.","(713) 946-4302","drain-specialist","4.9","55","https://www.aircaresoutheast.com/","701 Louisiana St, South Houston, TX 77587, USA"
"FannCo Plumbing LLC","(281) 482-1575","drain-specialist","4.7","55","http://fanncoplumbing.com/","1919 Sandy Lake Dr, Friendswood, TX 77546, USA"
"Electrical Works of Houston","(713) 476-0429","electrician","5","55","https://www.electricalworksofhouston.com/","409 Oriole St, Houston, TX 77018, USA"
"KeyMe Locksmiths","(346) 616-0768","locksmith","3.8","54","https://key.me/kiosks/texas/houston/houston/locksmith-key-copy-houston-h-e-b-77098-texas","1701 W Alabama St, Houston, TX 77098, USA"
"Hays Electrical Services","(281) 601-4866","electrician","4.4","54","http://www.hayselectrical.com/","411 N Sam Houston Pkwy E STE 600, Houston, TX 77060, USA"
"KT Plumbing of Spring","(281) 719-8237","plumber","4.9","52","http://www.ktplumbingspring.com/","22806 Highland Bluff Ln, Spring, TX 77373, USA"
"Pearland Plumbing Company","(281) 485-1300","plumber","4.5","52","http://www.pearlandplumbingco.com/","5204 Camden Ln, Pearland, TX 77584, USA"
"Brotherlylove Electric LLC","(346) 777-3370","electrician","4.7","52","https://brotherlyloveelectric.com/","6140 North Sam Houston Pkwy W Unit D, Houston, TX 77066, USA"
"KeyMe Locksmiths","(281) 729-4866","locksmith","4.4","52","https://key.me/kiosks/texas/houston/houston/locksmith-key-copy-houston-kroger-77042-texas","9919 Westheimer Rd, Houston, TX 77042, USA"
"D & J Electric LLC","(713) 459-1582","electrician","5","51","https://www.dandjelectric.llc/","317 E Rogers St A, Houston, TX 77022, USA"
"Al Rooter Plumbing LLC","(832) 434-5936","plumber","4.9","51","https://alrooterplumbing.com/","2890 W Sam Houston Pkwy S Suite A25, Houston, TX 77042, USA"
"Hexagon Plumbing LLC","(713) 622-2020","plumber","4.5","51","http://www.hexagonplumbing.com/","3500 E T C Jester Blvd Suite E, Houston, TX 77018, USA"
"JJ SERVICES AC AND ELECTRIC LLC","(832) 372-8903","electrician","5","51","http://www.facebook.com/JJServiceshvacr","3902 Hamid Blvd, Fresno, TX 77545, USA"
"GT Plumbing","(281) 809-8220","plumber","4.6","51","http://gtplumbingllc.com/","918 Hodgkins St, Houston, TX 77032, USA"
"RLC Plumbing Pros","(832) 780-5957","plumber","5","51","https://www.rlcplumbingpros.com/","122 Palm Terrace Blvd, Deer Park, TX 77536, USA"
"First Aid Plumbing Specialist INC","(832) 279-3065","plumber","4.9","51","","9847 Sageroyal Ln, Houston, TX 77089, USA"
"Camden Electric LLC","(832) 212-3118","electrician","4.9","50","https://camdenelectricllc.com/","3503 Robertson St, Houston, TX 77009, USA"
"TRIO Electric","(713) 957-3336","electrician","3.9","50","https://www.trioltd.com/","11413 Todd St, Houston, TX 77055, USA"
"CS Mechanical Co","(346) 449-5083","gas-engineer","4.6","50","https://www.csmechanical.co/","5512 Mitchelldale St, Houston, TX 77092, USA"
"Backup Electric","(832) 335-5548","electrician","4.8","50","","1411 E Wallisville Rd, Highlands, TX 77562, USA"
"Crystal Heating - Water- Plumbing","(281) 310-1364","plumber","3.2","50","https://sites.google.com/view/crystal-heating-water-plumbing/home","3127 Silverlake Village Dr, Pearland, TX 77584, USA"
"Harmony Electric Co., Inc.","(713) 863-8428","electrician","4.1","49","http://www.harmonyelectric.com/","811 Yale St, Houston, TX 77007, USA"
"ESP Electrical Services Houston","(832) 462-6543","electrician","4.9","48","https://espelectricalservice.com/","13171 Misty Willow Dr, Houston, TX 77070, USA"
"Mr. Plumber Quality Solutions","(713) 455-1896","plumber","3.9","48","https://mrplumber.services/","15607 E Freeway Service Rd, Channelview, TX 77530, USA"
"Varela American Electric Inc.","(832) 361-8176","electrician","4.9","48","https://www.allforelectric.com/","10535 S Wilcrest Dr Suite 110 A, Houston, TX 77099, USA"
"CLARKE PLUMBING","(346) 465-6790","plumber","5","48","https://www.clarkeplumbing.net/","14150 Huffmeister Rd Ste. 200-PMB 107, Cypress, TX 77429, USA"
"Trim Electric","(281) 376-3838","electrician","4.1","47","https://trimelectric.com/","2650 Old Louetta Loop suite 1, Spring, TX 77388, USA"
"Bobbitt Glass & Mirror Company","(713) 523-7369","glazier","3.9","47","http://www.bobbittglass.com/","807 Rochow St, Houston, TX 77019, USA"
"Missouri City Electrician | Electric City Network","(346) 297-0970","electrician","5","47","https://electriccitynetwork.com/","2322 Buttonhill Dr, Missouri City, TX 77489, USA"
"KeyMe Locksmiths","(281) 572-8705","locksmith","4.4","47","https://key.me/kiosks/texas/houston/houston/locksmith-key-copy-houston-kroger-77044-texas","14221 East Sam Houston Pkwy N, Houston, TX 77044, USA"
"Key on the spot","(713) 289-4550","locksmith","4.8","47","https://keyonthespot.net/","6532 Canal St, Houston, TX 77011, USA"
"Lightning Locksmith","(832) 358-5072","locksmith","4.7","47","https://lightninglocksmithusa.com/","2937 Westhollow Dr suite C, Houston, TX 77082, USA"
"DM Electrical and Construction LLC","(346) 773-4920","electrician","4.4","46","http://dmelectricalinc.com/","5250 Gulfton St Suite 1A-C, Houston, TX 77081, USA"
"On Time Electric","(832) 466-8463","electrician","4.4","46","http://www.ontime-electric.com/","201 Adams St, Houston, TX 77011, USA"
"Best Price Locksmiths","(832) 373-1915","locksmith","5","46","http://bestpricelocksmiths.com/","6140 North Sam Houston Pkwy W Unit A, Houston, TX 77066, USA"
"KeyMe Locksmiths","(281) 937-8399","locksmith","4.4","45","https://key.me/kiosks/texas/friendswood/friendswood/locksmith-key-copy-friendswood-kroger-77546-texas","3135 FM 528 Rd, Friendswood, TX 77546, USA"
"Hydro Jet Masters","(281) 694-7098","drain-specialist","4.7","45","https://www.hydrojet-masters.com/","6575 W Loop S 675 Floor 6, Bellaire, TX 77401, USA"
"Mr. Watts Electrical - Get Generac Generators","(346) 699-2887","electrician","3.8","45","http://www.mrwatts.com/","23645 W Hardy Rd, Spring, TX 77373, USA"
"Flow Master Plumbing inc","(832) 434-6136","plumber","4.5","44","","2410 Jamestown Mal, Houston, TX 77057, USA"
"WreckAmended Houston 24/7 Towing","(713) 922-1092","breakdown","4.5","44","https://www.wamtowing.com/","9318 Meadow Vista Blvd, Houston, TX 77064, USA"
"All-Tex Plumbing Services","(281) 469-3330","plumber","4.5","44","https://www.alltex-plumbing.com/","10635 Tower Oaks Blvd i, Houston, TX 77070, USA"
"H&M Towing Roadside Assistance","(832) 641-2563","locksmith","4.6","43","https://hmtowingroadside.com/","1726 Hugh Rd, Houston, TX 77067, USA"
"Speedway Plumbing Pasadena","(713) 321-2452","plumber","4.8","43","https://speedwayplumbers.com/","1705 Jenkins Rd, Pasadena, TX 77506, USA"
"Westgate Plumbing Services","(832) 324-3908","plumber","4.9","42","https://westgateplumbingservices.com/deerpark-tx/","206 W San Augustine St #111, Deer Park, TX 77536, USA"
"Mr. Electric of Sugar Land","(281) 990-3883","electrician","4.9","42","https://mrelectric.com/sugar-land?cid=LSTL_MRE000196&utm_source=gmb&utm_campaign=local&utm_medium=organic","77 Sugar Creek Center Blvd Suite 696-M, Sugar Land, TX 77478, USA"
"TX Metro Locksmith","(281) 616-8236","locksmith","4.1","42","https://tx-metro-locksmith.com/locksmith-houston-tx/","12122 Bob White Dr, Houston, TX 77035, USA"
"Pearland Lighting & Electric","(281) 886-3236","electrician","5","42","https://www.pearlandelectric.com/","3925 Halik St suite c, Pearland, TX 77581, USA"
"E-Zone Electric","(832) 953-2101","electrician","4.4","41","","4503 Spring Cypress Rd, Spring, TX 77388, USA"
"One Plus LLC","(832) 805-6391","drain-specialist","4.6","41","http://www.oneplusrestore.com/","6144 Airline Dr Ste# 19J, Houston, TX 77076, USA"
"KeyMe Locksmiths","(281) 595-8568","locksmith","4.4","40","https://key.me/kiosks/texas/pearland/pearland/locksmith-key-copy-pearland-kroger-77584-texas","11003 Shadow Creek Pkwy, Pearland, TX 77584, USA"
"KeyMe Locksmiths","(281) 864-3423","locksmith","3.7","40","https://key.me/kiosks/texas/houston/houston/make-cut-keys-houston-tx","14610 Memorial Dr, Houston, TX 77079, USA"
"Absolute Plumbing Services","(832) 429-3801","plumber","4.8","40","","200 E San Augustine St # 247, Deer Park, TX 77536, USA"
"Mid-West Electric Company-Houston","(713) 681-0627","electrician","4.9","40","https://mid-westelectric.com/","3828 Pinemont Dr, Houston, TX 77018, USA"
"Plumbers 911","713-999-6829","plumber","4.5","40","https://plumbers911.com","Houston, TX"
"Strutton Plumbing Company, Inc","(713) 774-9197","plumber","4.5","39","http://www.struttonplumbing.com/","5805 Cypress St, Houston, TX 77074, USA"
"Postal Station 4U -- (FEDEX, UPS, USPS, DHL)","(713) 680-3028","locksmith","4.3","39","https://www.postalstation4u.com/","3403 W T C Jester Blvd, Houston, TX 77018, USA"
"Lone Star Electrical Services","(281) 492-7200","electrician","4.8","39","http://lonestarelectricalservices.com/","16214 Tahoe Dr, Jersey Village, TX 77040, USA"
"Magna Flow Environmental","(281) 448-8585","drain-specialist","2.9","39","https://www.magna-flow.com/","14915 US-59, Humble, TX 77396, USA"
"Deerwood Air & Electrical Solutions","(281) 852-2778","electrician","4.9","39","https://deerwoodservices.com/","1920 Treble Dr, Humble, TX 77338, USA"
"Three Amigos General Contractor","(281) 988-6683","plumber","4.4","39","http://www.threeamigostexas.com/","193 Grammar Rd, Houston, TX 77047, USA"
"Divin Electrical Services, Inc.","(713) 468-6187","electrician","4.6","38","https://divinelectric.com/","1800 Sherwood Forest St # C4, Houston, TX 77043, USA"
"First Class Locksmiths","(346) 289-2282","locksmith","4.9","38","https://firstclasslocksmith.com/?utm_campaign=gmb","1002 Gemini St #136C, Houston, TX 77058, USA"
"First Source Electrical","(713) 300-7777","electrician","3.9","38","http://www.fs-electrical.com/","6355 Clara Rd #100, Houston, TX 77041, USA"
"Trinity Towing & Recovery","(832) 775-2244","breakdown","5","38","https://trinitytowingrecovery.com/","906 Ivy Ave, Deer Park, TX 77536, USA"
"KeyMe Locksmiths","(346) 372-7207","locksmith","4","38","https://key.me/kiosks/texas/houston/houston/locksmith-key-copy-houston-h-e-b-77007-texas","3663 Washington Ave Suite 100 Suite 100, Houston, TX 77007, USA"
"KeyMe Locksmiths","(346) 371-2688","locksmith","4.4","37","https://key.me/kiosks/texas/houston/houston/locksmith-key-copy-houston-h-e-b-77057-texas","5895 San Felipe St, Houston, TX 77057, USA"
"KeyMe Locksmiths","(281) 843-9084","locksmith","4.4","37","https://key.me/kiosks/texas/houston/houston/locksmith-copy-keys-houston-kroger-77062-texas","16400 El Camino Real, Houston, TX 77062, USA"
"Raven Mechanical, LP","(281) 987-1618","plumber","4.3","37","http://www.ravenmechanical.com/","1618 Buschong St, Houston, TX 77039, USA"
"Pro Max Electrical","(832) 464-4258","electrician","5","37","http://www.promaxelectrical.com/","9801 Westheimer Rd Ste 300 #1039, Houston, TX 77042, USA"
"Brick Plumbing","(832) 418-5903","plumber","5","36","http://www.brickplumbingtx.com/","1773 Hickory Pl, Pearland, TX 77581, USA"
"Helply Appliance Repair Inc.","(713) 930-2669","gas-engineer","5","36","https://appliancepartexperts.com/","2507 Estaril Cir, Houston, TX 77038, USA"
"Mega Towing Houston","(832) 844-5882","breakdown","4","36","https://mega-towing.com/","1926 Hardy St, Houston, TX 77026, USA"
"Zoom Drain","(713) 936-2493","plumber","5","36","https://www.zoomdrain.com/central-houston-texas/","827 W 34th St, Houston, TX 77018, USA"
"KeyMe Locksmiths","(281) 623-1697","locksmith","3.6","36","https://key.me/kiosks/texas/pearland/pearland/make-keys-pearland-tx","10228 Broadway St, Pearland, TX 77584, USA"
"TJAT Electrical services","(713) 859-5251","electrician","4.6","35","https://tjatelectrical.com/","13315 Veterans Memorial Dr #306, Houston, TX 77014, USA"
"Enterprise Electrical","(832) 834-7301","electrician","4.6","35","https://enterpriseelectricalco.com/","5514 Clara Rd, Houston, TX 77041, USA"
"Ozzy's Electrical Co","(713) 517-8190","electrician","4.9","35","https://ozzyselectrical.com/","2120 S Wayside Dr, Houston, TX 77023, USA"
"Warfield Electric","(281) 485-9798","electrician","4.9","35","http://www.warfieldelectricllc.com/","3600 E Walnut St, Pearland, TX 77581, USA"
"Pieper-Houston Electric L.P.","(713) 984-9342","electrician","4.3","35","http://www.pieperhouston.com/","1708 Oak Tree Dr, Houston, TX 77080, USA"
"Vossler Plumbing Company - Houston, Texas","(713) 688-2304","plumber","3.8","35","https://vosslerplumbing.com/","6117 Milwee St Ste D, Houston, TX 77092, USA"
"KeyMe Locksmiths","(512) 309-7930","locksmith","4.3","35","https://key.me/kiosks/texas/houston/midtown/make-keys-midtown-tx","2225 Louisiana St, Houston, TX 77002, USA"
"Quality Plumber Houston","(832) 979-4659","plumber","5","34","https://www.bestplumbingservicehouston.com/","12 Greenway Plz Suite 1168, Houston, TX 77046, USA"
"Wesco Systems Electrical Services","(281) 485-9304","electrician","4.9","34","https://wescosystems.com/","2007 Pinehill Dr E, Pearland, TX 77581, USA"
"PrimeGuard Water Solutions","(281) 783-6306","drain-specialist","4.9","34","https://www.primeguardwatersolutions.com/home","6575 W Loop S ste 426, Bellaire, TX 77401, USA"
"Mammoth Plumbing Services","(281) 398-1700","plumber","4.7","33","https://mammothplumbing.com/?utm_source=GMB&utm_medium=organic","3720 Greenhouse Rd, Houston, TX 77084, USA"
"KeyMe Locksmiths","(281) 549-8782","locksmith","4.3","33","https://key.me/kiosks/texas/houston/houston/locksmith-key-copy-houston-kroger-77087-texas","6322 Telephone Rd, Houston, TX 77087, USA"
"Evan Towing & Recovery","(832) 776-2880","breakdown","3.9","33","https://evantowing.com/","6015 Winsome Ln #33, Houston, TX 77057, USA"
"G&E Electrical","(346) 456-9336","electrician","5","33","https://gandeelectric.com/","5511 Garland Ave, Rosharon, TX 77583, USA"
"Blanco Electric LTD. CO. (BELCO)","(713) 686-6767","electrician","4","32","http://blancoelectric.com/","13333 Northwest Fwy Ste 200, Houston, TX 77040, USA"
"Speedway Plumbing Missouri City","(713) 481-6988","plumber","4.6","32","https://speedwayplumbingtexas.com/missouri-city/","4755 Hwy 6, Missouri City, TX 77459, USA"
"A1 Reliable Towing Pasadena","(281) 941-9113","breakdown","4.9","32","https://a1reliabletowing.autos/towing-pasadena-tx.php","608 Alvin St, Pasadena, TX 77506, USA"
"Sewer & Drain - Garbage Disposal","(281) 870-2837","plumber","2.3","32","https://sites.google.com/view/sewerdrain-garbagedisposal/home","14515 Katy Fwy, Houston, TX 77079, USA"
"Fisk Electric","(713) 868-6111","electrician","3.9","32","http://www.fiskcorp.com/","10855 Westview Dr, Houston, TX 77043, USA"
"Smart Choice Electrical","(713) 955-5350","electrician","4.8","32","https://smartchoiceelectrical.com/","1255 N Post Oak Rd #1313, Houston, TX 77055, USA"
"OMV SERVICES","(888) 701-6775","breakdown","5","32","https://omvservicestexas.com/","607 Falloon Ln, Houston, TX 77013, USA"
"Target Plumbing","(713) 291-0495","plumber","5","32","https://targetplumbingllc.com/","2870 Gessner Rd Unit C013, Houston, TX 77080, USA"
"Flat-Out Plumbing HVAC & Restoration","(832) 904-9001","plumber","4.9","32","https://flatoutplumbing.com/","616 W Virginia Ave, Houston, TX 77076, USA"
"Joe Nettles Plumbing","(713) 463-6080","plumber","3.8","32","http://www.nettlesplumbing.com/","7731 Hillmont St, Houston, TX 77040, USA"
"Allsource Electrical Technologies, LLC","(281) 451-4245","electrician","4.7","31","https://www.allsourcelectrical.com/","515 S Fry Rd #245, Katy, TX 77450, USA"
"KeyMe Locksmiths","(281) 603-9260","locksmith","4","31","https://key.me/kiosks/texas/houston/houston/locksmith-key-copy-houston-kroger-77083-texas","9303 S Texas 6, Houston, TX 77083, USA"
"Towing & Roadside Assistance of Houston","(713) 250-8840","breakdown","4.9","31","","950 Echo Ln #200, Houston, TX 77024, USA"
"Bedrock Electrical Services","(832) 713-6878","electrician","5","30","https://usmapiz.org/details/bedrock-electrical-services-ChIJfX2","11152 Westheimer Rd Suite 110, Houston, TX 77042, USA"
"Fix Up Pros","(281) 840-2716","plumber","4.9","30","http://fixuppros.com/","12103 Ella Lee Ln, Houston, TX 77077, USA"
"Newmark Air Conditioning","(713) 804-2121","gas-engineer","5","30","http://www.newmarkac.com/","2925 Richmond Ave., Houston, TX 77098, USA"
"Affordable Fleet Services","(281) 440-3533","breakdown","4.1","30","http://www.affordablefleetservices.com/","8214 Fairbanks North Houston Rd, Houston, TX 77064, USA"
"Irby Construction Company","(601) 709-4729","electrician","4.4","29","https://www.irbyconstruction.com/","318 Old Hwy 49 S, Richland, MS 39218, USA"
"CPC Trenchless LLC","(346) 202-1976","plumber","4.9","29","https://cpcexcavating.com/","7302 Senate Ave unit 1102, Jersey Village, TX 77040, USA"
"24 Hour Locksmiths","(832) 632-8381","locksmith","4.4","29","https://www.24hourlocksmithstx.com/","5550 N Braeswood Blvd, Houston, TX 77096, USA"
"Orn Plumbing","(713) 676-1954","plumber","4.5","29","","1308 Foley Rd, Crosby, TX 77532, USA"
"Ferdi Electric LLC","(832) 581-1562","electrician","5","29","https://ferdielectricllc.com/contact/","7806 Chinon Cir, Houston, TX 77071, USA"
"All American Electric LLC","(713) 999-3531","electrician","4.9","29","https://all-americanelectric.com/","9230 Keough Rd #100, Houston, TX 77040, USA"
"TriStar Plumbing Solutions","(281) 607-2204","plumber","4.3","29","","582 Westlake Park Blvd, Houston, TX 77079, USA"
"ATTIC ELECTRIC","(713) 480-4158","electrician","4.4","29","http://www.atticelectric.com/","17102 River Rd, Channelview, TX 77530, USA"
"EE Electric","(832) 475-0649","electrician","5","28","","Barker Village Ln, Katy, TX 77449, USA"
"Houston Auto Electric","(832) 537-7312","electrician","4.8","28","","9005 Bellflower St, Houston, TX 77063, USA"
"Minute Key","(281) 904-1427","locksmith","4.1","28","https://www.minutekey.com/key-services/texas/houston/locksmith-key-copy-duplication-1521-north-loop-west/632/","1521 N Loop W, Houston, TX 77008, USA"
"Texas Electrical Residential Contractors","(713) 721-4669","electrician","4","28","http://texelectrical.com/","12031 Reedcrest St, Houston, TX 77085, USA"
"Next Level Electrical Solutions, LLC","(713) 476-1414","electrician","4.9","28","http://www.nextleveles.com/","13121 Louetta Rd #440, Cypress, TX 77429, USA"
"Case Water Damage Restoration Specialists","(281) 519-8149","drain-specialist","5","28","https://casewaterstafford.com/","12700 Exchange Dr #559, Stafford, TX 77477, USA"
"KeyMe Locksmiths","(346) 233-1016","locksmith","4.4","28","https://key.me/kiosks/texas/humble/humble/locksmith-key-copy-humble-kroger-77396-texas","3820 Atascocita Road, Humble, TX 77396, USA"
"Mash Electric - Emergency Electricians in Houston","(832) 844-1853","electrician","4.9","28","https://www.mashelectric.us/","19005 FM 529 Suite 8C, Cypress, TX 77433, USA"
"10 Point Plumbing","(281) 235-3667","plumber","5","28","https://10pointplumbing.com/","11810 Cypress North Houston Rd, Cypress, TX 77429, USA"
"KeyMe Locksmiths","(713) 491-6712","locksmith","4.3","28","https://key.me/kiosks/texas/houston/westchase/key-copy-westchase-texas","9660 Westheimer Rd, Houston, TX 77063, USA"
"EE Texas Plumbing","(713) 513-0143","plumber","4.4","27","","505 N Sam Houston Pkwy E suite # 190 d, Houston, TX 77060, USA"
"Houston Door Check Repair Service","(713) 466-5550","locksmith","4","27","http://hdcdoorrepair.com/","7302 Senate Ave Suite 110, Houston, TX 77040, USA"
"All American Plumbing","(832) 280-5598","plumber","4.7","27","http://allamerican-plumbing.com/?utm_campaign=gmb","6127 Shadow Crest St, Houston, TX 77074, USA"
"United Rentals - Power & HVAC","(281) 542-5500","gas-engineer","4.5","27","https://www.unitedrentals.com/locations/tx/la-porte/power-hvac-rentals/c41?utm_source=google&utm_medium=distrib&utm_campaign=yext","8221 Hwy 225, La Porte, TX 77571, USA"
"KeyMe Locksmiths","(281) 916-3588","locksmith","4.7","27","https://key.me/kiosks/texas/houston/houston/locksmith-key-copy-houston-kroger-77019-texas","1938 W Gray St, Houston, TX 77019, USA"
"NANDEZ PLUMBING AND EXCAVATION","(832) 428-8587","plumber","4.7","27","http://nandezplumbing.com/","11332 Sageburrow Dr, Houston, TX 77089, USA"
"KeyMe Locksmiths","(346) 220-1457","locksmith","3.6","27","https://key.me/kiosks/texas/houston/houston/locksmith-key-copy-houston-kroger-77064-texas","9125 W Sam Houston Pkwy N, Houston, TX 77064, USA"
"4Eighty Electric LLC","(713) 416-1194","electrician","4.8","26","http://4eightyelectrictx.com/","9510 Kingspass St, Houston, TX 77075, USA"
"Primary Plumbing Services","(713) 643-7228","plumber","4.2","26","https://primaryplumbingservices.com/","11700 Playa Ct, Houston, TX 77034, USA"
"East Houston Towing","(713) 450-4502","locksmith","4.5","26","http://easthoustontowing.com/","1138 Freeport St, Houston, TX 77015, USA"
"KeyMe Locksmiths","(281) 843-9437","locksmith","4","26","https://key.me/kiosks/texas/missouri-city/missouri-city/locksmith-copy-keys-missouri-city-kroger-77459-texas","10250 Hwy 6, Missouri City, TX 77459, USA"
"Synergy Plumbing L.L.C.","(281) 435-2307","plumber","4.8","26","","5315b Cypress Creek Pkwy #501, Houston, TX 77069, USA"
"KeyMe Locksmiths","(281) 916-8262","locksmith","4.5","26","https://key.me/kiosks/texas/houston/houston/locksmith-key-copy-houston-kroger-77007-texas","1440 Studemont St, Houston, TX 77007, USA"
"All Approved Electrical","(713) 955-6200","electrician","4.8","25","https://allapprovedelectric.com/","6830 N Eldridge Pkwy #101, Houston, TX 77041, USA"
"House of Power Electric","(713) 349-8090","electrician","3.9","25","https://www.houseofpowerelectric.com/","14040 West Rd, Houston, TX 77041, USA"
"IFS Master Plumber","(832) 310-0514","plumber","5","25","https://ifsmasterplumberhouston.com/","21519 Briar Oak Dr, Humble, TX 77338, USA"
"Houston key locksmith west","(832) 838-9284","locksmith","5","25","https://houstonkeylocksmith.com/houston-key-locksmith-%20west/","9527 Westheimer Rd Suite H, Houston, TX 77063, USA"
"Sheffield Plumbing","(281) 677-3536","plumber","4","25","","1614 Clinton Dr, Galena Park, TX 77547, USA"
"American Plumbing & Maintenance","(281) 486-5575","plumber","4.4","25","http://americanplumbingandmaintenance.com/","10523 N P St, La Porte, TX 77571, USA"
"One Stop Towing Houston","(832) 730-2432","breakdown","4.5","24","https://onestop-towing.com/","2840 Shadowbriar Dr #215, Houston, TX 77077, USA"
"KeyMe Locksmiths","(281) 783-3764","locksmith","4.3","24","https://key.me/kiosks/texas/sugar-land/sugar-land/locksmith-key-copy-sugar-land-kroger-77478-texas","18861 University Blvd, Sugar Land, TX 77478, USA"
"Towing Spring Pros","(832) 919-8783","breakdown","4","24","https://towingspring.com/","19786 I-45, Spring, TX 77373, USA"
"Superior Plumbing Solutions LLC","(832) 314-0215","plumber","5","24","","14403 Walters Rd, Houston, TX 77014, USA"
"Speedway Plumbing 24 Hour Plumber","(713) 597-3649","plumber","4.9","24","https://missouri-city.speedwayplumbingtexas.com/","7702 Braesridge Ct, Houston, TX 77071, USA"
"JC Plumbing & Construction","(281) 879-4848","plumber","3.8","24","http://www.jcplumbingandconstruction.com/","3711 Ocee St, Houston, TX 77063, USA"
"US American Towing Services","(713) 379-5002","breakdown","4.6","24","https://www.usamericantowingservices.co/","8210 Pinemont Dr Suite C, Houston, TX 77040, USA"
"Houston Electrical, Inc","(713) 347-1479","electrician","4.6","24","http://www.prismelectric.com/","12805 Cullen Blvd, Houston, TX 77047, USA"
"Redline Towing & Recovery","(832) 396-8222","breakdown","4.6","24","","2406 Douglas St, Pearland, TX 77581, USA"
"AJ Technical Services","(832) 455-6054","electrician","4.8","24","https://www.aj-technicalservices.com/","11883 Bissonnet St, Houston, TX 77099, USA"
"Action Recovery","(281) 338-2036","breakdown","3.7","24","http://actiontowinginc.org/","8000 Galveston Rd SUITE #C, Houston, TX 77034, USA"
"Armando's Handyman Services LLC","(281) 917-8817","plumber","4.2","24","http://www.handymanmando.com/","14411 Sylvanfield Dr Suite 700, Houston, TX 77014, USA"
"Kenn's Plumbing Inc.","(713) 851-1376","plumber","5","23","https://www.kennsplumbing.com/?utm_source=google&utm_medium=business_profile&utm_campaign=website","1702 Lundy Ln, Friendswood, TX 77546, USA"
"K&R Mechanical Services","(281) 408-9414","plumber","4.4","23","https://krmechanicalsvcs.com/","12634 Haynes Rd, Houston, TX 77066, USA"
"Gilmore Plumbing & Rooter","(281) 912-6500","plumber","5","23","https://gilmoreplumbinghermosabeach.com/","17101 Kuykendahl Rd suite 815, Spring, TX 77379, USA"
"South Texas Boiler Industries","(713) 455-8880","plumber","4.6","23","http://www.stxboiler.com/","14715 East Fwy, Houston, TX 77015, USA"
"Bright Solutions Electrical Services","(832) 758-4456","electrician","4.8","23","https://www.brightsolutionelectrical.com/","Bickett Ln, Spring, TX 77373, USA"
"A to Z Car Key Replacement","(713) 454-0727","locksmith","3.3","23","http://www.azhoustoncarlocksmith.com/","7807 Long Point Rd #322, Houston, TX 77055, USA"
"Whitaker Plumbing","(281) 746-8324","plumber","4.8","23","http://whitakerplumbingtx.com/","2316 Shadow Falls Ln, Pearland, TX 77584, USA"
"Baxter Plumbing Co","(281) 478-9791","plumber","5","23","https://baxterplumbingatascocita.com/","14405 Walters Rd #412, Houston, TX 77014, USA"
"Minute Key","(346) 237-1593","locksmith","4.3","23","https://www.minutekey.com/key-services/texas/houston/locksmith-key-copy-duplication-19580-tomball-pkwy--state-hwy-249/622/","19580 TOMBALL PKWY, Texas 249 Access Rd, Houston, TX 77070, USA"
"Treasure Homes Designs - Plumbing services","(832) 874-2093","plumber","5","23","https://treasurehomesdesigns.com/","11300 Harwin Dr., Houston, TX 77072, USA"
"Dee's Plumbing","(281) 499-1628","plumber","4.8","23","http://www.deesplumbing.com/","10308 Cash Rd, Stafford, TX 77477, USA"
"Wired-up Electrical Solutions","(832) 560-0699","electrician","5","23","https://neigborelectrical.com/","5315-B Cypress Creek Pkwy #455, Houston, TX 77069, USA"
"Ally Plumbing Company","(281) 645-5872","plumber","3.7","23","","15655 Westheimer Rd, Houston, TX 77082, USA"
"Correct Electric, Inc.","(713) 921-8008","electrician","3.6","23","http://www.correctinc.com/","8208 Gulf Fwy, Houston, TX 77017, USA"
"Hot Water - Heater Group.","(346) 443-7661","plumber","4.6","23","https://sites.google.com/view/hotwater-heatergroup/home","301 Main St, Houston, TX 77002, USA"
"Powered By H","(713) 828-1020","electrician","5","22","https://www.poweredbyh.com/","2210 W 34th St Suite 700, Houston, TX 77018, USA"
"Allied Contractors | Electrician Houston TX","(713) 597-7499","electrician","5","22","https://adchq.com/","1820 Red Bluff Rd Suite A, Pasadena, TX 77506, USA"
"Minute Key","(281) 904-9787","locksmith","3.7","22","https://www.minutekey.com/key-services/texas/houston/locksmith-key-copy-duplication-6161-e--sam-houston-parkway-n-/626/","6161 East Sam Houston Pkwy N, Houston, TX 77049, USA"
"Minute Key","(281) 841-9141","locksmith","4.4","22","https://www.minutekey.com/key-services/texas/houston/locksmith-key-copy-duplication-10411-n-freeway-45/26938/?utm_source=Synup&utm_medium=GoogleMaps&utm_campaign=WSW01279","10411 North Fwy #45, Houston, TX 77037, USA"
"Ricky Plumbing LLC","(281) 323-0043","plumber","3.5","22","http://rickyplumbing.net/","3207 Shannon Ln, Humble, TX 77396, USA"
"KeyMe Locksmiths","(281) 825-3607","locksmith","4","22","https://key.me/kiosks/texas/spring/spring/key-maker-spring-texas","5671 Treaschwig Rd, Spring, TX 77373, USA"
"Allied Electrical Contractors of Houston, Inc.","(281) 405-9393","electrician","3.5","22","http://www.alliedelectrical.com/","301 Greens Landing Dr, Houston, TX 77038, USA"
"Shades of Texas - Windows, Tint & Shades","(713) 997-3331","glazier","4.8","22","https://shadesoftx.com/houston?utm_source=gmb&utm_medium=local&utm_campaign=houston","1304 Langham Creek Dr, Houston, TX 77084, USA"
"Minute Key","(281) 906-5511","locksmith","3.9","22","https://www.minutekey.com/key-services/texas/houston/locksmith-key-copy-duplication-9640-old-katy-road/615/","9640 Old Katy Rd, Houston, TX 77055, USA"
"McIntosh Electric LLC","(832) 909-1395","electrician","4.8","22","https://mcintoshelectricllc.com/","1907 Blake Rd A, Sugar Land, TX 77478, USA"
"Ally Plumbing Company","(281) 746-6637","plumber","3.3","21","","7210 Palmetto St, Manvel, TX 77578, USA"
"AAA Leaded Glass Repair and Solar Screens","(281) 441-7796","glazier","5","21","http://aaaleadedglassrepairs.com/?utm_source=gmb&utm_medium=referral","6410 Storey Dr, Humble, TX 77396, USA"
"Turbo Plumbing , Air Conditioning, Electrical & HVAC Repair Services","(281) 984-5357","plumber","4.2","21","http://www.turbohomeservices.com/","9902 Spencer Hwy, La Porte, TX 77571, USA"
"Pfeiffer & Son Ltd","(281) 471-4222","electrician","4.1","21","http://www.pfeifferandson.com/","116 N 16th St, La Porte, TX 77571, USA"
"Central Electrician","(281) 409-3030","electrician","4.8","21","https://central-electrician.ueniweb.com/?utm_campaign=gmb","2555 Central Pkwy, Houston, TX 77092, USA"
"KeyMe Locksmiths","(346) 289-2738","locksmith","4.1","21","https://key.me/kiosks/texas/houston/houston/locksmith-key-copy-houston-kroger-77077-texas","1520 Eldridge Pkwy, Houston, TX 77077, USA"
"Olmos Plumbing Pearland","(713) 566-0730","plumber","5","21","https://olmosplumbing.com/","16730 County Rd 127, Pearland, TX 77581, USA"
"CMP Plumbing, LLC","(713) 571-2474","plumber","4.8","21","http://cmpplumbingllc.com/?y_source=1_NTU3NTQyNDQtNzE1LWxvY2F0aW9uLndlYnNpdGU%3D","5803 Brookfield Dr, Houston, TX 77085, USA"
"KeyMe Locksmiths","(512) 400-3935","locksmith","3.4","20","https://key.me/kiosks/texas/houston/memorial-city/make-keys-memorial-city-tx","12850 Memorial Dr, Houston, TX 77024, USA"
"Jordan Plumbing Solutions","(713) 325-0445","plumber","5","20","https://jordanplumbinghouston.com/","500 Dallas St suite 815, Houston, TX 77002, USA"
"Towing Near Me 247 LLC Houston TX, Cheapest Tow Truck Nearby and Heavy Duty","(281) 720-2252","breakdown","4.6","20","https://www.towingnearme247.com/","14550 Fonmeadow Dr, Houston, TX 77035, USA"
"C A Electric, Electrical Contractor","(832) 387-1410","electrician","4.5","20","http://www.cacontractortx.com/","4309 Northfield Ln, Houston, TX 77092, USA"
"Ameristar Apartment Services","(713) 683-6767","glazier","4.5","20","http://www.ameristarglass.com/","9506 Bamboo Rd, Houston, TX 77041, USA"
"A&P Electric","(832) 266-7937","electrician","4.9","20","https://aandpelectrical.com/","1411 Greenoak Dr, Houston, TX 77032, USA"
"Wastewater Transport Services","(713) 828-5487","drain-specialist","4.1","20","https://www.wastewaterts.com/?utm_campaign=gmb&utm_medium=organic&utm_source=gmb","Wallisville Rd 10217 A, Houston, TX 77013, USA"
"Heating & Air Conditioning","(346) 528-4544","gas-engineer","4.6","20","","12569 Broadway St, Pearland, TX 77584, USA"
"Medina's Plumbing","(832) 441-4093","plumber","5","20","https://medinasplumbingtx.com/","4802 Gretna Green Dr, Houston, TX 77084, USA"
"KeyMe Locksmiths","(281) 532-8422","locksmith","4.5","20","https://key.me/kiosks/texas/sugar-land/sugar-land/locksmith-key-copy-sugar-land-kroger-77479-texas","4825 Sweetwater Blvd, Sugar Land, TX 77479, USA"
"KeyMe Locksmiths","(281) 612-5280","locksmith","4.2","20","https://key.me/kiosks/texas/pasadena/pasadena/locksmith-key-copy-pasadena-kroger-77504-texas","3550 Spencer Hwy, Pasadena, TX 77504, USA"
"Minute Key","(346) 500-4759","locksmith","4.5","20","https://www.minutekey.com/key-services/texas/copperfield-place/locksmith-key-copy-duplication-15555-fm529/621/","15555 FM 529, Copperfield Place, TX 77095, USA"
"KeyMe Locksmiths","(281) 336-9996","locksmith","4.8","20","https://key.me/kiosks/texas/houston/houston/locksmith-key-copy-houston-kroger-77015-texas","14710 Woodforest Blvd, Houston, TX 77015, USA"
"Gladstone Plumbing Co","(281) 612-8396","plumber","4.2","19","","9307 Harwin Dr., Houston, TX 77036, USA"
"Adam Griffith Plumbing","(281) 942-6495","plumber","4.6","19","","3320 E Broadway St, Pearland, TX 77581, USA"
"TemperaturePro","(713) 714-4674","drain-specialist","5","19","https://temperaturepro.com/new-territory-tx/?utm_source=google&utm_medium=organic&utm_campaign=gbp-houston","2525 Robinhood St, Houston, TX 77005, USA"
"Griffith Plumbing Service","(281) 677-3388","plumber","3.9","19","","9804 Broadway St, Pearland, TX 77584, USA"
"Sierra Plumbing","(281) 672-8276","plumber","4.2","19","","2826 Center St, Deer Park, TX 77536, USA"
"Minute Key","(281) 729-7424","locksmith","4.7","19","https://www.minutekey.com/key-services/texas/webster/locksmith-key-copy-duplication-19225-gulf-freeway/454/","19225 Gulf Fwy, Webster, TX 77598, USA"
"KeyMe Locksmiths","(281) 916-4746","locksmith","3.6","19","https://key.me/kiosks/texas/houston/houston/locksmith-key-copy-houston-kroger-77008-texas","1035 N Shepherd Dr, Houston, TX 77008, USA"
"VA Electrical Contractors","(855) 482-6691","electrician","3.2","19","","906 Witter St, Pasadena, TX 77506, USA"
"Minute Key","(346) 267-3290","locksmith","3.3","19","https://www.minutekey.com/key-services/texas/pearland/locksmith-key-copy-duplication-10505-w-broadway-st/25616/?utm_source=Synup&utm_medium=GoogleMaps&utm_campaign=WSW03572","10505 W Broadway St, Pearland, TX 77584, USA"
"Minute Key","(281) 678-6063","locksmith","4.4","19","https://www.minutekey.com/key-services/texas/missouri-city/locksmith-key-copy-duplication-3807-fm-1092/567/","3807 FM 1092 Rd, Missouri City, TX 77459, USA"
"Stoever-Parker Electric Inc","(713) 869-9024","electrician","3.6","19","https://spehouston.com/home","6404 Hamman St, Houston, TX 77007, USA"
"Turbo Plumbing , Air Conditioning, Electrical & HVAC Services","(281) 984-5478","plumber","4.6","19","http://www.turbohomeservices.com/","6819 Spencer Hwy, Pasadena, TX 77505, USA"
"Champion Plumbers of Texas","(346) 406-4160","plumber","4.6","18","http://www.facebook.com/championplumbers","7123 Apache St, Houston, TX 77028, USA"
"Master Plumber Services","(346) 768-3336","plumber","5","18","https://www.masterplumberservice.com/","2000 Crawford St suit 865, Houston, TX 77002, USA"
"Royal Glassworks, LLC.","(713) 254-1432","glazier","5","18","https://www.royalglassworkstx.com/","1809 Margaret St, Houston, TX 77093, USA"
"Margon Complete Electric TmeL#207743, TECL#27118","(281) 607-6720","electrician","5","18","","9726 Rustic Rock Rd, La Porte, TX 77571, USA"
"Bayou Electrical Services","(281) 215-2000","electrician","4.3","18","https://bayouelectrical.com/","8036 Miller Rd 2, Houston, TX 77049, USA"
"Berman Plumbing & Drain","(281) 688-8760","plumber","5","18","https://bermanplumbingpearland.com/","7930 Broadway St #121, Pearland, TX 77581, USA"
"Roadside Assistance Houston Pros","(281) 972-7735","breakdown","3.9","18","https://roadsideassistancehouston.com/","9711 Linkmeadow Ln APT 2, Houston, TX 77025, USA"
"Homelight Electric","(956) 476-8035","electrician","5","18","","2201 Embe St, Pasadena, TX 77502, USA"
"Locknology Security Solutions","(713) 680-1210","locksmith","4.9","18","https://locknology.net/","9995 Hempstead Rd, Houston, TX 77092, USA"
"KeyMe Locksmiths","(281) 346-9352","locksmith","4.2","18","https://key.me/kiosks/texas/houston/houston/locksmith-copy-keys-houston-kroger-77070-texas","12222 Jones Rd, Houston, TX 77070, USA"
"Chase Plumbing","(281) 645-5173","plumber","4.8","18","","5402 Broadway St, Pearland, TX 77581, USA"
"GARCIA'S ROADSIDE SERVICE","(713) 382-7536","locksmith","4.5","17","","526 Cool Spring Dr, Houston, TX 77037, USA"
"Tri Tek Plumbing","(713) 259-6919","plumber","4.4","17","https://tri-tekplumbing.com/","4177 Louetta Rd, Spring, TX 77388, USA"
"Deer Park Plumbing and Maintenance Inc.","(281) 998-8816","plumber","4.8","17","https://deerparkplumbing.my.canva.site/","4830 Red Bluff Rd Suite A, Pasadena, TX 77503, USA"
"Speedway Plumbing Houston","(713) 766-0869","plumber","4.8","17","https://speedwayplumbingtexas.com/south-houston/","5925 S Braeswood Blvd, Houston, TX 77096, USA"
"Highlights Electrical","(713) 266-6464","electrician","3.8","17","https://www.highlightselectrical.com/?utm_source=Google&utm_medium=Organic&utm_campaign=GBP","7510 Langtry St, Houston, TX 77040, USA"
"Mister Sparky","(281) 305-9855","electrician","5","17","https://www.mistersparky.com/baytown/","2125 Strawberry Rd, Pasadena, TX 77502, USA"
"Cyrex Glass & Mirror, Inc.","(713) 680-8444","glazier","4.2","16","http://www.cyrexglass.com/","7020 Windfern Rd, Houston, TX 77040, USA"
"Safeclear","(713) 881-3198","breakdown","2.8","16","https://www.houstontx.gov/towandgo/","6922 Katy Rd, Houston, TX 77024, USA"
"Larabee Plumbing Service","(281) 549-8787","plumber","3.4","16","","17280 W Lake Houston Pkwy, Humble, TX 77346, USA"
"KeyMe Locksmiths","(346) 371-2827","locksmith","4.2","16","https://key.me/kiosks/texas/spring/spring/locksmith-key-maker-spring-kroger-77379-texas","18518 Kuykendahl Rd, Spring, TX 77379, USA"
"KeyMe Locksmiths","(346) 857-0650","locksmith","4.5","16","https://key.me/kiosks/texas/houston/houston/locksmith-key-copy-houston-kroger-77023-texas","4000 Polk St, Houston, TX 77023, USA"
"Omega Electric Company","(346) 699-0268","electrician","5","16","","5110 Griggs Rd #1552, Houston, TX 77021, USA"
"LG Electrical Services","(281) 272-9130","electrician","4.8","16","http://www.lgelectricalservices.com/","13209 Ann Louise Rd, Houston, TX 77086, USA"
"Minute Key","(346) 262-3393","locksmith","4.7","16","https://www.minutekey.com/key-services/texas/houston/locksmith-key-copy-duplication-2700-s--kirkwood-road/779/?utm_source=Synup&utm_medium=GoogleMaps&utm_campaign=WSW03296","2700 S Kirkwood Rd, Houston, TX 77077, USA"
"Llaves Tenayuca 2","(832) 655-4789","locksmith","2.4","16","https://www.facebook.com/Llavestenayuca/","11006 Airline Dr, Houston, TX 77037, USA"
"Right Choice Electrical Solutions","(281) 705-2894","electrician","3.6","16","http://www.rightchoiceelectricalsolutions.com/","18062 FM 529 #203, Cypress, TX 77433, USA"
"SEAR Electric","(832) 469-6921","electrician","5","16","https://searelectric.com/","6005 Milwee St Unit 922, Houston, TX 77092, USA"
"TriStar Plumbing Solutions","(281) 549-8608","plumber","4.1","15","","119 E Dallas Rd, Fresno, TX 77545, USA"
"Simon Says Plumbing & Drain","(832) 637-7192","plumber","5","15","http://simonsaystexas.com/","County Rd 669D, Alvin, TX 77511, USA"
"All Houston Towing LLC","(713) 999-4141","breakdown","4.7","15","","13201 Northwest Fwy #800, Houston, TX 77040, USA"
"CLAD ELECTRICAL LLC","(832) 379-8329","electrician","5","15","http://cladelectrical.com/","19226 Whitewood Dr, Spring, TX 77373, USA"
"Gladstone Plumbing Co","(281) 612-5586","plumber","4.2","15","http://gladstone-co.jany.io/","1705 N Fry Rd, Katy, TX 77449, USA"
"Robertson Electric, Inc.","(281) 229-4500","electrician","5","15","http://relecttx.com/","2010 Rotary Dr, Humble, TX 77338, USA"
"OHMS Electrical Services","(713) 663-6136","electrician","4.3","15","http://www.ohmselectric.com/","8303 Dunlap St, Houston, TX 77074, USA"
"Hancock Electric Company","(832) 569-7645","electrician","3.7","15","","11035 W Fairmont Pkwy, La Porte, TX 77571, USA"
"Southern Plumbing Services","(281) 561-6326","plumber","4.5","15","https://www.southernplumbing.com/","13395 Murphy Rd, Stafford, TX 77477, USA"
"Fivestar Electricians","(713) 589-5295","electrician","5","15","https://usmapiz.org/details/fivestar-electricians-ChIJtXi","1755 Wyndale St, Houston, TX 77030, USA"
"Alief Mobile Locksmith","(832) 838-7259","locksmith","3.8","15","","0080 Bellaire Blvd, Houston, TX 77072, USA"
"Express Electrical Services Inc.","(713) 455-4928","electrician","4.9","15","","502 Freeport St, Houston, TX 77015, USA"
"Allsource Electrical Technologies, LLC Electrician","(281) 451-4245","electrician","5","15","https://www.allsourcelectrical.com/","Tower Bridge Ct, Pearland, TX 77581, USA"
"Ritter Plumbing","(281) 820-0933","plumber","4.3","15","http://www.ritterplumbing.com/","16305 Wall St, Houston, TX 77040, USA"
"L & E Electrical Services","(281) 748-1491","electrician","4.7","15","https://electricianhtx.com/houston-tx/","13020 McGowan St, Houston, TX 77034, USA"
"KeyMe Locksmiths","(346) 291-2069","locksmith","4.9","15","https://key.me/kiosks/texas/houston/houston/locksmith-key-copy-houston-kroger-77018-texas","1352 W 43rd St, Houston, TX 77018, USA"
"D & L Electric Co","(281) 987-3069","electrician","4.4","15","","15353 Vantage Pkwy E, Houston, TX 77032, USA"
"Archer Plumbing & Drain","(713) 338-2982","plumber","5","15","https://archerplumbinghouston.com/","1800 Saint James Place suite 712, Houston, TX 77056, USA"
"B & C Plumbing","(281) 821-7589","plumber","2.1","14","","22780 Cypresswood Dr, Houston, TX 77373, USA"
"Hungen Plumbing Co.","(281) 549-8925","plumber","5","14","","13010 Misty Willow Dr, Houston, TX 77070, USA"
"Towing & Roadside Assistance Of Sugar Land LLC","(713) 999-0320","breakdown","5","14","","14090 Southwest Fwy #300, Sugar Land, TX 77478, USA"
"KISS Generators","(832) 723-6030","gas-engineer","3.6","14","https://www.kissgenerators.com/","7528 Rolling Rock St, Houston, TX 77040, USA"
"TX Pasadena Plumbing","(281) 698-7536","plumber","2.6","14","http://txpasadenaplumbing.com/","5233 Fairmont Pkwy, Pasadena, TX 77505, USA"
"Kings Plumbing Service Houston","(281) 671-4203","plumber","2.9","14","https://kingsplumbingservicehouston.blogspot.com/","345 E Richey Rd A1, Houston, TX 77090, USA"
"24 HR Emergency Plumber Houston Local Pro's","(480) 701-4338","plumber","5","14","https://24hremergencyplumberlocalpros.com/houston/","7700 Fulton St, Houston, TX 77022, USA"
"Arrowhead Plumbing","(832) 906-8962","plumber","3.9","14","","4027 Hillhouse Rd, Pearland, TX 77584, USA"
"Minute Key","(346) 786-1679","locksmith","4.5","14","https://www.minutekey.com/key-services/texas/spring/locksmith-key-copy-duplication-20201-n--ih-45/493/","20201 I-45, Spring, TX 77388, USA"
"The Houston Plumbing Company","(281) 247-5055","plumber","5","14","https://www.thehoustonplumbingcompany.com/","1304 Langham Creek Dr Ste 466-B, Houston, TX 77084, USA"
"KeyMe Locksmiths","(346) 639-4598","locksmith","3.4","14","https://key.me/kiosks/texas/houston/houston/locksmith-key-copy-houston-h-e-b-77004-texas","6055 South Fwy, Houston, TX 77004, USA"
"plumbermissouricity","(346) 275-2365","plumber","5","14","http://greentreeheatingandcooling.com/Missouri-City","2240 FM 1092 Rd, Missouri City, TX 77459, USA"
"AIMS Companies","(281) 485-8816","drain-specialist","3.4","14","https://www.aimscompanies.com/","3405 Almeda Genoa Rd, Houston, TX 77047, USA"
"Citywide Plumbing Services","(713) 453-6555","plumber","4.7","14","http://www.citywideservices.net/","11127 East Sam Houston Pkwy N, Houston, TX 77044, USA"
"KeyMe Locksmiths","(346) 258-5694","locksmith","3.9","14","https://key.me/kiosks/texas/humble/humble/locksmith-key-copy-humble-kroger-77346-texas","19300 W Lake Houston Pkwy, Humble, TX 77346, USA"
"Bob plumbing repair sugar land","(832) 581-4999","plumber","4.8","13","","1650 Hwy 6 Suite 425, Sugar Land, TX 77478, USA"
"R.A. Weaver Electric, Inc.","(281) 479-4741","electrician","4.1","13","https://www.raweaverelectriciandeerpark.com/","2309 Center St A, Deer Park, TX 77536, USA"
"No1 Essential Electrician","(713) 589-6427","electrician","5","13","","2001 Westheimer Rd, Houston, TX 77098, USA"
"10 Minute Locksmith","(713) 714-4446","locksmith","5","13","","9030 North Fwy Unit 111, Houston, TX 77037, USA"
"K2M Electric","(832) 744-2722","electrician","4.7","13","","Kingwood, TX 77339, USA"
"Dash Electrician","(832) 688-4409","electrician","3.7","13","","6005 Rankin Rd, Humble, TX 77396, USA"
"Mc's Electric Services Inc.","(281) 452-1701","electrician","4.5","13","","15710 Langcart St #582, Channelview, TX 77530, USA"
"ERC Plumbing and more","(281) 948-8121","plumber","4.7","13","","5436 Margarita St, Houston, TX 77020, USA"
"Apple Plumbing LLC","(281) 277-6765","plumber","4.1","13","https://www.appleplumbingtx.com/","15302 Dora Ln, Sugar Land, TX 77498, USA"
"E3 Electric","(713) 622-1222","electrician","2.9","13","https://e3electric.com/","4545 S Pinemont Dr, Houston, TX 77041, USA"
"KeyMe Locksmiths","(346) 249-5550","locksmith","4.1","13","https://key.me/kiosks/texas/houston/houston/locksmith-key-copy-houston-kroger-77062-texas","1950 El Dorado Blvd, Houston, TX 77062, USA"
"MIDNIGHT TOWING & RECOVERY","(346) 775-6957","breakdown","3.2","13","http://midnighttowingrecovery.com/","3902 Creekmont Dr, Houston, TX 77091, USA"
"Turbo Plumbing , Air Conditioning, Electrical & HVAC Repair","(281) 519-6453","plumber","5","13","https://turbohomeservices.com/","1444 Yale Ln, Deer Park, TX 77536, USA"
"DC Plumbing Solutions","(832) 723-5232","plumber","4.7","12","https://www.dcplumbingsolutionsllc.com/","5850 San Felipe St Suite 500, Houston, TX 77057, USA"
"Royal Flush Affordable Plumbing & Drain Cleaning","(281) 612-1015","plumber","5","12","http://www.royalflushaffordableplumbing.com/","1414 Wood Hollow Dr Unit#176, Houston, TX 77057, USA"
"Melvin Electric shop","(281) 999-5895","electrician","4.3","12","http://www.melvinelectric.com/","14926 Kuykendahl Rd, Houston, TX 77090, USA"
"Turbo Plumbing , Air Conditioning, Electrical & HVAC Repair Services","(281) 984-4894","plumber","4.8","12","https://turbohomeservices.com/","1416 Southmore Ave, Pasadena, TX 77502, USA"
"Crawford Brothers Plumbing","(281) 315-9712","plumber","4.7","12","","1625 Pasadena Blvd, Pasadena, TX 77502, USA"
"IES Residential","(281) 332-7528","electrician","3.3","12","https://www.iesresidential.com/","615 N Texas Ave, Webster, TX 77598, USA"
"Vinco Electric Co Inc","(281) 485-1191","electrician","4.7","12","","3410 Swensen Rd, Pearland, TX 77581, USA"
"911 Hot Water Heater Houston","(281) 940-6742","gas-engineer","4.3","12","","5922 Richmond Ave. Ste A, Houston, TX 77057, USA"
"ER Ideal Plumbing","(281) 799-9694","plumber","5","12","https://eridealplumbing.com/?utm_source=Google&utm_medium=GMB","9757 Katy Fwy #2102, Houston, TX 77024, USA"
"El Primo Lalo Plumbing","(832) 257-7007","plumber","4.3","12","http://elprimolalo.com/","12715 Dermott Dr, Houston, TX 77065, USA"
"Horizon Plumbing & Home Services","(713) 937-8424","plumber","4","12","","7514 Pepperbrook Dr, Houston, TX 77041, USA"
"Hungen Plumbing Co.","(281) 709-2705","plumber","5","12","","3552 FM3345, Missouri City, TX 77459, USA"
"Horton Electrical Service","(832) 210-1794","electrician","3.7","12","","224 Preston Ave, Pasadena, TX 77503, USA"
"Reaper Towing & Recovery","(281) 786-6205","breakdown","5","12","https://www.facebook.com/reapertowingandrecovery/","802 Roper St, Houston, TX 77034, USA"
"Ursa Locksmith","(832) 885-5558","locksmith","5","12","https://ursalocksmith.com/","620 Murphy Rd Suite 105, Stafford, TX 77477, USA"
"Minute Key","(346) 500-7046","locksmith","5","12","https://www.minutekey.com/key-services/texas/houston/locksmith-key-copy-duplication-9460-west-sam-houston-parkway-south/794/?utm_source=Synup&utm_medium=GoogleMaps&utm_campaign=WSW03302","9460 W Sam Houston Pkwy S Walmart, Houston, TX 77099, USA"
"Texans Crown Towing - Heavy Duty & Recovery","(346) 250-1713","breakdown","4.2","12","https://texanscrowntowing.com/","15141 Adelfina St, Sugar Land, TX 77498, USA"
"KeyMe Locksmiths","(346) 233-1636","locksmith","3.9","12","https://key.me/kiosks/texas/missouri-city/missouri-city/locksmith-key-copy-missouri-city-kroger-77459-texas","6200 Hwy 6, Missouri City, TX 77459, USA"
"ALL SERVICES PLUMBING","(713) 589-5634","plumber","4.3","11","http://allservicesplumbing.net/","3620 Willowbend Blvd, Houston, TX 77054, USA"
"Hughes Systems Industrial Inc","(713) 454-1177","electrician","4.9","11","http://www.hsitx.com/","6626 Rupley Cir, Houston, TX 77087, USA"
"Southern Electrical Services","(713) 660-7344","electrician","4.6","11","https://www.southernelectrical.com/","11875 W Little York Rd #1102, Houston, TX 77041, USA"
"Aaron-Carter Electric, Inc.","(936) 587-8990","electrician","4.6","11","https://aaron-carterelectric.org/","1714 Strawn Rd, Houston, TX 77039, USA"
"Houston Northwest Plumbing","(832) 770-4276","plumber","2.5","11","http://hnwplumbing.com/","6930 Flintlock Rd, Houston, TX 77040, USA"
"Southwest Houston Plumbing","(281) 497-8551","plumber","3.9","11","","12011 Wedgehill Ln, Houston, TX 77077, USA"
"O T ELECTRIC LLC","(832) 256-1570","electrician","5","11","https://www.otelectric-htx.com/","11665 Fuqua St f609, Houston, TX 77034, USA"
"Central Electric Company","(713) 347-1513","electrician","3.9","11","","7405 Railhead Ln, Houston, TX 77086, USA"
"Max Sheffield Plumbing","(281) 238-5632","plumber","3.9","11","","12430 State Hwy 3, Webster, TX 77598, USA"
"S Branch Electric","(832) 484-0514","electrician","5","11","https://springbranchelectric.co/","1837 Huge Oaks St, Houston, TX 77055, USA"
"Coastline Electric Company, Inc.","(713) 680-9345","electrician","5","11","http://coastlineelectric.com/","3730 Creekmont Dr, Houston, TX 77091, USA"
"Hydro Jetting Masters | Sugar Land","(713) 379-4355","plumber","5","11","https://www.hydrojet-masters.com/","14090 Southwest Fwy ste 295, Sugar Land, TX 77478, USA"
"Wooding Plumbers","(832) 307-3263","plumber","4.6","10","","3717 Center St, Deer Park, TX 77536, USA"
"American Glazing Services","(832) 459-0345","glazier","5","10","https://glassandmirrorhouston.com/","1919 W Sam Houston Pkwy N #319, Houston, TX 77043, USA"
"Texas Hydro Jetting & Drain","(281) 668-5583","drain-specialist","5","10","http://hydrojettinghouston.com/","7613 Claridge Dr, Houston, TX 77071, USA"
"Minute Key","(281) 703-5087","locksmith","3.9","10","https://www.minutekey.com/key-services/texas/kingwood/locksmith-key-copy-duplication-22600-eastex-freeway-highway-59-north/613/","22600 Eastex Freeway/Highway, US-59, Kingwood, TX 77339, USA"
"Lutz Electrical Contracting LP","(281) 679-7000","electrician","4.6","10","http://lutzelectric.com/","4910 Darling St, Houston, TX 77007, USA"
"KeyMe Locksmiths","(346) 229-1949","locksmith","4.3","10","https://key.me/kiosks/texas/manvel/manvel/locksmith-key-copy-manvel-h-e-b-77578-texas","17119 Hwy 6, Manvel, TX 77578, USA"
"Herrera Plumbing Service","(832) 712-6995","plumber","4.6","10","https://www.herreraplumbing.com/","1012 Eubanks St, Houston, TX 77022, USA"
"Bergeman Plumbing","(281) 247-0435","plumber","4.9","10","https://sites.google.com/view/untitlebergeman-plumbingd-site/home","1901 Texas Pkwy, Missouri City, TX 77489, USA"
"Diaz Electrical Contracting","(832) 662-8126","electrician","3.8","10","","7515 Cemetery Rd, Manvel, TX 77578, USA"
"JK AC & Heating Services","(281) 857-5474","electrician","5","10","http://www.jk-hvac.com/","12131 Beechnut St, Houston, TX 77072, USA"
"Herrera Plumbing Service","(832) 712-6995","plumber","5","10","https://www.herreraplumbing.com/","6056 Brookglen Dr, Houston, TX 77017, USA"
"Titan Plumbing Company","(832) 349-4410","plumber","4.9","10","","8510 Shallowlake Ct, Houston, TX 77095, USA"
"RR Plumbing & Water Cleanup","(832) 501-0534","plumber","5","10","","1826 Country Pl Pkwy #101, Pearland, TX 77584, USA"
"Lanier Electrical Services","(979) 291-1653","electrician","3.8","10","","7012 Farm to Market 1960 Rd E, Humble, TX 77346, USA"
"Haven Creek Food Mart","(281) 855-0099","locksmith","4.4","10","","19940 FM 529, Cypress, TX 77433, USA"
"Alpha Electric Co.","(713) 802-1166","electrician","4.5","10","http://alphaelectricco.com/","205 North Richey Street, Pasadena, TX 77008, USA"
"Minute Key","(281) 841-8540","locksmith","3.8","10","https://www.minutekey.com/key-services/texas/houston/locksmith-key-copy-duplication-4412-north-fwy/30396/","4412 North Fwy, Houston, TX 77022, USA"
"KeyMe Locksmiths","(346) 371-2850","locksmith","3.9","10","https://key.me/kiosks/texas/houston/houston/locksmith-key-copy-houston-kroger-77090-texas","360 Cypress Creek Pkwy, Houston, TX 77090, USA"
"Residential Electrical Services Pearland, TX","(281) 489-8658","electrician","5","10","https://residentialelectricalsvcs.com/electrician-in-pearland-tx/?utm_source=GoogleMyBusiness&utm_medium=Info&utm_campaign=GMBG","2610 W Gate Dr, Pearland, TX 77581, USA"
"Gladstone Plumbing Co","(281) 823-7983","plumber","4.6","10","","13840 Pike Rd, Missouri City, TX 77489, USA"
"A. Fuller Electric, Inc.","(281) 499-5333","electrician","4.6","10","https://afullerelectric.com/","2906 5th St, Stafford, TX 77477, USA"
"Copperin Electrical Services","(281) 937-4914","electrician","4.6","10","","15500 Voss Rd Suite 566, Sugar Land, TX 77498, USA"
"Horton Electrical Service","(832) 558-7593","electrician","3","10","","7015 New Territory Blvd, Sugar Land, TX 77479, USA"
"Deer Park Mobile Locksmith","(832) 838-7210","locksmith","2.8","10","","2318 Center St, Deer Park, TX 77536, USA"
"Gen's Electrical Services","(346) 762-1990","electrician","4.8","9","https://genselectricalservices.com/","440 Louisiana St #900, Houston, TX 77002, USA"
"TJAT Electrical","(713) 859-5251","electrician","4.7","9","https://tjatelectrical.com/","1942 W Gray St, Houston, TX 77019, USA"
"Hand 2 Hand Handyman","(281) 827-8048","plumber","3.3","9","","8455 Will Clayton Pkwy, Humble, TX 77338, USA"
"Fresno Residential Electrical","(346) 472-4622","electrician","4.6","9","","12155 Hwy 6, Fresno, TX 77545, USA"
"Eliram Electrical","(832) 372-8687","electrician","4.6","9","https://eliramelectrical.com/","517 Wainwright St, Houston, TX 77022, USA"
"Z&C Plumbing","(281) 647-9470","plumber","4.4","9","","3720 Greenhouse Rd j, Houston, TX 77084, USA"
"Advanced Solutions Electric","(832) 638-5227","electrician","4.9","9","","11020 Katy Fwy Copy Alcove, Houston, TX 77043, USA"
"Persons Services Corp - Texas","(832) 777-0745","gas-engineer","4.9","9","http://www.personsservices.com/","6435 Storey Dr, Humble, TX 77396, USA"
"RJC ROADSIDE LLC","(281) 504-7431","breakdown","4.6","9","","3001 Dove Country Dr, Stafford, TX 77477, USA"
"Rizzo Electric","(979) 291-1283","electrician","4.1","9","","2801 Dulles Ave, Missouri City, TX 77459, USA"
"Brady Plumbing & Heating","(281) 410-1890","plumber","4.1","9","https://sites.google.com/view/bradyplumbingheating/home","129 W Parkwood Ave, Friendswood, TX 77546, USA"
"Almighty Electric","(281) 853-4113","electrician","5","9","https://almightyelectricllc.com/","6618 Maybank Dr, Houston, TX 77055, USA"
"Magic's Roadside Assistance","(281) 754-3789","breakdown","5","9","http://www.magicsroadsideassistance.com/","1506 Plumwood Dr, Houston, TX 77014, USA"
"Lampert Electrical Services Katy","(832) 558-5524","electrician","3.8","9","","20442 Westfield Pkwy, Katy, TX 77449, USA"
"RG Plumbing, Inc.","(832) 969-4101","plumber","5","8","http://www.rgplumbinginc.com/","6815 Easthaven Blvd Suite C200, Houston, TX 77017, USA"
"Hart Plumbing Southwest","(281) 565-4278","plumber","4","8","http://www.hartplumbingsouthwest.com/","142 Eldridge Rd STE A, Sugar Land, TX 77478, USA"
"McCune Electrical Service","(713) 856-9730","electrician","3.6","8","http://www.mccuneelectric.com/","8312 W Little York Rd, Houston, TX 77040, USA"
"A Plus Towing and Recovery LLC","(346) 562-4522","breakdown","2.5","8","","4508 Oates Rd, Houston, TX 77013, USA"
"plumbingpasadenatx","(346) 275-3342","plumber","4.1","8","http://local-hvac-expert.com/Pasadena-tx","6804 Spencer Hwy, Pasadena, TX 77505, USA"
"All Or Nothing United Electrical L.L.C","(713) 231-7151","electrician","4.5","8","","5020 East Sam Houston Pkwy N, Houston, TX 77015, USA"
"Allen Plumbing Co","(713) 683-0448","plumber","4.8","8","http://www.allenplumbing.com/","2330 Harwood Dr, Houston, TX 77055, USA"
"Diamond Electrical Services","(254) 233-7127","electrician","3","8","","4200 Fairmont Pkwy, Pasadena, TX 77504, USA"
"Arnold Electrical service","(936) 499-4616","electrician","4.5","8","","1111 Romaine Ln, Houston, TX 77090, USA"
"A Plumber Service","(713) 955-6664","plumber","5","8","https://www.aplumberservice.com/","2406 Wheeler Ave, Houston, TX 77004, USA"
"Zavala Electrical Services","(713) 248-6624","electrician","4","8","","12816 Shadow Canyon Ln, Pearland, TX 77584, USA"
"Excel Electricians-Houston","(281) 892-1321","electrician","5","8","https://excelelectricians.com/excel-electricians-houston/","2400 Briarwest Blvd #1011, Houston, TX 77077, USA"
"HPI, LLC","(713) 457-7500","gas-engineer","4.4","8","http://www.hpi-llc.com/","15534 W Hardy Rd, Houston, TX 77060, USA"
"Plumbing Stafford TX","(281) 607-1412","plumber","4","8","http://plumbingstaffordtx.com/","4138 Bluebonnet Dr, Stafford, TX 77477, USA"
"vicast llc, dba Vicast Electric","(832) 292-3598","electrician","4.5","8","","9018 Ruland Rd suite 5, Houston, TX 77055, USA"
"Envoy Electric Corporation","(832) 656-8620","electrician","4","8","https://www.envoyelectriccorp.com/","237 De Haven St, Houston, TX 77029, USA"
"Richard Electrical Services Fresno","(832) 536-5152","electrician","4","8","","109 E Dallas Rd, Fresno, TX 77545, USA"
"Upstream International, LLC","(281) 265-0033","gas-engineer","5","8","http://upstintl.com/","15140 Southwest Fwy C, Sugar Land, TX 77478, USA"
"Texans Crown Towing -- Heavy Duty and Recovery","(346) 471-3445","breakdown","3.8","8","https://texanscrowntowing.com/","8635 Schumacher Ln, Houston, TX 77063, USA"
"Flat Out Plumbing & Restoration","(832) 904-9001","plumber","5","8","http://flatoutplumbing.com/","616 W Virginia Ave, Houston, TX 77076, USA"
"Assurance Electric","(281) 997-2512","electrician","3.9","7","http://www.assuranceelectric.com/","14017 Hatfield Rd, Pearland, TX 77581, USA"
"Prism Electric","(713) 864-7800","electrician","4","7","http://prismelectric.com/","6522 Bourgeois Rd, Houston, TX 77066, USA"
"KeyMe Locksmiths","(346) 384-9050","locksmith","4.3","7","https://key.me/kiosks/texas/houston/houston/locksmith-copy-keys-houston-kroger-77015-texas","12620 Woodforest Blvd, Houston, TX 77015, USA"
"Practical Plumbing and Rooter","(281) 305-8196","plumber","3.9","7","https://sites.google.com/view/practicalplumbingandrooter/home","10505 Broadway St, Pearland, TX 77584, USA"
"JV Houston Plumbing","(832) 314-0124","plumber","3.9","7","https://jvhoustonplumbing.com/","11881 Gulf Pointe Dr, Houston, TX 77089, USA"
"Flushing Slow - Toilet Fixtures","(281) 783-4123","plumber","4.3","7","","513 Pecan St, Fresno, TX 77545, USA"
"Webster Plumbing Electrical Sewer Heating & Air Conditioning Repair Co.","(281) 488-3585","plumber","4.4","7","","15502 State Hwy 3, Webster, TX 77598, USA"
"Texans Crown Towing -- Heavy Duty and Recovery","(346) 250-5312","breakdown","3.3","7","https://texanscrowntowing.com/","2391 S Wayside Dr, Houston, TX 77023, USA"
"Perfection Electric of Texas","(713) 530-0865","electrician","3.9","7","https://petexas.us/?utm_campaign=gmb","9125 Airport Blvd Suit C2, Houston, TX 77061, USA"
"Mockingbird Electric","(832) 230-5883","electrician","2.7","7","","2950 Shaver St Suite D-14, Pasadena, TX 77502, USA"
"Baez Electrical","(832) 865-2246","electrician","5","7","https://baezelectrical.com/","8581 Mosley Rd suite 17, Houston, TX 77075, USA"
"Water Heater West University Place TX","(281) 560-3487","plumber","4","7","http://www.waterheaterwestuniversityplace.com/","2617 W Holcombe Blvd, Houston, TX 77025, USA"
"Auto Key Copy","(281) 810-7821","locksmith","3.7","7","","5455 Court Rd, Houston, TX 77053, USA"
"Tetra Tech","(281) 645-4190","gas-engineer","4.4","7","http://www.tetratech.com/","11615 N Houston Rosslyn Rd, Houston, TX 77086, USA"
"Legend Glass & Services Inc.","(713) 820-1981","glazier","3.3","7","https://legendglasshou.com/","6005 Milwee St Unit 1003, Houston, TX 77092, USA"
"Sterling Electrician","(832) 895-7449","electrician","3.9","7","","211 Westheimer Rd, Houston, TX 77006, USA"
"Texas Best Towing & Heavy Duty Wrecker In Spring Tx","(713) 859-1424","breakdown","5","6","https://txbesttowing.com/service-area/heavy-towing-spring-tx","21403 Barcarole Dr, Spring, TX 77388, USA"
"Pacific Electrical Contracting","(979) 269-8838","electrician","5","6","https://usmapol.org/details/pacific-electrical-contracting-ChIJ7w8","7024 Old Katy Rd, Houston, TX 77024, USA"
"MTM Electrical Corporation","(713) 699-1109","electrician","3.8","6","http://www.mtmelectric.com/","316 E Burress St, Houston, TX 77022, USA"
"Bmi Electrical Contractors Inc.","(281) 455-4856","electrician","3.7","6","https://bmielectric.com/","3166 Brownie Campbell Rd, Houston, TX 77038, USA"
"Benchmark Electrical","(832) 400-5332","electrician","3.8","6","","1230 East Blvd, Deer Park, TX 77536, USA"
"24/7 Water Heaters Service Sugar Land","(346) 569-8039","plumber","4.3","6","https://sites.google.com/view/247waterheatersservicesugarlan/home","16549 Southwest Fwy, Sugar Land, TX 77479, USA"
"(Tank/ Tankless) Heating And Cooling LLC","(346) 441-4504","plumber","4.8","6","https://sites.google.com/view/tanktanklessheatingandcoolingl/home","4641 FM 521 Rd, Fresno, TX 77545, USA"
"Park's Groves Electrical Repairs","(281) 915-0231","electrician","5","6","","10869 W Fairmont Pkwy, La Porte, TX 77571, USA"
"Grand Electrical & AC Repairs","(281) 916-8063","electrician","4.3","6","","1034 W Sycamore Rd, Fresno, TX 77545, USA"
"Pro Max Electrical","(832) 464-4258","electrician","5","6","https://www.promaxelectrical.com/","14150 Huffmeister Rd Ste 200 #1032, Cypress, TX 77429, USA"
"Minute Key","(346) 267-4344","locksmith","4.8","6","https://www.minutekey.com/key-services/texas/pearland/locksmith-key-copy-duplication-1919-n--main-st-/13425/?utm_source=Synup&utm_medium=GoogleMaps&utm_campaign=WSW00872","1919 N Main St, Pearland, TX 77581, USA"
"Minute Key","(346) 267-4086","locksmith","3","6","https://www.minutekey.com/key-services/texas/pearland/locksmith-key-copy-duplication-2741-broadway-street/535/","2741 Broadway St, Pearland, TX 77581, USA"
"Minute Key","(346) 324-2463","locksmith","4.2","6","https://www.minutekey.com/key-services/texas/missouri-city/locksmith-key-copy-duplication-5501-highway-6/2068/?utm_source=Synup&utm_medium=GoogleMaps&utm_campaign=WSW02505","5501 Hwy 6, Missouri City, TX 77459, USA"
"Minute Key","(281) 904-9699","locksmith","4.7","6","https://www.minutekey.com/key-services/texas/houston/locksmith-key-copy-duplication-10750-westview-dr/13601/","10750 Westview Dr, Houston, TX 77043, USA"
"Backbone Plumbing","(361) 240-6024","plumber","4.8","6","https://www.backboneplumbinghtx.com/","8001 Almeda Genoa Rd, Houston, TX 77075, USA"
"Tetra Tech","(832) 251-5160","gas-engineer","5","6","http://www.tetratech.com/","1500 CityWest Blvd Ste. 1000, Houston, TX 77042, USA"
"Tank & Tankless Water Heaters South Houston TX","(281) 215-3726","plumber","4.7","6","","513 College Ave, South Houston, TX 77587, USA"
"Hot Water Heater Stafford","(281) 849-3230","gas-engineer","4.3","6","http://waterheaterrepairstafford.com/","12450 Southwest Fwy, Stafford, TX 77477, USA"
"Water Heaters Leaking Dallas TX","(214) 519-8146","plumber","5","6","http://waterheatersleaking.com/","10730 Eastex Fwy, Houston, TX 77039, USA"
"Hart HVAC and Electric","(682) 418-5981","gas-engineer","5","6","https://www.harthvac.net/","19005 FM 529 #6G, Cypress, TX 77433, USA"
"24 Hr Emergency Board Up Services","(832) 712-2444","glazier","3.7","6","http://www.24hremergencyboardup.com/","7050 Brookhollow W Dr #40400, Houston, TX 77040, USA"
"Houston Best Heavy Duty Towing & Wrecker","(619) 939-4656","breakdown","4.3","6","https://www.bestheavydutytowing.com/","3202 Jeanetta St, Houston, TX 77063, USA"
"Texans Crown Towing - Heavy Duty & Recovery","(346) 250-1341","breakdown","3","6","https://texanscrowntowing.com/","1880 S Dairy Ashford Rd, Houston, TX 77077, USA"
"Water Heater Repair Galena Park TX","(281) 206-4215","plumber","4.5","6","http://waterheaterrepairgalenapark.com/","2215 Clinton Dr, Galena Park, TX 77547, USA"
"Arrowhead Electrical Repairs","(832) 583-2044","electrician","5","5","","310 W Sycamore Rd, Fresno, TX 77545, USA"
"Facilities Electric","(713) 647-6767","electrician","4.8","5","https://facilitieselectric.com/","12933 Brittmoore Park Dr, Houston, TX 77041, USA"
"Texans Crown Towing - Heavy Duty & Recovery","(713) 370-5101","breakdown","4.2","5","https://texanscrowntowing.com/","1027 Imperial Heights Dr, Houston, TX 77073, USA"
"Richmonds Electrical Repairs","(281) 823-9233","electrician","5","5","","20910 Hwy 6, Manvel, TX 77578, USA"
"Montrose Environmental Group, Inc.","(713) 946-6222","gas-engineer","4.8","5","https://montrose-env.com/","314 Deerwood Glen Dr, Deer Park, TX 77536, USA"
"Clarke Reynolds Electric Co","(713) 723-6648","electrician","5","5","","1840 Johanna Dr, Houston, TX 77055, USA"
"plumbingspring","(346) 571-9130","plumber","5","5","http://plumbingspring.com/contact.html","25520 Aldine Westfield Rd, Spring, TX 77373, USA"
"Maple Electrical","(832) 219-7524","electrician","4.6","5","","9900 Westpark Dr #100, Houston, TX 77063, USA"
"Alltech Solutions Electrical Constructors","(281) 813-1928","electrician","4.2","5","http://alltechec.com/","3511 Watters Rd, Pasadena, TX 77504, USA"
"J S Electric","(713) 686-6500","electrician","3.2","5","https://www.jselectricalcontractors.com/","6205 W 34th St STE C, Houston, TX 77092, USA"
"Service Squad of Stafford","(800) 381-1795","plumber","4.2","5","http://servicesquads.com/?utm_campaign=gmb","435 Murphy Rd Suite B1-121, Stafford, TX 77477, USA"
"GreenLite Services LLC","(832) 604-6373","glazier","4.8","5","http://www.greenliteservices.com/","11303 Jones Rd W E, Houston, TX 77065, USA"
"24/7 water heater repairs Hilshire Village TX","(713) 487-8865","gas-engineer","4.6","5","https://sites.google.com/view/247-water-heater-repairs-hilsh/home","1249 Ridgeley Dr, Houston, TX 77055, USA"
"Heaven Plumbing Services","(281) 912-5432","plumber","3.4","5","","15223 Dunstable Ln, Channelview, TX 77530, USA"
"Minute Key","(281) 910-3563","locksmith","5","5","https://www.minutekey.com/key-services/texas/friendswood/locksmith-key-copy-duplication-150-w-el-dorado-blvd/27103/?utm_source=Synup&utm_medium=GoogleMaps&utm_campaign=WSW01062","150 W El Dorado Blvd, Friendswood, TX 77546, USA"
"Stallion Oilfield Services","(713) 528-5544","gas-engineer","4.2","5","https://www.stallionoilfield.com/","950 Corbindale Rd #400, Houston, TX 77024, USA"
"Illuminating Within Electric","(832) 812-9564","electrician","2.6","5","","18785 Clay Rd, Houston, TX 77084, USA"
"Texans Crown Towing - Heavy Duty and Recovery","(346) 702-3011","breakdown","4.2","5","https://texanscrowntowing.com/","18955 Beechnut Rd, Richmond, TX 77407, USA"
"Repipe Plumbing Sewer & Drain Services","(832) 961-3888","plumber","5","5","http://repipeplumbingservices.com/","9950 Westpark Dr Suite 446, Houston, TX 77063, USA"
"J&J Electrical Contractors","(832) 744-9350","electrician","5","5","","609 Sharon Dr, Humble, TX 77338, USA"
"GENRG Electrical Solutions","(713) 644-2051","electrician","4","5","https://genrgelectricalsolutions.com/","6329 Dixie Dr, Houston, TX 77087, USA"
"Wild Well Control","(281) 784-4700","gas-engineer","4","5","http://www.wildwell.com/","2202 Oil Center Ct, Houston, TX 77073, USA"
"Electrical Services & Control of Houston","(713) 379-2786","electrician","5","5","","4909 Kelley St, Houston, TX 77026, USA"
"Britain Electric Company","(713) 228-6635","electrician","4.2","5","http://britainelectric.com/","14149 Westfair E Dr, Houston, TX 77041, USA"
"Water Heater Repair Jersey Village TX","(281) 940-5581","plumber","3.2","5","http://www.jerseyvillagewaterheaters.com/","17504 Northwest Fwy, Jersey Village, TX 77065, USA"
"GDR Electrical Repairs","(972) 961-4077","electrician","5","5","","1962 S Houston Ave, Humble, TX 77396, USA"
"Water Heater Stafford TX","(281) 504-7362","drain-specialist","4.8","5","","11382 Fountain Lake Dr, Stafford, TX 77477, USA"
"ServeStar Plumbing","(866) 782-7701","plumber","4","4","https://www.servestars.com/","13953 Fondren Rd Building A, Missouri City, TX 77489, USA"
"Best Heavy Duty Towing & Wrecker Houston","(619) 939-4656","breakdown","3","4","https://www.bestheavydutytowing.com/","2330 Holmes Rd, Houston, TX 77051, USA"
"plumbingofspring","(832) 521-8641","plumber","5","4","https://plumbingofspring.com/","3405 Farm to Market 2920, Spring, TX 77388, USA"
"Pasadena Plumbing Services Inc","(281) 487-4688","plumber","5","4","http://www.pasadenaplumbingservices.com/","505 Illinois St, South Houston, TX 77587, USA"
"Humbles Electrician","(346) 375-7340","electrician","5","4","https://usmapol.org/details/humbles-electrician-ChIJT09","5873 Farm to Market 1960 Rd E, Humble, TX 77346, USA"
"Mercury plumbing, Inc.","(281) 606-5209","plumber","3","4","https://sites.google.com/view/mercury-plumbing-inc/home","4159 FM 521 Rd, Fresno, TX 77545, USA"
"Sterling Electrician","(832) 400-6541","electrician","4","4","","1613 N Main St, Pearland, TX 77581, USA"
"Bosshamer Glass Co Inc","(713) 937-3917","glazier","4.8","4","","8610 Fairbanks North Houston Rd, Houston, TX 77064, USA"
"Pro Plumber Cypress Inc.","(832) 427-6455","plumber","5","4","http://proplumbercypressinc.com/","18701 Clay Rd Suite B, Houston, TX 77084, USA"
"Mako Industries","(832) 680-1300","gas-engineer","4","4","https://makoind.com/","12633 Reed Rd, Sugar Land, TX 77478, USA"
"M-Tech Electric LLC","(832) 538-0648","electrician","4","4","https://mtechelectric.com/","10959 Cutten Rd, Houston, TX 77066, USA"
"Tony electric services","(832) 258-8275","electrician","5","4","https://www.facebook.com/tonyelectricservices","1227 Magnolia Bloom Trail, Houston, TX 77073, USA"
"Water Damage Restoration PDQ of Pearland","(281) 801-5871","drain-specialist","3","4","","11200 Broadway St, Pearland, TX 77584, USA"
"McCune Electrical Service","(281) 645-9733","electrician","4.8","4","http://www.mccuneelectric.com/","10126 Jensen Dr, Houston, TX 77093, USA"
"Private property towing roadside assistance & repossession services","(832) 396-3272","breakdown","4","4","https://www.houstontexastowing.net/","7200 Eldridge Pkwy suit b, Houston, TX 77083, USA"
"Plumbing Houston","(832) 404-6144","plumber","5","4","https://plumbinghouston.com/","6020 Jessamine St #207, Houston, TX 77081, USA"
"Windsor Electrical Services Inc","(281) 494-5225","electrician","3.3","4","https://windsorelectricalservice.com/","13709 Old Richmond Rd, Sugar Land, TX 77498, USA"
"Atteris - Houston","(832) 390-2251","plumber","5","4","https://atteris.com.au/","2800 Post Oak Blvd #4100, Houston, TX 77056, USA"
"Key Programming Pasadena TX","(281) 215-3560","locksmith","2","4","","3602 Fairmont Pkwy, Pasadena, TX 77504, USA"
"plumberpearland","(346) 667-5742","plumber","5","4","https://plumber-pearland.com/contact-us.html","2118 N Main St, Pearland, TX 77581, USA"
"MC Electrical Services","(832) 435-9122","electrician","5","4","","826 Hahlo St, Houston, TX 77020, USA"
"24/7 Water Heaters Service Humble","(281) 301-5795","plumber","4","4","","217 S Avenue G, Humble, TX 77338, USA"
"Minute Key","(346) 337-4803","locksmith","2.5","4","https://www.minutekey.com/key-services/texas/katy/locksmith-key-copy-duplication-6060-n--fry-rd-/13459/?utm_source=Synup&utm_medium=GoogleMaps&utm_campaign=WSW04538","6060 N Fry Rd, Katy, TX 77449, USA"
"Osmin Bonilla Electrician","(832) 352-5304","electrician","5","4","","538 Melbourne St, Houston, TX 77022, USA"
"Cummings Electrical","(346) 396-0500","electrician","4.5","4","http://www.cummingselec.com/","4540 Kendrick Plaza Dr #140, Houston, TX 77032, USA"
"Rulon Electric Company","(713) 524-9662","electrician","4","4","http://www.rulonelectric.com/","3145 Fall St, Houston, TX 77054, USA"
"DNS Electrical Contractors LLC","(832) 629-7493","electrician","5","4","","1115 Frankie St, Houston, TX 77015, USA"
"Tx-Star Plumbing","(713) 205-9629","plumber","5","4","http://tx-star.plumbing/?utm_source=gmb&utm_medium=referral","12806 Kingsbridge Ln, Houston, TX 77077, USA"
"Ramiro Roadside assistance lockout & battery jumpstart","(832) 419-0505","breakdown","5","4","","12441 Palmfree St, Houston, TX 77034, USA"
"Atlas Field Services","(281) 407-2454","gas-engineer","3","4","http://atlasfieldservice.com/","3900 Essex Ln #775, Houston, TX 77027, USA"
"All Services Handyman","(713) 623-1731","electrician","3.5","4","http://www.allserviceshouston.com/","6102 Bayou Bridge Dr #3704, Houston, TX 77096, USA"
"Tap Electric","(832) 668-0217","electrician","4","4","http://tapelectrictexas.com/","8508 Beechnut St, Houston, TX 77036, USA"
"J.P. Morin Company, LLC","(281) 469-8473","electrician","4.8","4","http://www.jpmorincompany.com/","12203 Old Huffmeister Rd, Cypress, TX 77429, USA"
"Sabre Electric Co","(713) 984-2761","electrician","5","4","http://sabreelectrichouston.com/","10216 Georgibelle Dr # 600, Houston, TX 77043, USA"
"EDH Plumbing Contractors","(713) 460-0666","plumber","4","4","http://www.edhplumbingcontractors.com/","8215 Castleford St, Houston, TX 77040, USA"
"Lampert Electrical Services","(979) 243-6292","electrician","5","4","https://usmapol.org/details/lampert-electrical-services-ChIJsRO","9219 Katy Fwy, Houston, TX 77024, USA"
"ADVANCE SERVICE TECH","(346) 245-3332","electrician","5","4","http://advanceservicetech.com/","11812 Proctor St suite A, Houston, TX 77038, USA"
"Parker Wellbore","(281) 406-2000","gas-engineer","4.8","4","https://parkerwellbore.com/","2103 CityWest Blvd Suite 400, Houston, TX 77042, USA"
"Romo Electric Inc","(281) 441-3109","electrician","4","4","https://romoelectric.com/","6111 Roberta Ln, Humble, TX 77396, USA"
"IES Residential (Corporate)","(800) 847-5778","electrician","2","4","https://www.iesresidential.com/","13131 Dairy Ashford Rd Suite 700, Sugar Land, TX 77478, USA"
"Sugar Land Electrical Pros","(832) 244-1410","electrician","3.5","4","","5826 New Territory Blvd #526, Sugar Land, TX 77479, USA"
"RCS (Refractory Construction Services)","(281) 335-3633","gas-engineer","3.8","4","http://refconserv.com/","1109 W 13th St, Deer Park, TX 77536, USA"
"Orbital Engineering, Inc.","(832) 769-3030","gas-engineer","4.7","3","http://www.orbitalengr.com/","718 FM1959, Houston, TX 77034, USA"
"24/7 Water Heater Repairs Sugar Land TX","(832) 225-2933","plumber","3.7","3","https://sites.google.com/view/247waterheaterrepairssugarland/home","716 Hwy 6, Sugar Land, TX 77478, USA"
"Pro-Pipe","(800) 784-7473","gas-engineer","3","3","http://www.pro-pipe.com/","7930 Pinemont Dr, Houston, TX 77040, USA"
"911 Water Heater","(281) 631-3182","gas-engineer","3.7","3","https://911waterheateraldine.com/","680 Aldine Mail Rte Rd, Houston, TX 77037, USA"
"Service Worxs","(832) 422-6985","plumber","2","3","","2101 S Memorial Ct, Pasadena, TX 77502, USA"
"Preferred Electric Inc.","(281) 609-7252","electrician","3.7","3","https://preferredelectric-inc.com/contact-us/","16273 North Fwy, Houston, TX 77090, USA"
"Star Engineering Services Inc","(281) 453-7300","gas-engineer","3.7","3","http://www.starengr.com/","4201 Cypress Creek Pkwy STE 435, Houston, TX 77068, USA"
"Commercial Electrician in Stafford","(281) 499-5333","electrician","5","3","https://www.texas-electrical.com/electrician-in-stafford/","12219 Murphy Rd, Stafford, TX 77477, USA"
"Guerrero Electrical Services","(832) 238-1291","electrician","4.3","3","","10930 Drakeland Dr, Humble, TX 77396, USA"
"T & T Electric","(281) 988-4887","electrician","5","3","http://www.tntelectric.net/","12773 Beechnut St, Houston, TX 77072, USA"
"24hourplumberspringtx","(281) 606-5932","plumber","5","3","https://24hourplumberspringtx.com/contact-24-hour-plumber-spring-tx.html","21755 North Fwy, Spring, TX 77388, USA"
"Upton Electrical Contracting, LLC","(281) 790-9044","electrician","5","3","http://www.uptonec.com/","5920 N Sam Houston Pkwy E Suite 107, Humble, TX 77396, USA"
"24 HR Emergency Plumber Houston Inc","(713) 352-8040","plumber","5","3","","7305 Navigation Blvd ste 53, Houston, TX 77011, USA"
"Power Water & Heating","(346) 441-4490","plumber","4.7","3","https://powerplumbingrepair.com/","3303 Kirby Dr, Houston, TX 77098, USA"
"Harbinger Electric Inc","(713) 721-5490","electrician","3.7","3","http://www.harbingerelectric.com/","11805 Chimney Rock Rd #35503, Houston, TX 77035, USA"
"Shango Electrical Services","(346) 300-3640","electrician","5","3","http://shangoelectrical.com/","3243 Knotty Oaks Trail, Houston, TX 77045, USA"
"Texans Crown Towing - Heavy Duty & Recovery","(346) 445-7813","breakdown","5","3","https://texanscrowntowing.com/","1904 Spencer Hwy, South Houston, TX 77587, USA"
"VR ELECTRICAL SERVICES LLC","(832) 931-4676","electrician","5","3","","14446 Brownsville St, Houston, TX 77015, USA"
"Appleton Electric Co","(281) 774-3700","electrician","5","3","","13639 Aldine Westfield Rd, Houston, TX 77039, USA"
"Change Locks Missouri City","(281) 410-1159","locksmith","4.3","3","","6120 Hwy 6, Missouri City, TX 77459, USA"
"SAMEDAY ELECTRICAL SERVICES","(713) 832-9453","electrician","3.7","3","http://houstonemergencyelectrician.com/","4001 Woodhaven St, Houston, TX 77054, USA"
"Electrician in Houston","(281) 645-9614","electrician","5","3","","14329 Main St, Houston, TX 77030, USA"
"Best Heavy Duty Towing Sugar Land","(619) 939-4656","breakdown","5","3","https://www.bestheavydutytowing.com/","15646 Ennis Rd, Sugar Land, TX 77498, USA"
"Minute Key","(346) 324-1187","locksmith","3.7","3","https://www.minutekey.com/key-services/texas/humble/locksmith-key-copy-duplication-6626-fm-1960-rd--e-/13379/","6626 Farm to Market 1960 Rd E, Humble, TX 77346, USA"
"Minute Key","(346) 436-0185","locksmith","2.3","3","https://www.minutekey.com/key-services/texas/crosby/locksmith-key-copy-duplication-14215-fm-2100-rd/25917/","14215 FM 2100, Crosby, TX 77532, USA"
"S & S Lock and Key","(281) 806-4744","locksmith","3.7","3","https://sandslocksandkeys.com/","H, 1830 Hwy 6 S Suite, Houston, TX 77077, USA"
"Triple J Plumbing Services LLC","(713) 893-7051","plumber","5","3","https://www.triplejplumbingservices.net/","2711 Lilac St, Pasadena, TX 77503, USA"
"Acacias Plumbing | Emergency Plumber, Water Line Repair, Tankless Water Heater Repair and Installation Sugar Land, TX","(832) 345-1874","plumber","5","2","https://acaciasplumbing.com/sugar-land/?utm_source=google&utm_medium=search_engine&utm_campaign=gmb","77 Sugar Creek Center Blvd Ste 600, Sugar Land, TX 77478, USA"
"Dj's Electrical Services","(832) 865-8251","electrician","5","2","","13778 Sablesprings Ln, Houston, TX 77014, USA"
"24/7 water heater repairs Houston","(832) 304-0014","gas-engineer","4.5","2","https://sites.google.com/view/247waterheaterrepairshouston/home","2621 Westpark Dr, Houston, TX 77098, USA"
"Electrical Repair & Upgrades","(281) 408-2288","electrician","1.5","2","","10990 Highland Meadow Village Dr #1506, Houston, TX 77089, USA"
"KeyMe Locksmiths","(346) 384-8634","locksmith","3","2","https://key.me/kiosks/texas/humble/humble/locksmith-key-copy-humble-kroger-77338-texas","9475 Farm to Market 1960 Bypass Rd W, Humble, TX 77338, USA"
"Ultron Electric","(832) 498-3509","electrician","5","2","","8618 Birdwood Rd, Houston, TX 77074, USA"
"Key Fob Replacement Manvel TX","(281) 305-3183","locksmith","1","2","","17518 Hwy, Manvel, TX 77578, USA"
"Romy's Plumbing Inc","(346) 437-3602","plumber","4.5","2","","818 E Louetta Rd Ste 100, Spring, TX 77373, USA"
"Best Heavy Duty Towing","(619) 939-4656","breakdown","5","2","https://www.bestheavydutytowing.com/","921 Pasadena Fwy, Pasadena, TX 77506, USA"
"A&M locksmith East Houston","(713) 789-5625","locksmith","3","2","http://www.a-mmobilelocksmith.com/","7250 Market St, Houston, TX 77020, USA"
"Sugar Land TX Water Heater Repairs","(281) 241-9917","plumber","5","2","https://sites.google.com/view/sugar-land-tx-water-heater-rep/home","16135 City Walk, Sugar Land, TX 77479, USA"
"Houston Electrical Contractors","(713) 464-8005","electrician","4.5","2","","7918 Harrisburg Blvd, Houston, TX 77012, USA"
"Nation Wide Fleet Assist - Flatbed, Heavy Duty & Semi Tractor Trailer Towing","(214) 238-5284","breakdown","5","2","https://nationwidefleetassist.com/","8500 Nairn St, Houston, TX 77074, USA"
"Precise Waterheater","(832) 810-8977","plumber","4.5","2","http://precisewaterheater.com/","3129 Kingsley Dr, Pearland, TX 77584, USA"
"Texans Crown Towing - Heavy Duty & Recovery","(346) 250-4837","breakdown","5","2","https://texanscrowntowing.com/","7086 Hwy 6 N, Houston, TX 77095, USA"
"E & A Fixtures Installation Service","(832) 731-5585","plumber","5","2","http://aefixturesinstallatioservices.net/","774 Rosie St, Houston, TX 77091, USA"
"24/7 water heater repairs Galena Park TX","(281) 241-9205","plumber","5","2","https://sites.google.com/view/247waterheaterrepairsgalenapar/home","2203 Clinton Dr, Galena Park, TX 77547, USA"
"(Repair) Kitchen & Bathroom Plumbing","(281) 401-9874","plumber","5","2","","9635 Scott St, Houston, TX 77051, USA"
"JHKEM ELEVATORS","(346) 804-1801","electrician","5","2","https://jhkemelectricalservices.com/","15114 Blue Creek Ranch Dr, Houston, TX 77086, USA"
"Lighting and Electrical Concepts, LLC","(713) 252-6891","electrician","5","2","https://www.lightingandelectricalconcepts.com/","10411 Templeridge Ln, Houston, TX 77075, USA"
"GDP supreme electrical services","(281) 216-5581","electrician","5","2","","1201 Norwood St, Deer Park, TX 77536, USA"
"Plumberofbellaire","(346) 441-4366","plumber","3","2","https://plumberofbellaire.com/","5117 Cedar St, Bellaire, TX 77401, USA"
"Plumber West University Place TX","(281) 594-7163","plumber","5","2","http://www.plumberwestuniversityplace.com/","3131 W Holcombe Blvd, Houston, TX 77025, USA"
"911 Water Heater","(281) 829-8340","drain-specialist","5","2","https://911waterheaterhumble.com/","643 Wilson Rd, Humble, TX 77338, USA"
"commercialplumbinghoustontx","(281) 393-7418","plumber","5","2","https://commercialplumbinghoustontx.com/contact-us.html","3356 Fountain View Dr, Houston, TX 77057, USA"
"Commercial Electrician in Houston","(281) 645-9690","electrician","5","2","","6422 Lozano Dr, Houston, TX 77041, USA"
"E/A Electrical Automation Inc","(281) 732-5924","electrician","5","2","http://www.ea-electrical-automation.com/","7207 Regency Square Blvd #220, Houston, TX 77036, USA"
"Turbo Plumbing , Air Conditioning, Electrical & HVAC Repair Services","(281) 949-7884","plumber","3","2","http://www.turbohomeservices.com/","3419 California St, Fresno, TX 77545, USA"
"24/7 Water Heaters Service Friendswood","(832) 548-0372","plumber","5","2","https://sites.google.com/view/247-water-heaters-service-frie/home","1612 S Friendswood Dr, Friendswood, TX 77546, USA"
"Weatherly's Plumbing","(713) 962-3581","plumber","5","2","","11107 Bandit Trail Dr, Houston, TX 77095, USA"
"Minute Key","(303) 532-0602","locksmith","4","2","https://www.minutekey.com/key-services/texas/pearland/locksmith-key-copy-duplication-10111-broadway-st/32559/","10111 Broadway St, Pearland, TX 77584, USA"
"Big State Electric Co","(281) 807-0400","electrician","5","2","https://www.bigstateelectric.com/","11312 Windfern Rd, Houston, TX 77064, USA"
"P J Plumbing & Mechanical","(281) 991-1508","plumber","5","2","","6143 Sycamore Ave Suite 140, Pasadena, TX 77503, USA"
"24/7 water heater repairs Friendswood","(832) 224-6293","plumber","5","2","","106 S Friendswood Dr, Friendswood, TX 77546, USA"
"Nation Wide Fleet Assist - Flatbed, Heavy Duty & Semi Tractor Trailer Towing","(214) 238-5044","breakdown","5","2","https://nationwidefleetassist.com/","7895 S Texas 6, Houston, TX 77083, USA"
"Plumbing Houston Services, Commercial | Residential Plumbing Repair & Service","(713) 955-1742","plumber","3","2","","A-6, 221 Baker Rd, Houston, TX 77094, USA"
"3 Guys Handyman","(281) 918-4222","drain-specialist","5","1","https://www.hhholmestours.com/contact","1718 N Fry Rd, Houston, TX 77084, USA"
"1M Electrical Services","(281) 757-0505","electrician","5","1","http://1mservices.com/","5329 W Sam Houston Pkwy N, Houston, TX 77041, USA"
"Water Heater Repair Missouri City TX","(346) 477-6880","gas-engineer","4","1","http://waterheaterrepairmissouricity.com/","9119 Hwy 6, Missouri City, TX 77459, USA"
"Water Heater","(281) 305-9299","gas-engineer","4","1","https://waterheatermissouricity.com/contact-us.html","2303 Texas Pkwy, Missouri City, TX 77489, USA"
"McKim & Creed","(281) 491-2525","gas-engineer","5","1","https://www.mckimcreed.com/?utm_source=Stafford&utm_medium=gmb&utm_campaign=gmb&utm_id=gmb","12718 Century Dr, Stafford, TX 77477, USA"
"Texans Crown Towing - Heavy Duty & Recovery","(346) 471-3439","breakdown","5","1","https://texanscrowntowing.com/","100 Bagby St, Houston, TX 77002, USA"
"MGP Services","(936) 499-4130","plumber","5","1","http://mgpservices.com/","1850 Old Holzwarth Rd ste c, Spring, TX 77388, USA"
"All Star I & E, Inc.","(832) 694-3001","electrician","5","1","http://www.allstarie.com/","16201 Market St, Channelview, TX 77530, USA"
"Minute Key","(303) 532-0602","locksmith","5","1","https://www.minutekey.com/key-services/texas/sugar-land/locksmith-key-copy-duplication-15505-southwest-fwy/33581/","15505 Southwest Fwy, Sugar Land, TX 77478, USA"
"Texas Elite Electrical Company LLC","(832) 929-3632","electrician","1","1","http://txeliteelectrical.com/","6418 Rupley Cir, Houston, TX 77087, USA"
"TG Energy Electrical Works","(346) 867-9970","electrician","1","1","","4811 Cripple Creek Dr Suite 1, Houston, TX 77017, USA"
"STR Emergency Fleet Services","(713) 548-7585","electrician","5","1","","5311 Rocky Coral Dr, Katy, TX 77449, USA"
"Kent Electric Systems","(713) 467-5368","electrician","5","1","http://kentelectric.com/","2315 Hoskins Dr, Houston, TX 77080, USA"
"Peace of Mind Services","(281) 583-7233","electrician","5","1","https://peaceofmindservices.com/","950 Echo Ln, Houston, TX 77024, USA"
"Malan Electric Co","(713) 780-0404","electrician","5","1","","8950 Westpark Dr #118, Houston, TX 77063, USA"
"911waterheaterhouston.","(281) 698-0485","gas-engineer","4","1","https://911waterheaterhouston.com/contact-us.html","9258 Park S View, Houston, TX 77051, USA"
"Minute Key","(303) 532-0602","locksmith","5","1","https://www.minutekey.com/key-services/texas/houston/locksmith-key-copy-duplication-2777-katy-freeway-service-rd-/37976/","2777 Katy Freeway Service Road, Houston, TX 77007, USA"
"JBG Plumbing","(713) 364-0105","plumber","5","1","http://jbgplumbingtx.com/locations/texas/houston/","1001 Texas Ave Suite 1400 #228, Houston, TX 77002, USA"
"GPE Services","(281) 299-9664","electrician","5","1","https://gpeservices.com/","12826 Cullen Blvd, Houston, TX 77047, USA"
"Fisk Electric Co","(713) 222-2203","electrician","5","1","http://www.fiskcorp.com/","TC Energy Center, 700 Louisiana St suite 1700, Houston, TX 77002, USA"
"Arevalos Electric","(346) 349-3508","electrician","5","1","","6706 E Houston Rd, Houston, TX 77028, USA"
"RCP Inc.","(713) 655-8080","gas-engineer","5","1","http://www.rcp.com/","801 Louisiana St UNIT 200, Houston, TX 77002, USA"
"plumberspearland","(346) 291-6038","plumber","5","1","http://plumberspearland.com/","6614 Broadway St, Pearland, TX 77581, USA"
"Pearland Towing and Recovery","(281) 393-4304","breakdown","5","1","https://www.pearland-towing.com/","3525 Lockheed St, Pearland, TX 77581, USA"
"Infinity Commercial Lock Service","(713) 892-5625","locksmith","5","1","http://www.infinitylock.com/","5200 Mitchelldale St f24, Houston, TX 77092, USA"
"Analyzed Electric","(832) 527-4452","electrician","5","1","https://usmapiqs.org/details/analyzed-electric-ChIJx1e","5121 Northington St, Houston, TX 77039, USA"
"Little P.Eng. for Engineering Services","(587) 802-4050","gas-engineer","5","1","https://www.littlepeng.com/engineering-services-houston-texas","708 Main St, Houston, TX 77002, USA"
"Houses Unlocked Services","(832) 827-4537","locksmith","5","1","","1134 Rosas St, Stafford, TX 77477, USA"
"Amaranthus Houses Unlocked","(832) 736-5826","locksmith","5","1","","9811 Harwin Dr. Suite# G, Houston, TX 77036, USA"
"Electrician","(281) 955-8658","electrician","5","1","","1022 Adolph Dr, Houston, TX 77091, USA"
"waterheaterfriendswoodtx.","(281) 606-5311","plumber","5","1","https://waterheaterfriendswoodtx.com/contact-us.html","196 S Friendswood Dr, Friendswood, TX 77546, USA"
"Minute Key","(346) 379-3677","locksmith","1","1","https://www.minutekey.com/key-services/texas/katy/locksmith-key-copy-duplication-1111-n-fry-rd/32399/","1111 N Fry Rd, Katy, TX 77449, USA"
"T.D. Stevens Electrical","(281) 570-2508","electrician","5","1","http://electricianhumble.com/","11130 Neeshaw Dr #10, Houston, TX 77065, USA"
"Real Electric TX Ltd","(713) 367-8557","electrician","5","1","https://realelectrictx.com/","9119 Hwy 6 ste 230 360, Missouri City, TX 77459, USA"
"Wilcox Electric Contracting LLC","(713) 808-9945","electrician","5","1","https://www.wilcoxelectrichou.com/","17820 Hastings Friendswood Rd, Pearland, TX 77581, USA"
"plumbingofsugarland","(346) 441-4008","plumber","4","1","https://plumbingofsugarland.com/contact-us.html","16019 City Walk, Sugar Land, TX 77479, USA"
"Minute Key","(281) 979-7673","locksmith","1","1","https://www.minutekey.com/key-services/texas/houston/locksmith-key-copy-duplication-10707-north-freeway/32427/","10707 North Fwy, Houston, TX 77037, USA"
"Residential Plumbing Contractors","(713) 472-1579","plumber","5","1","http://plumber--pasadena.com/","223 Brown Dr, Pasadena, TX 77506, USA"
"24 X 7 Road Assistance & Recker Services","(346) 440-4709","breakdown","","","","9840 Tanner Rd d, Houston, TX 77041, USA"
"Minute Key","(805) 472-6062","locksmith","","","https://www.minutekey.com/key-services/texas/missouri-city/locksmith-key-copy-duplication-5900-highway-6/37214/?utm_source=Synup&utm_medium=GoogleMaps&utm_campaign=HDX06546","5900 Hwy 6, Missouri City, TX 77459, USA"
"Sugar Land Towing and Recovery","(713) 903-2124","breakdown","","","","12820 Park 1 Dr, Sugar Land, TX 77478, USA"
"Five Star Electric","(281) 492-7090","electrician","","","http://www.vfd.com/","19424 Park Row Blvd #100, Houston, TX 77084, USA"
"Minute Key","(303) 532-0602","locksmith","","","https://www.minutekey.com/key-services/texas/houston/locksmith-key-copy-duplication-6800-hwy-6-n/32525/","6800 Hwy 6 N, Houston, TX 77084, USA"
"911 Water Heater","(281) 819-0384","gas-engineer","","","http://911waterheatermanvel.com/","6803 Dogwood Ave, Manvel, TX 77578, USA"
"plumbernearme.","(281) 410-1647","plumber","","","https://plumbernearme.us/","7007 Scott St, Houston, TX 77021, USA"
"Clear Lake Towing","(281) 280-8001","breakdown","","","https://www.clearlaketowing.net/","14640-A State Hwy 3, Webster, TX 77598, USA"
"Titan Quality Power Services, LLC","(866) 918-4826","electrician","","","http://titanqps.com/","123 S 17th St #4639, La Porte, TX 77571, USA"
"Akbar Ali Habib","(832) 462-4911","electrician","","","https://akbar-ali-habib.ueniweb.com/?utm_campaign=gmb","10215 Rockdale Bridge Ct, Sugar Land, TX 77498, USA"
"plumberspring","(346) 441-4778","plumber","","","https://plumberspring.com/contact-us.html","24307 Aldine Westfield Rd, Spring, TX 77373, USA"
"Quality Automotive & Change Lock","(281) 410-8602","locksmith","","","","1335 Packer Ln, Stafford, TX 77477, USA"
"JSJ Electric INC - Affordable Electrician in Houston, Texas","(281) 203-7790","electrician","","","https://jsjelectricinc.com/","1106 Hammock St, Houston, TX 77009, USA"
"Eagle Control Systems","(713) 880-2500","electrician","","","http://www.ecsbr.com/","416 S Main St, Highlands, TX 77562, USA"
"Road Brisk Towing Rescue","(218) 332-2808","breakdown","","","https://roadbrisktowingrescue.com/","8564 Katy Fwy, Houston, TX 77024, USA"
"TD Stevens Electrical","(281) 570-2508","electrician","","","https://electricianhumble.com/","4021 Osby Dr, Houston, TX 77025, USA"
"Extreme1 Electric","(713) 429-0140","electrician","","","http://www.extreme1electric.com/","14360 W, 14360 Sylvanfield Dr, Houston, TX 77014, USA"
"Corea’s Electrical Services","(281) 300-2551","electrician","","","https://coreas-electrical-services.ueniweb.com/?utm_campaign=gmb","8819 Parkette Dr, Houston, TX 77078, USA"
"JJ ELECTRIC & CONTROLS","(713) 875-1510","electrician","","","http://www.jjelectricalservices.com/","8801 Gustine Ln APT #1722, Houston, TX 77031, USA"
"Pilix Plumbing","(713) 572-5668","plumber","","","http://www.pilixplumbing.com/","351 Red Ripple Rd, Houston, TX 77091, USA"
"911 Water Heater","(281) 504-7061","gas-engineer","","","https://911waterheaterpasadena.com/","5696 Fairmont Pkwy, Pasadena, TX 77505, USA"
"Turbo Plumbing , Air Conditioning, Electrical & HVAC Repair Services","(281) 920-1804","drain-specialist","","","https://turbohomeservices.com/","2193 Texas Pkwy, Missouri City, TX 77489, USA"
"plumbersspring","(281) 819-0346","drain-specialist","","","https://plumbersspring.com/","24127 W Hardy Rd c, Spring, TX 77373, USA"
"911plumbingsugarland","(281) 858-3657","plumber","","","https://911plumbingsugarland.com/contact-us.html","15810 Southwest Fwy, Sugar Land, TX 77478, USA"
"911.. plumberstx","(866) 319-9841","plumber","","","https://911plumberstx.com/","5405 S Rice Ave #77081, Houston, TX 77081, USA"
"Power Quality Service","(832) 647-2376","electrician","","","http://www.powerqualityservice.com/","2429 Bissonnet St Suite 427, Houston, TX 77005, USA"
"On Time Towing","(832) 724-4572","breakdown","","","","7923 Battleoak Dr, Houston, TX 77040, USA"