Name,Phone,Trade,Rating,Reviews,Website,Address
"Reliance Heating, Air Conditioning & Plumbing","(866) 756-7191","electrician","4.8","8592","https://reliancehomecomfort.com/windsor/?utm_source=google&utm_medium=organic&utm_campaign=gmb-windsor","1900 Blackacre Dr, Windsor, ON N0R 1L0, Canada"
"C & C Heating & Air Conditioning","(586) 296-1800","gas-engineer","4.9","6773","https://candcheat.com/?utm_source=gbp&utm_medium=organic&utm_campaign=roseville_gbp&utm_id=roseville","29420 Groesbeck Hwy, Roseville, MI 48066, USA"
"Cregger Plumbing, Heating & Cooling","(248) 266-4888","plumber","4.9","6278","https://www.creggerplumbing.com/?utm_source=google-gbp&utm_medium=organic&utm_campaign=*324*cregger-plumbing-ferndale","2335 Goodrich St, Ferndale, MI 48220, USA"
"Levine & Sons Plumbing, Heating & AC","(248) 919-5782","plumber","4.8","5215","http://levineandsons.com/","23820 Telegraph Rd, Southfield, MI 48033, USA"
"FLAME Heating, Cooling, Plumbing, Electrical","(586) 500-0862","plumber","4.7","2933","https://flamefurnace.com/warren/?utm_source=google&utm_medium=organic&utm_campaign=gmb-listing-warren","2200 E 11 Mile Rd, Warren, MI 48091, USA"
"Bison Plumbing","(586) 754-4281","plumber","4.9","2569","https://www.mybisonplumbing.com/","25780 Ryan Rd, Warren, MI 48091, USA"
"Edwards Plumbing & Heating","(248) 636-2652","plumber","4.7","2374","https://www.edwardsph.com/?utm_source=organic&utm_medium=social&utm_campaign=1seo_gmb","20992 Bridge St, Southfield, MI 48033, USA"
"Motor City Plumbing and Drain","(586) 261-8985","plumber","4.9","2344","https://motorcityplumber.com/?utm_campaign=gmb","30367 Gratiot Ave, Roseville, MI 48066, USA"
"Detroit Furnace LLC","(586) 217-2117","gas-engineer","4.9","2199","https://www.detroitfurnacefraser.com/?utm_source=google&utm_medium=organic&utm_campaign=GMBListing-Fraser-MI","31313 Kendall, Fraser, MI 48026, USA"
"WaterWork Plumbing","(248) 542-8022","plumber","4.7","2191","https://waterworkplumbing.com/","1049 Hilton Rd, Ferndale, MI 48220, USA"
"Sharon's Heating & Air Conditioning","(734) 425-1415","gas-engineer","4.8","1730","https://www.sharonsheating.com/","5921 Middlebelt Rd, Garden City, MI 48135, USA"
"Mechanical Heating & Cooling","(248) 465-9089","gas-engineer","4.8","1637","http://www.mechanicalheating.com/?utm_source=google-map&utm_campaign=gmb&utm_medium=organic","6192 N Telegraph Rd, Dearborn Heights, MI 48127, USA"
"Nelson Bros. Sewer & Plumbing","(248) 541-0819","plumber","4.8","1623","http://www.nelsonbrothersplumbing.com/","1115 E 11 Mile Rd, Royal Oak, MI 48067, USA"
"Tittle Brothers Construction","(734) 215-9577","roofer","4.7","1562","https://tittlebrothers.com/?UTM_source=GMB_listing&UTM_medium=organic","19055 Allen Rd, Brownstown Township, MI 48183, USA"
"Absolute Comfort Control Services","(226) 778-9204","gas-engineer","4.9","1456","https://absolutecomfortcs.com/heating-windsor-essex/furnace-repair/?utm_campaign=gmb","4080 North Service Rd E #2, Windsor, ON N8W 5X2, Canada"
"Bryant Heating & Cooling Service Experts","(519) 966-1147","gas-engineer","4.8","1333","https://www.bryantheating.ca/?utm_source=google-business-profile&utm_medium=organic&utm_campaign=business-listing&utm_content=bryant","3194 Devon Dr, Windsor, ON N8X 4L2, Canada"
"Roto-Rooter Plumbing & Water Cleanup","(313) 265-2392","plumber","4.6","1264","https://www.rotorooter.com/detroit/?utm_source=Google&utm_medium=organic&utm_campaign=gmb&utm_content=website","422 W Congress St, Detroit, MI 48226, USA"
"24/7 Mobile Locksmith","(313) 880-1188","locksmith","4.9","1207","https://247mobilelocksmith.com/locksmith-service-locations-areas/locksmith-detroit-mobile-locksmiths-service-in-detroit-michigan/","2405 Seven Mile E, Detroit, MI 48234, USA"
"Bubby's Plumbing","(519) 980-6054","plumber","5","1112","https://bubbysplumbing.com/","1074 Crawford Ave, Windsor, ON N9A 5C9, Canada"
"Air Master Heating, Air Conditioning & Fireplace","(586) 209-2254","gas-engineer","4.8","1046","https://www.airmastermichigan.com/?utm_source=google&utm_medium=organic&utm_campaign=GMB%20Listing","3155 Bermuda St, Ferndale, MI 48220, USA"
"Best Plumbing","(313) 846-7586","plumber","4.9","976","https://www.bestplumco.com/?utm_source=google&utm_medium=organic&utm_campaign=gbp","20451 Van Born Rd, Taylor, MI 48180, USA"
"Family Heating, Cooling & Electrical Inc.","(734) 422-8080","gas-engineer","4.5","967","https://www.familyheating.com/","30210 Ford Rd, Garden City, MI 48135, USA"
"Four Seasons Kanga Roof","(586) 276-7614","roofer","4.8","940","https://kanga-roof.com/?utm_source=gbp&utm_medium=organic","29153 Groesbeck Hwy, Roseville, MI 48066, USA"
"Birmingham Plumbing Heating & Cooling Company","(248) 952-9900","plumber","4.9","905","https://birminghamplumbingco.com/","655 S Eton St, Birmingham, MI 48009, USA"
"Home Service Corporation","(313) 928-3833","plumber","4.5","860","http://homeservicecorp.com/","2810 Oakwood, Melvindale, MI 48122, USA"
"CK Mechanical Heating and Cooling Inc.","(226) 705-4094","gas-engineer","4.8","841","http://www.ckmechanical.com/","3846 Peter St, Windsor, ON N9C 1K2, Canada"
"Kearns Brothers","(888) 355-6700","roofer","4.7","839","https://www.kearnsbrothers.com/livonia-mi/","30999 Industrial Rd, Livonia, MI 48150, USA"
"Mastercraft Heating, Cooling, Plumbing, & Electrical","(313) 533-5700","plumber","4.7","835","https://www.mastercraftheating.com/?utm_source=GMBlisting&utm_medium=organic","26135 Plymouth Rd, Redford Township, MI 48239, USA"
"RFG Plumbing","(519) 817-7117","plumber","4.8","832","https://rfgplumbing.com/","13007 Hyland Side Rd, Essex, ON N8M 2X6, Canada"
"Northwest Drain Station, Inc.","(248) 548-8500","plumber","4.7","743","http://www.northwestdrainstation.com/","311 Charlotte Ave, Royal Oak, MI 48073, USA"
"Syles Mechanical Services","(519) 979-2090","plumber","4.8","696","http://www.syles.ca/","3255 Odessa Dr, Tecumseh, ON N8N 0H8, Canada"
"DeRonne Hardware and Rental","(586) 779-5000","locksmith","4.5","686","http://www.deronnehardware.com/","18561 E 9 Mile Rd, Eastpointe, MI 48021, USA"
"R & L Heating and Cooling","(734) 221-0009","gas-engineer","4.9","667","https://www.rlheating.com/?utm_source=google&utm_medium=organic&utm_campaign=gbp","21159 Goddard Rd, Taylor, MI 48180, USA"
"City Locksmith llc","(888) 414-2489","locksmith","4.4","647","http://citylocksmith.com/","6020 Millett Ave, Sterling Heights, MI 48312, USA"
"AllPoint Construction","(734) 407-7110","roofer","4.6","638","https://allpointconstructionmi.com/","7420 Allen Rd, Allen Park, MI 48101, USA"
"Expert Heating & Cooling","(734) 676-4488","gas-engineer","4.7","633","http://www.expertheatcool.com/","24400 Northline Rd, Taylor, MI 48180, USA"
"Z Plumberz of Downriver","(734) 977-1433","plumber","4.9","630","https://www.zplumberz.com/downriver?utm_source=google&utm_medium=organic&utm_campaign=gbp","12527 Nixon Ave #100, Riverview, MI 48193, USA"
"A To Z Total Heating & Cooling","(313) 291-8200","gas-engineer","4.6","567","https://www.atozheating.com/","24614 Van Born Rd, Dearborn Heights, MI 48125, USA"
"Aladdin Heating & Cooling","(586) 758-5900","gas-engineer","4.7","548","https://www.aladdinheating.com/","26969 Ryan Rd, Warren, MI 48091, USA"
"Northstar Plumbing Windsor","(519) 944-5555","plumber","4.7","544","https://northstarplumbing.ca/","3603 Walker Rd, Windsor, ON N8W 3S6, Canada"
"EZ LOCKSMITH","(248) 798-4366","locksmith","4.7","489","https://ezlocksmithdetroit.com/","2877 Hilton Rd, Ferndale, MI 48220, USA"
"Lighthouse Exteriors","(248) 629-9260","roofer","4.7","489","https://www.lighthouseexteriors.com/","1458 E Lincoln Ave, Madison Heights, MI 48071, USA"
"Paradigm Plumbing & Mechanical, INC.","(248) 565-8939","plumber","5","477","https://www.paradigm-plumbing.com/","910 E Drayton St, Ferndale, MI 48220, USA"
"Family Heating, Cooling & Electrical","(248) 548-9565","gas-engineer","4.5","474","https://www.familyheating.com/","28050 John R Rd, Madison Heights, MI 48071, USA"
"Glass Doctor of Warren, MI","(586) 978-0290","glazier","4.7","462","https://glassdoctor.com/warren?cid=LSTL_MGD000191&utm_source=gmb&utm_campaign=local&utm_medium=organic","32774 Mound Rd, Warren, MI 48092, USA"
"Affordable Comfort Heating and Cooling","(734) 833-3587","gas-engineer","4.8","452","http://www.affordablecomfortmi.com/","29931 Beverly Rd, Romulus, MI 48174, USA"
"Supreme Services","(519) 946-0363","plumber","4.9","450","http://supremerestoration.ca/","5156 Ure St Suite 1, Oldcastle, ON N0R 1L0, Canada"
"National Electric","(313) 244-9800","electrician","4.6","446","https://www.4mypower.com/","2311 M-85, Lincoln Park, MI 48146, USA"
"McCarver Mechanical Heating & Cooling","(586) 489-3884","gas-engineer","4.9","441","https://www.mccarvermech.com/?utm_source=google&utm_medium=organic&utm_campaign=gbp","23672 Schoenherr Rd, Warren, MI 48089, USA"
"Mr. Rooter Plumbing Windsor Ontario","(548) 554-6067","plumber","4.8","428","https://mrrooterwindsor.com/","3846 Peter St, Windsor, ON N9C 1K2, Canada"
"Ace Handyman Services Metro Detroit NE","(248) 270-5514","electrician","4.9","418","https://www.acehandymanservices.com/offices/metro-detroit-ne","307 W 6th St Suite 202A, Royal Oak, MI 48067, USA"
"Residential Electric","(586) 488-4742","electrician","4.6","413","https://residentialelectricmi.com/why-choose-us/","22500 Harper Ave, St Clair Shores, MI 48080, USA"
"Township True Value Hardware","(313) 533-0020","locksmith","4.6","399","http://townshiptv.shoptruevalue.com/","25880 Five Mile Rd, Redford Township, MI 48239, USA"
"DC Basement Waterproofing","(226) 345-6767","plumber","4.9","385","https://www.dcbasementwaterproofing.ca/","2221 Dougall Ave, Windsor, ON N8X 1S7, Canada"
"Fowler Plumbing","(519) 979-3747","plumber","4.8","373","https://fowlerplumbing.ca/","3215 Jefferson Blvd Unit 301, Windsor, ON N8T 2W7, Canada"
"Fahrhall Home Comfort Specialists","(519) 969-7822","gas-engineer","4.7","367","http://www.fahrhall.com/","3822 Sandwich St., Windsor, ON N9C 1C1, Canada"
"Harris Heating & Air Conditioning Service Inc","(519) 970-9204","gas-engineer","4.9","362","http://www.harrisheating.net/","6555 Malden Rd #9, Windsor, ON N9H 1T5, Canada"
"Flo-Aire Heating, Cooling & Electrical, Inc.","(734) 285-1809","gas-engineer","4.8","358","https://floaireheatingcooling.com/?utm_source=google&utm_medium=google-profile&utm_campaign=seo&utm_content=cta","15761 Eureka Rd, Southgate, MI 48195, USA"
"Apollo Heating & Cooling","(586) 217-2794","gas-engineer","4.9","350","https://www.apolloheating.net/","24924 Harper Ave, St Clair Shores, MI 48080, USA"
"Streamline Electric, Inc.","(877) 830-2377","electrician","4.7","347","https://www.prostreamline.com/","3939 Bellevue St Suite 100, Detroit, MI 48207, USA"
"Handy Bros. HVAC Windsor (AC and Furnace Repair)","(226) 210-4320","gas-engineer","4.9","341","https://www.handybros.com/locations/windsor/?utm_source=google&utm_medium=gbp&utm_campaign=local","5430 Wyandotte St E, Windsor, ON N8S 1L8, Canada"
"Emergency Drain and Plumbing, LLC","(248) 506-7634","plumber","4.9","341","http://www.emergencydrainandplumbing.com/","1729 E 14 Mile Rd STE 200, Troy, MI 48083, USA"
"Pro Home Improvement","(248) 556-5839","roofer","4.6","332","https://prohomemi.com/?clicksource=Organic-GMB","1640 E 9 Mile Rd, Ferndale, MI 48220, USA"
"Gauthier Roofing and Siding","(519) 727-6622","roofer","4.9","329","http://www.exteriorhomeimprovements.com/","266 County Rd 42, Tecumseh, ON N8N 2L9, Canada"
"McWire Electric","(586) 563-3539","electrician","4.9","323","http://www.mcwireelectric.com/","16223 E 9 Mile Rd, Eastpointe, MI 48021, USA"
"Downriver Climate Control, LLC","(734) 559-4688","gas-engineer","5","323","https://downriverhvacexperts.com/","3336 Charles St, Trenton, MI 48183, USA"
"C.J. LOCKSMITH INC.","(248) 971-2843","locksmith","5","322","http://cjlocksmithinc.com/","26400 Lahser Rd Suite 365, Southfield, MI 48033, USA"
"Comfort Zone Heating and Cooling","(248) 677-4277","gas-engineer","4.8","317","http://comfortzonehc.com/","4238 Edgeland Ave, Royal Oak, MI 48073, USA"
"Jacob's Ladder Heating & Cooling","(248) 967-4263","gas-engineer","4.8","311","https://www.jacobsladderhvac.com/?utm_source=google&utm_medium=organic&utm_campaign=gbp","24520 Radclift St, Oak Park, MI 48237, USA"
"Warm or Breezy Heating & Cooling","(586) 335-3044","gas-engineer","4.9","307","https://wbheatingandcooling.com/","20417 Hunt Club Dr, Harper Woods, MI 48225, USA"
"L&S Home Improvements","(586) 879-7006","roofer","4.9","304","https://www.lnshomeimprovements.com/","27222 Gloede Dr suite b, Warren, MI 48088, USA"
"Warm or Breezy Heating & Cooling","(313) 263-1690","gas-engineer","4.9","301","https://wbheatingandcooling.com/","15324 Mack Ave Suite 704, Grosse Pointe Park, MI 48230, USA"
"JnB Lock & Key","(734) 679-6832","locksmith","5","293","http://www.jnblocksmith.com/","4113 Pardee Ave, Dearborn Heights, MI 48125, USA"
"Gill Plumbing","(734) 282-4600","plumber","4.8","287","http://gillplumbingandheating.net/","13676 Dix Toledo Rd, Southgate, MI 48195, USA"
"MECA Drains & Plumbing","(248) 801-3686","plumber","4.8","284","http://mecadrains.com/","748 W 11 Mile Rd, Madison Heights, MI 48071, USA"
"Furnace Doctor Heating and Cooling","(734) 486-2986","gas-engineer","5","279","http://furnacedoctorhvac.com/","1661 Kenwood St, Trenton, MI 48183, USA"
"H2O Plumbing, Sewer and Drain","(586) 746-8741","plumber","4.9","277","https://h2oplumbingmi.com/","25530 Schoenherr Rd, Warren, MI 48089, USA"
"Strickly LLC","(313) 952-2705","gas-engineer","5","276","https://www.stricklyheatingandcooling.com/?utm_source=google&utm_medium=organic&utm_campaign=gbp","25389 Eight Mile W, Redford Township, MI 48240, USA"
"Glass Doctor of Dearborn Heights, MI","(313) 357-2760","glazier","4.5","269","https://glassdoctor.com/dearborn-heights?cid=LSTL_MGD000191&utm_source=gmb&utm_campaign=local&utm_medium=organic","22850 Van Born Rd, Dearborn Heights, MI 48125, USA"
"Dry-Rite Basement Waterproofing and Concrete Raising","(519) 977-2007","plumber","5","264","https://www.dry-rite.ca/","700 Talbot Rd, Maidstone, ON N0R 1K0, Canada"
"Airman Heat & Air LLC","(248) 535-0487","gas-engineer","5","262","http://www.airman248.com/","5129 8 Mile Rd, Warren, MI 48091, USA"
"U.S LOCKSMITH","(313) 265-1111","locksmith","4.9","262","","13104 W Warren Ave Suite 8, Dearborn, MI 48126, USA"
"Tresnak Roofing","(248) 435-4848","roofer","4.8","259","https://www.tresnakconstruction.com/","1620 Northwood Blvd, Royal Oak, MI 48073, USA"
"Consumer Services Electric","(313) 631-4905","electrician","5","257","https://www.consumerserviceselectric.com/","14341 Schaefer Hwy, Detroit, MI 48227, USA"
"CMC Plumbing, Heating & Cooling","(248) 546-8800","plumber","4.8","252","https://www.cmcphc.com/","25740 John R Rd, Madison Heights, MI 48071, USA"
"Hamtramck Hardware & Lumber","(313) 366-0000","locksmith","4.5","250","https://hammertimehardware.com/","11828 Conant, Detroit, MI 48212, USA"
"Mr. Pipey Plumbing","(313) 344-5546","plumber","4.8","250","https://www.mrpipey.com/","12660 Burt Rd STE 300, Detroit, MI 48223, USA"
"Fairchild Plumbing, Heating & Cooling","(734) 225-1270","plumber","5","247","","17790 Telegraph Rd, Brownstown Township, MI 48174, USA"
"Mr. Furnace","(586) 777-6666","gas-engineer","4.6","247","https://www.mrfurnace.com/?utm_source=google&utm_medium=organic&utm_campaign=gbp","20220 Stephens Rd, St Clair Shores, MI 48080, USA"
"Gomez Mechanical Heating and Cooling","(313) 758-8894","gas-engineer","4.9","238","http://www.gomezmechanical.com/","3725 Fort St, Lincoln Park, MI 48146, USA"
"Bruttell Roofing, Inc.","(248) 543-3040","roofer","4.7","236","http://bruttellroofing.com/","10821 Capital St, Oak Park, MI 48237, USA"
"Warm or Breezy Heating & Cooling","(248) 574-5030","gas-engineer","5","235","https://wbheatingandcooling.com/heater-repair-michigan/royal-oak-mi/","220 S Main St #430, Royal Oak, MI 48067, USA"
"Gurr Brothers Electrical","(248) 266-0483","electrician","4.9","235","http://whitetailelectrical.com/","21040 Coolidge Hwy, Oak Park, MI 48237, USA"
"Root Masters Sewer, Drain and Plumbing","(313) 286-3177","plumber","4.6","235","https://www.rootmasterssewerredfordmi.com/","25509 W, 25509 Five Mile Rd, Redford Township, MI 48239, USA"
"DJ MURRAY PLUMBING INC.","(248) 582-8655","plumber","4.4","233","http://www.djmurrayplumbing.com/","1800 Bellaire Ave, Royal Oak, MI 48067, USA"
"Sleiman Electric Company Licensed Residential & Commercial Electricians","(734) 620-7178","electrician","4.9","229","http://sleimanelectric.com/","6998 Kingsbury St, Dearborn Heights, MI 48127, USA"
"Big D Lock & Key","(248) 545-6173","locksmith","4.8","228","https://www.bigdlockandkey.com/","24716 John R Rd, Hazel Park, MI 48030, USA"
"Bills Fixit Shop","(313) 841-0817","locksmith","4.9","226","http://billsfixit.com/","9100 W Fort St, Detroit, MI 48209, USA"
"Excel Home Improvement","(734) 941-2800","roofer","4.9","224","http://excelhomeimprovement.com/?utm_campaign=gmb","28345 Goddard Rd, Romulus, MI 48174, USA"
"Langemann Heating & Cooling","(519) 903-6038","gas-engineer","4.9","221","https://langemannhvac.com/","255 Ellis St E Unit 14, Windsor, ON N8X 3M2, Canada"
"Bryant and Sons Plumbing Company","(313) 343-1087","plumber","4.8","217","https://www.bryantsonsplumbing.com/index#services","11000 W McNichols Rd, Detroit, MI 48221, USA"
"Ole’ Walkerville Plumbing","(519) 981-5657","plumber","4.9","210","http://www.olewalkervilleplumbing.com/","2666 Turner Rd, Windsor, ON N8W 3L3, Canada"
"Pro Trades Mechanical Inc.","(519) 945-8800","plumber","4.6","208","http://protrades.ca/?utm_source=google&utm_medium=gmb","5160 Hennin Dr, Oldcastle, ON N0R 1L0, Canada"
"3G Home Exteriors","(586) 533-8343","roofer","4.4","208","https://3ghomeexteriors.com/","31097 Fraser Dr, Fraser, MI 48026, USA"
"RootBGone Sewer & Drain Cleaning","(734) 800-9277","plumber","5","208","https://www.rootbgone.com/","31517 Alpena Ct, Westland, MI 48186, USA"
"Better Locksmiths","(519) 972-5625","locksmith","4.7","207","https://betterlocksmiths.com/","3580 Tecumseh Rd E, Windsor, ON N8W 1H6, Canada"
"Canadian Locksmiths","(519) 979-1270","locksmith","4.8","207","https://www.canadianlocksmiths.com/?utm_source=gmb&utm_medium=organic&utm_campaign=gmb_website_button","309 Russel Woods Dr, Windsor, ON N8N 4K5, Canada"
"Manning Mechanical","(313) 693-4232","gas-engineer","4.8","207","http://www.manningheatingdetroit.com/","8800 W McNichols Rd, Detroit, MI 48221, USA"
"DeRonne Hardware and Rental","(586) 779-1940","locksmith","4.5","206","http://www.deronnehardware.com/","28700 Harper Ave, St Clair Shores, MI 48081, USA"
"Advance Keys & Remotes LLC","(248) 245-2666","locksmith","4.8","205","https://www.advancekeyandremote.com/","33126 Dequindre Rd, Sterling Heights, MI 48310, USA"
"Lozon True Value Hardware","(313) 841-2940","locksmith","4.3","205","https://stores.truevalue.com/mi/river-rouge/19955/","10563 W Jefferson Ave, River Rouge, MI 48218, USA"
"Temp - 1 Heating & Cooling","(248) 686-4757","gas-engineer","5","204","","2071 E 9 Mile Rd, Warren, MI 48091, USA"
"A & B Locksmiths","(313) 563-3800","locksmith","4.5","203","","5858 Pelham Rd, Taylor, MI 48180, USA"
"Michigan's Handyman","(248) 506-4000","roofer","4.6","196","https://michiganshandyman.com/","23036 Hoover Ave, Hazel Park, MI 48030, USA"
"Billy's Roofing","(734) 421-9100","roofer","4.9","196","http://www.billysroofing.com/","27513 Grand River Ave St, Livonia, MI 48152, USA"
"Anytime Heating Cooling","(586) 486-5766","gas-engineer","4.9","195","http://anytimeheatingandcooling.net/","24811 Van Dyke Ave, Center Line, MI 48015, USA"
"MCM Services Inc.","(734) 676-6343","roofer","4.9","193","https://mcmservicesinc.com/","2256 Ruskin St, Trenton, MI 48183, USA"
"Frost & Kretsch Plumbing","(586) 675-0097","plumber","4.7","193","https://macombplumbers.com/","28211 Armanda Dr, Warren, MI 48088, USA"
"MyCarKeys Canada","(519) 968-1516","locksmith","4.6","191","http://www.mycarkeys.ca/","3021 Dougall Ave, Windsor, ON N9E 1S3, Canada"
"Dave Heating Cooling","(519) 567-6060","gas-engineer","4.9","190","https://heatingcoolingwindsor.com/","1365 Crosswinds Dr, Belle River, ON N8L 0T3, Canada"
"Quality Air Control Heating & Cooling","(734) 833-3177","gas-engineer","5","190","http://qualityaircontrolpro.com/","18421 Valleyview St, Riverview, MI 48193, USA"
"Red Baron Enterprises","(313) 408-1166","electrician","4.3","188","http://redbaronenterprises.com/","20315 E 9 Mile Rd, St Clair Shores, MI 48080, USA"
"Lakeview Mechanical- Heating, Plumbing & Electrical","(586) 757-2700","plumber","3.8","187","https://lakeviewmechanical.com/?utm_source=google&utm_medium=organic&utm_campaign=gbp&utm_id=2060digital","24400 Mound Rd, Warren, MI 48091, USA"
"Royal Locksmith","(586) 623-1533","locksmith","4.7","185","","14431 Fina Dr, Warren, MI 48088, USA"
"Certified Roofing & Exteriors","(519) 991-3886","roofer","4.7","183","http://certifiedroofingwindsor.com/","2441 Buckingham Dr, Windsor, ON N8T 2B4, Canada"
"Thatcher & Son Services, Inc.","(248) 991-4388","plumber","4.6","180","http://www.thatcherplumbing.com/","18011 E 14 Mile Rd, Fraser, MI 48026, USA"
"National Electrical","(313) 244-9800","electrician","4.8","179","http://www.4mypower.com/","26098 Fordson Hwy, Redford Township, MI 48239, USA"
"Motor City Home Improvement","(313) 422-5042","roofer","4.6","178","https://motorcityhomeimprovement.com/","8450 Burt Rd, Detroit, MI 48228, USA"
"Plumb Tech Plumbing","(519) 972-5253","plumber","4.3","178","http://windsorplumbingservice.com/","12072 Tecumseh Rd E, Windsor, ON N8N 1M1, Canada"
"H TECH ELECTRIC","(313) 686-7608","electrician","5","177","https://htech-electric.com/","5201 Mead St, Dearborn, MI 48126, USA"
"Big D Lock City","(248) 398-2030","locksmith","4.5","176","https://www.bigdlockcity.com/","2448 Coolidge Hwy, Berkley, MI 48072, USA"
"Premier Roofing And Renovations","(888) 770-4245","roofer","4.5","173","https://premierenovations.com/","17917 Masonic, Fraser, MI 48026, USA"
"Guaranteed Comfort Heating & Cooling","(226) 407-7741","gas-engineer","4.9","168","https://guaranteedcomfort.ca/?utm_source=google&utm_medium=organic&utm_campaign=GMBListing-Windsor-ON","2722 Meldrum Rd, Windsor, ON N8W 4G5, Canada"
"Budget Plumbing Heating & Cooling","(313) 778-3009","gas-engineer","4.6","165","","2678 Calvert Ave, Detroit, MI 48206, USA"
"XPower Electric","(313) 618-5569","electrician","5","160","https://xpowerelectrical.com/","6590 Rockland St, Dearborn Heights, MI 48127, USA"
"Key Man - The Lockout Locksmith Windsor","(519) 566-1996","locksmith","4.9","157","http://www.keymanofwindsor.com/","1022 Icewater Ave, Windsor, ON N8P 0E4, Canada"
"City Hardware","(313) 582-8860","locksmith","4.4","156","","16325 W Warren Ave, Detroit, MI 48228, USA"
"A & F Water Heater & Spa Services","(586) 939-9100","gas-engineer","4.2","155","https://afwaterheater.com/","35170 Beattie Dr, Sterling Heights, MI 48312, USA"
"Hammertime True Value Hardware","(313) 340-1200","locksmith","4.5","152","https://livernois.hammertimehardware.com/","17400 Livernois, Detroit, MI 48221, USA"
"Main Drain Sewer & Repair","(248) 825-7970","plumber","4.9","151","","1 Beverly Blvd, Berkley, MI 48072, USA"
"Pro Star HVAC","(519) 981-8280","gas-engineer","5","151","https://prostarhvacwindsor.ca/","3146 Fairlane Cres, Windsor, ON N8W 4Y6, Canada"
"AD Trades Mechanical Inc( heating & Cooling)","(226) 260-6697","gas-engineer","5","150","http://www.adtradesmechanical.com/","716 Vanier St, Windsor, ON N8X 3E6, Canada"
"Lane Plumbing Inc","(734) 427-5263","plumber","4.8","149","","6738 Middlebelt Rd, Garden City, MI 48135, USA"
"Supreme Heating and Cooling","(313) 885-2400","gas-engineer","4.1","148","http://www.supremeheating.com/","14641 E Warren Ave, Detroit, MI 48215, USA"
"A&H HVAC SERVICES","(313) 724-7723","gas-engineer","4.5","148","http://www.aandhhvac.com/","19649 W Warren Ave, Detroit, MI 48228, USA"
"Advance Plumbing & Heating Supply","(313) 831-7770","gas-engineer","4.7","146","https://www.advanceplumbing.com/","150 Parsons St, Detroit, MI 48201, USA"
"Locksmiths Of Detroit","(313) 688-1100","locksmith","5","146","https://locksmithsofdetroit.com/","19805 W McNichols Rd, Detroit, MI 48219, USA"
"RFG Electrical","(519) 817-7117","electrician","4.8","142","http://rfgelectrical.com/","13007 Hyland Side Rd, Essex, ON N8M 2X6, Canada"
"Attar Enterprises","(313) 388-9000","gas-engineer","4.6","138","http://attarenterprises.com/","2719 Fort St, Wyandotte, MI 48192, USA"
"National Electrical","(734) 244-9800","electrician","4.8","137","http://www.4mypower.com/","25923 Superior St, Taylor, MI 48180, USA"
"Paul C. Scott & Sons Plumbing, Inc.","(248) 547-9334","plumber","4.1","137","http://www.paulscottplumbing.com/","2722 Elliott Ave Suite A, Troy, MI 48083, USA"
"Diamond Home Improvement","(519) 966-7311","roofer","4.8","133","http://www.diamondhome.ca/","6930 Concession Rd 6 N, Amherstburg, ON N9V 2Y9, Canada"
"Oak Roofing","(248) 547-7663","roofer","5","129","http://oakroof.com/","22425 Schoenherr Rd, Warren, MI 48089, USA"
"Windsor Proof","(226) 782-0045","plumber","5","129","https://www.facebook.com/profile.php?id=61556327193856&mibextid=LQQJ4d","Windsor, ON N8X 1X3, Canada"
"Seasons Mechanical Services","(519) 817-6121","gas-engineer","5","128","http://www.seasonsmechanical.net/","1239 Huntwick Pl, LaSalle, ON N9H 2B4, Canada"
"Detroit Plumbing and Drain Services","(313) 528-2069","plumber","4.2","127","https://detroit.plumbingdrainservices.com/","9100 Montrose St, Detroit, MI 48228, USA"
"Level Up Improvement","(313) 287-9525","roofer","5","127","https://levelupimprovement.com/","3042 Academy St, Dearborn, MI 48124, USA"
"Elite Construction","(519) 816-2760","roofer","4.6","126","http://www.eliteroofingspecialists.ca/","2760 Jacob Dr, Windsor, ON N8X 4Z2, Canada"
"Parsons Heating & Cooling","(313) 581-4900","gas-engineer","4.6","125","http://parsonshvac.com/","25441 W Warren St, Dearborn Heights, MI 48127, USA"
"Service Tech Electric","(734) 288-7876","electrician","4.9","123","https://servicetechelectric.com/","922 3rd St, Wyandotte, MI 48192, USA"
"American Lock & Key 24/7 ON CALL","(734) 281-1454","locksmith","3.2","119","http://www.americanlockandkeysite.com/","14366 Eureka Rd, Southgate, MI 48195, USA"
"ARROW-THERM HVAC SUPPLY, LLC","(313) 686-4976","gas-engineer","4.9","118","https://rymaps.org/business/arrow-therm-heating-cooling-llc-q29nv8","18691 Wyoming Ave, Detroit, MI 48221, USA"
"TARGET AIR HVAC","(734) 656-8559","gas-engineer","4.9","115","https://www.targetairhvac.com/?utm_source=google&utm_medium=organic&utm_campaign=gbp","27601 Schoolcraft Rd ste a, Livonia, MI 48150, USA"
"Dayus Roofing Inc | Best Roofing Company in Windsor (Top-Rated Roofers Near Me)","(519) 737-1920","roofer","4.8","114","http://www.dayusroofing.com/?utm_source=gbp&utm_medium=local&utm_campaign=click","5120 Halford Dr, Oldcastle, ON N9G 0B8, Canada"
"Precision Electric Company","(734) 643-5117","electrician","5","114","https://precisionelectricmi.com/","19336 Allen Rd, Brownstown Township, MI 48183, USA"
"R & L Heating and Cooling","(248) 277-5585","gas-engineer","4.8","114","https://www.rlheating.com/?utm_source=google&utm_medium=organic&utm_campaign=gbp","30207 John R Rd, Madison Heights, MI 48071, USA"
"National Electric","(313) 244-9800","electrician","4.6","113","https://www.callnationalelectric.com/","1034 Mayburn St, Dearborn, MI 48128, USA"
"Fort Street Plumbing, Inc.","(313) 551-5124","plumber","4.5","113","https://fortstplumbing.com/?utm_source=GBP&utm_medium=organic&utm_campaign=search","3484 Fort St, Lincoln Park, MI 48146, USA"
"Superior Plumbing & Heating of Windsor","(226) 783-3746","plumber","4.5","110","https://superiorplumbing.ca/windsor/?utm_source=gmb&utm_medium=organic&utm_campaign=gmb","850 Ouellette Ave, Windsor, ON N9A 4M9, Canada"
"BCD Roofing","(313) 707-4747","roofer","4.9","109","http://www.bcdroofing.com/","22777 Harper Ave Ste 108, St Clair Shores, MI 48080, USA"
"Allpros plumbing","(313) 482-5849","plumber","4.6","109","","26526 Eureka Dr, Warren, MI 48091, USA"
"Dearborn Auto Electric","(313) 562-7710","electrician","4.2","108","https://dearbornautoelectric.com/","25605 Ford Rd, Dearborn Heights, MI 48127, USA"
"Ace Handyman Services St Clair Shores","(248) 779-1900","roofer","4.9","108","https://www.acehandymanservices.com/offices/st-clair-shores","23245 Greater Mack Ave Suite A, St Clair Shores, MI 48080, USA"
"SPEED HEATING & AIR CONDITIONING","(313) 900-7276","gas-engineer","5","107","http://speedheatingandair.com/","7737 Grayfield St, Dearborn Heights, MI 48127, USA"
"Bob Downey Plumbing Co. Inc.","(586) 775-2441","plumber","4.3","106","http://www.bobdowneyplumbing.com/","32004 Utica Rd, Fraser, MI 48026, USA"
"The Hardware Place","(313) 892-4122","locksmith","4","106","http://thehardwareplace.com/","12208 Conant, Detroit, MI 48212, USA"
"Lighthouse Electrical Service","(888) 915-4448","electrician","5","105","https://lighthouseelectricalservice.com/?utm_source=GBPListing&utm_medium=organic","1439 E 11 Mile Rd, Madison Heights, MI 48071, USA"
"Allstar Roofing","(519) 991-3083","roofer","4.9","103","http://www.windsor-roofing.ca/","451 Elmstead Rd, Windsor, ON N8N 2L9, Canada"
"Air Clinic Heating and Cooling","(248) 250-4679","gas-engineer","4.8","100","http://hvacprof.com/","26536 Barrington St, Madison Heights, MI 48071, USA"
"911 Locksmith","(313) 406-5727","locksmith","4.8","100","http://www.the911locksmith.com/","10300 Warren Ave, Dearborn, MI 48126, USA"
"Dr Dan The Appliance Man","(519) 739-1437","gas-engineer","4.7","100","","12204 Baillargeon Dr, Tecumseh, ON N8N 4A7, Canada"
"Eastside Heating & Cooling","(313) 980-8586","gas-engineer","4.9","100","https://www.eastsidehvac.com/","656 St Clair Ave, Grosse Pointe, MI 48236, USA"
"NorthWest Construction","(313) 277-7676","roofer","4.5","99","https://www.nwconst.com/","21521 Donaldson St, Dearborn, MI 48124, USA"
"IB Electric Inc","(313) 274-3588","electrician","4.6","98","http://www.ibelectric.com/","22345 W Warren Ave, Dearborn Heights, MI 48127, USA"
"Reckingers Heating & Cooling","(313) 562-3456","gas-engineer","4","98","https://www.reckingerheating.com/","2050 Monroe St, Dearborn, MI 48124, USA"
"Southgate Plumbing Sewer & Drain, LLC","(313) 420-8421","plumber","4.9","97","https://plumbingdownriver.com/","3820 20th St, Wyandotte, MI 48192, USA"
"Hamtramck HVAC Supply","(313) 444-1129","gas-engineer","4.6","97","https://www.hamtramckhvac.com/","11651 Conant, Hamtramck, MI 48212, USA"
"Whitney Services","(833) 477-6232","electrician","4.9","97","https://www.callwhitney.com/","22273 Grove St, Detroit, MI 48219, USA"
"G & C Sewer Services","(586) 775-0595","plumber","4.7","97","","30458 Groesbeck Hwy, Roseville, MI 48066, USA"
"Gabriel’s Roofing Construction","(248) 383-3449","roofer","4.9","95","https://www.gabrielsroofingconstruction.com/","28500 Warren Rd, Westland, MI 48185, USA"
"Superior Plumbing & Home comfort","(519) 819-7357","plumber","4.8","95","http://superiorphc.ca/","1965 Ellis Side Rd, Maidstone, ON N0R 1K0, Canada"
"Enterprise Locksmiths","(519) 948-8546","locksmith","4.5","95","","1755 Ford Blvd, Windsor, ON N8T 2E2, Canada"
"GlassHouse Plumbing","(313) 790-5427","plumber","4.2","95","","9220 Wyoming Ave, Detroit, MI 48204, USA"
"P D Roofing","(313) 790-5946","roofer","4.8","95","http://pdroofme.com/","13470 Joseph Campau Ave, Detroit, MI 48212, USA"
"Encore Mechanical & Building Services Inc.","(519) 979-3572","plumber","4.6","94","https://encoremechanical.ca/?utm_source=Next&utm_medium=Google_Website","13225 Jamsyl Dr, Windsor, ON N9K 0B8, Canada"
"Napier's Home Improvement","(734) 676-6557","roofer","4.8","94","https://napiersroofing.com/","19287 Allen Rd, Brownstown Township, MI 48183, USA"
"TECUMSEH LOCKSMITH","(519) 562-5402","locksmith","4.8","93","https://tecumsehlocksmith.ca/","13065 Parkland Crescent, Windsor, ON N8N 4V6, Canada"
"DMA ELECTRIC INC","(226) 340-2431","electrician","4.9","93","","1112 Heritage Dr, LaSalle, ON N9H 2E2, Canada"
"Friendly Pro Services","(586) 486-4475","electrician","4.6","92","https://www.friendlyproservices.com/","11240 E 9 Mile Rd, Warren, MI 48089, USA"
"JSM Construction Limited","(519) 980-8818","roofer","5","92","","988 Watson Ave, Windsor, ON N8S 3T2, Canada"
"Roof One","(248) 859-0714","roofer","4.8","91","https://www.roofonemichigan.com/locations/ferndale-roofing-by-roof-one-michigan?utm_source=directories&utm_medium=directories&utm_id=BDR-DIG-DIR-GENI-FERN-PHO-GMB-202402-GBPLISTINGFERNDALERO","1315 Academy St, Ferndale, MI 48220, USA"
"Drain Resolvers","(586) 453-4900","plumber","4.5","90","http://www.drainresolvers.com/","23639 Schoenherr Rd, Warren, MI 48089, USA"
"Hall Plumbing & Heating","(586) 776-0028","plumber","4.9","90","http://hallplumbingheating.com/","17561 Stephens Dr, Eastpointe, MI 48021, USA"
"Affordable Heating & Cooling","(519) 966-9960","gas-engineer","4.7","90","http://www.affordableheatingcooling.com/","1428 Erie St E, Windsor, ON N9A 3Z9, Canada"
"David's Heating & Cooling","(248) 996-1548","gas-engineer","4.9","90","https://davidsheatingandcooling.com/?utm_source=google&utm_medium=organic&utm_campaign=gbp&utm_content=southfield","24361 Greenfield Rd Suite 207, Southfield, MI 48075, USA"
"Michigan Comfort Systems","(734) 672-4901","gas-engineer","4.9","89","https://www.michigancomfortsystems.com/?utm_source=google&utm_medium=organic&utm_campaign=gbp","7823 Allen Rd, Allen Park, MI 48101, USA"
"AAC Services","(248) 399-9111","gas-engineer","4.6","89","https://aacforyou.com/","30029 John R Rd, Madison Heights, MI 48071, USA"
"Quint Plumbing & Heating, Inc.","(734) 281-1153","plumber","4.1","88","http://www.quintplumbingmi.com/","4144 6th St, Wyandotte, MI 48192, USA"
"A Power Heating & Cooling , Refrigeration","(313) 888-1897","gas-engineer","4.9","88","https://www.apowerhvac.com/","3101 Byrd St, Dearborn, MI 48124, USA"
"Done Heating & Cooling, LLC","(586) 634-2872","gas-engineer","4.8","88","","2113 E 9 Mile Rd, Warren, MI 48091, USA"
"KeyMe Locksmiths","(231) 535-9083","locksmith","4.5","87","https://key.me/kiosks/michigan/warren/warren/key-copy-warren-menards-48093-michigan","32501 Van Dyke Ave, Warren, MI 48093, USA"
"Roto-Rooter Plumbing & Water Cleanup","(313) 208-7658","plumber","4.6","86","https://www.rotorooter.com/dearbornmi/?utm_source=Google&utm_medium=organic&utm_campaign=gmb&utm_content=website","930 Mason St Ste 1210, Dearborn, MI 48124, USA"
"Williams Refrigeration AC & Heating","(586) 758-2020","gas-engineer","4.2","86","http://www.williamsrefrigeration.com/","27332 Van Dyke Ave, Warren, MI 48093, USA"
"ANA Heating and Cooling","(313) 556-4018","gas-engineer","4.9","84","https://www.anaheatingandcooling.com/home","6100 Drexel St, Dearborn Heights, MI 48127, USA"
"Hammertime True Value Hardware","(313) 841-8800","locksmith","4.1","83","https://stores.truevalue.com/mi/detroit/19577/","8544 McGraw Ave, Detroit, MI 48210, USA"
"New Evolution Heating Cooling & Electrical 🔥 🥶","(313) 626-7063","gas-engineer","4.7","83","http://www.newevolutionheatcool.com/","12517 Woodward Ave, Highland Park, MI 48203, USA"
"Exway Electric Supply Co","(313) 884-8994","electrician","4.6","83","http://www.exwayelectricsupply.com/","20234 Harper Ave, Harper Woods, MI 48225, USA"
"Cauzillo Plumbing Inc","(734) 432-0090","plumber","4.9","83","http://cauzilloplumbing.com/","29145 Five Mile Rd, Livonia, MI 48154, USA"
"Americool","(734) 341-7421","gas-engineer","4.1","82","http://americoolhvac.com/","2062 Ford Ave, Wyandotte, MI 48192, USA"
"ExpertExteriors","(519) 796-9667","roofer","4.7","82","https://expertexteriors.ca/","2775 Kew Dr #20, Windsor, ON N8T 3B7, Canada"
"Homey Roofing","(248) 802-2818","roofer","5","81","http://homeyroofing.co/","810 W 13 Mile Rd, Royal Oak, MI 48073, USA"
"Windows Diverse Services Inc","(313) 631-0999","glazier","4.9","80","https://windowsdiverseservices.com/","3700 8 Mile Rd, Detroit, MI 48234, USA"
"Consortium Electric LLC","(586) 303-8150","electrician","4.6","80","https://www.consortiumelectricllc.com/","22017 Shady Ln Ave, St Clair Shores, MI 48080, USA"
"JH Plumbing Inc","(586) 582-0249","plumber","4.8","79","https://www.facebook.com/JH-Plumbing-Inc-144334292294415/","28528 Adler Dr, Warren, MI 48088, USA"
"Preferred Safe & Lock","(586) 757-7742","locksmith","4.6","79","","24711 Harper Ave, St Clair Shores, MI 48080, USA"
"Fred & Son Recycled Appliance","(313) 744-7333","gas-engineer","3.9","78","","12828 Hamilton Ave, Highland Park, MI 48203, USA"
"Winslow Heating and Cooling","(313) 388-3722","gas-engineer","4.3","77","https://www.winslowheatingandcooling.com/","3912 Fort St, Lincoln Park, MI 48146, USA"
"Nova Locksmith","(248) 243-4074","locksmith","4.3","77","https://nova-locksmith.com/","23600 Jerome St, Oak Park, MI 48237, USA"
"M & M Electric","(877) 627-8420","electrician","5","76","https://www.mmelectricmi.com/","22511 Telegraph Rd, Southfield, MI 48033, USA"
"One Hour Heating & Air Conditioning® of Southfield","(248) 963-6145","gas-engineer","4.6","76","https://www.onehourheatandair.com/southfield","24063 W 10 Mile Rd, Southfield, MI 48033, USA"
"National Heating & Cooling Inc","(313) 538-7100","gas-engineer","4.7","75","http://www.nationalheating.com/","23660 Grand River Ave, Detroit, MI 48219, USA"
"Detroit Roofing Service","(313) 332-4858","roofer","4.2","74","https://thedetroitroofer.com/","18000 Woodingham Dr, Detroit, MI 48221, USA"
"Big Al's Roofing","(734) 522-0062","roofer","4.9","74","","30913 Ford Rd #1804, Garden City, MI 48135, USA"
"Oasis Heating & Cooling LLC","(586) 854-9278","gas-engineer","4.9","73","https://www.oasishvac.org/","22960 W Industrial Dr, St Clair Shores, MI 48080, USA"
"Leach Construction, LLC","(586) 822-1981","roofer","5","72","http://leachconstruction-mi.com/","22474 E 10 Mile Rd, St Clair Shores, MI 48080, USA"
"Michigan Home Restoration","(586) 334-7663","roofer","4.9","71","https://mhrroof.com/?utm_source=google&utm_medium=organic&utm_campaign=gbp&utm_id=2060digital","31537 Groesbeck Hwy, Fraser, MI 48026, USA"
"Union Air Heating and Cooling","(519) 998-1325","gas-engineer","5","71","https://unionair.ca/","3907 Tecumseh Rd E, Windsor, ON N8W 1J4, Canada"
"Royal Plumbing","(248) 514-0809","plumber","4.7","70","http://www.royalplumbing.com/","16947 W 10 Mile Rd, Southfield, MI 48075, USA"
"Gray & Son True Value Hardware","(313) 898-4200","locksmith","4.5","70","https://stores.truevalue.com/mi/detroit/2301","6747 W Warren Ave, Detroit, MI 48210, USA"
"Andrew Mechanical Heating & Cooling LLC","(734) 308-6554","gas-engineer","4.8","69","http://andrewmechanicalhvac.com/","348 W Jefferson Ave, Trenton, MI 48183, USA"
"Affordable Heating, Cooling and Plumbing Co.","(313) 334-1130","plumber","4.4","69","http://www.affordableheatingco.com/","5932 Katherine St, Taylor, MI 48180, USA"
"Sky Hvac","(313) 221-6326","gas-engineer","5","69","https://skyhvac.net/","2000 Town Center, Southfield, MI 48075, USA"
"Brisendine Heating & Cooling","(586) 771-1693","gas-engineer","4.8","68","https://brisendineheating.com/","31938 Groesbeck Hwy, Fraser, MI 48026, USA"
"Alert Heating & Cooling","(313) 381-2665","gas-engineer","4.6","68","http://alertheatingandcoolingmi.com/","3971 Fort St, Lincoln Park, MI 48146, USA"
"GALAXY LOCKSMITH","(313) 500-3438","locksmith","4.9","68","https://www.galaxylocksmith.net/","3429 S Telegraph Rd, Dearborn, MI 48124, USA"
"Epsteins Locksmith inc","(586) 778-8188","locksmith","4.6","68","http://www.epsteinslocksmith.com/","22232 Gratiot Ave, Eastpointe, MI 48021, USA"
"Detroit Speedy Electrician","(313) 486-4957","electrician","4.4","68","https://detroit.speedyelectrician.com/","6000 Ironwood St, Detroit, MI 48210, USA"
"Murphy Electrical Group","(519) 984-6873","electrician","4.9","67","http://www.murphyelectricalgroup.com/","John ross crt, 9825 Asgard Rd #4296, Windsor, ON N8R 1E2, Canada"
"JLH Heating and Air Conditioning","(313) 520-4181","gas-engineer","4.5","67","http://www.jlhheating.net/","16564 Wyoming Ave, Detroit, MI 48221, USA"
"Rapid Roofing by Allstar","(248) 621-7163","roofer","5","65","https://rapidroofing.com/service-area/detroit/","27301 Dequindre Rd Suite 204, Madison Heights, MI 48071, USA"
"All About Plumbing Inc","(248) 542-7850","plumber","4.3","65","https://allaboutplumbing.org/","25840 John R Rd, Madison Heights, MI 48071, USA"
"Windsor Drainage & Electric Eel","(519) 991-4353","plumber","4.8","64","","2979 Conservation Dr, Windsor, ON N8W 5J3, Canada"
"Comfort-Tek Heating & Cooling","(519) 562-8090","gas-engineer","4.9","64","","360 Eugenie St E Unit 205, Windsor, ON N8X 2Y1, Canada"
"Blue Star Safe & Locks","(734) 422-1535","locksmith","4","64","","6731 Middlebelt Rd, Garden City, MI 48135, USA"
"Village Locksmith","(313) 881-8603","locksmith","4.3","64","","18554 Mack Ave, Grosse Pointe Farms, MI 48236, USA"
"DWD HVAC and More","(226) 676-0130","gas-engineer","5","64","https://www.dwdhvac.com/?utm_source=google&utm_medium=gmb&utm_campaign=gmb_listing","11302 Tecumseh Rd E Unit B, Windsor, ON N8R 1A8, Canada"
"Mr. Poronga","(313) 687-6905","plumber","4","63","https://mrporonga.com/","1211 Livernois, Detroit, MI 48209, USA"
"Plumb-O-Matic","(313) 784-1809","plumber","5","62","https://www.plumb-o-matic.com/","19216 Van Born Rd, Dearborn Heights, MI 48125, USA"
"Dearborn Heating & Cooling Inc.","(313) 582-6608","gas-engineer","4.5","62","http://www.dearbornheatingcooling.com/","5040 Greenfield Rd, Dearborn, MI 48126, USA"
"Royal Oak Plumbing Co","(248) 588-7712","plumber","4.6","62","","810 N Rochester Rd, Clawson, MI 48017, USA"
"Weather Shield Siding","(519) 944-4710","roofer","4.7","61","http://www.weathershieldwindsor.com/","1015 Homedale Blvd, Windsor, ON N8S 2T3, Canada"
"Windsor Urgent Drainage & Electric EEL and Plumbing","(519) 991-4202","plumber","4.8","61","https://plumber-windsor.com/","1472 Stoneybrook Crescent, Windsor, ON N9G 2Z4, Canada"
"ER Plumbing solutions","(548) 708-0047","plumber","4.9","61","https://erplumbingsolutions.com/","874 Concession Rd 2 N, McGregor, ON N0R 1J0, Canada"
"Mill Connection Home Improvement","(313) 215-2186","roofer","4.9","59","https://www.millconnectionhomeimprovement.com/","21720 Morley Ave, Dearborn, MI 48124, USA"
"Pilgrim’s Professional Roof Repair Service","(734) 374-8756","roofer","4.8","59","http://pilgrimsroofrepairservice.com/","14684 Mortenview Dr, Taylor, MI 48180, USA"
"DS60 Roofing & Siding Inc.","(519) 979-6827","roofer","3.3","59","http://www.ds60.ca/","13325 Sylvestre Dr, Tecumseh, ON N9K 0C2, Canada"
"McChesney Electric, Inc","(248) 206-0165","electrician","4.7","58","https://www.mcchesneyelectric.com/","22036 Woodward Ave, Ferndale, MI 48220, USA"
"Prime Electrical Services Inc.","(519) 945-9963","electrician","4.9","58","","6000 Rhodes Dr Unit 5, Windsor, ON N8N 2M1, Canada"
"Jayone electric llc","(313) 948-8963","electrician","4.9","58","http://jayoneelectricllc.com/","592 W Grand Blvd, Detroit, MI 48216, USA"
"Advantage Roofing & Construction LLC","(313) 986-1877","roofer","5","57","http://advantageroof.us/","10581 Birch St, Taylor, MI 48180, USA"
"Detroit Heating and Air Conditioning","(586) 358-4978","gas-engineer","3.9","57","","3060 E Grand Blvd, Detroit, MI 48202, USA"
"Allied Electrical Services","(313) 656-9900","electrician","4.4","57","http://www.alliedes.co/","25217 Michigan Ave, Dearborn, MI 48124, USA"
"One Stop Locksmith","(313) 869-1433","locksmith","4","57","","11801 Linwood St, Detroit, MI 48206, USA"
"Weil Plumbing","(586) 775-2205","plumber","4.6","57","","27250 Harper Ave, St Clair Shores, MI 48081, USA"
"Select Renovations","(586) 541-8821","roofer","4.9","57","https://selectrenovations.build/","33077 Garfield Rd, Fraser, MI 48026, USA"
"Detroit Furnace","(586) 944-9400","gas-engineer","4.4","57","https://www.detroitfurnacefraser.com/webapp/p/120/hours-and-location","16223 E 9 Mile Rd, Eastpointe, MI 48021, USA"
"Elite Plumbing & Heating Inc","(248) 655-1401","plumber","4.9","56","https://elitehvacplumbing.com/","4915 Fernlee Ave, Royal Oak, MI 48073, USA"
"Quinn Roofing Solutions Inc","(519) 256-8474","roofer","4.1","55","https://www.quinnsolutions.ca/","620 N Service Rd, Windsor, ON N8X 3J3, Canada"
"Confidential Locksmith & Safe Service LLC","(248) 408-4305","locksmith","4.9","55","https://confidentiallocksmith.com/","537 E Rowland Ave, Madison Heights, MI 48071, USA"
"All Things Heating & Cooling","(734) 724-1234","gas-engineer","5","55","https://allthingsheatingcooling.com/?utm_source=google-local","1841 18th St, Wyandotte, MI 48192, USA"
"All Star Electric Eel Drainage & Plumbing - Since 1995","(519) 258-6943","plumber","4.5","55","https://www.allstarplumbinganddrainage.ca/contact.php","1032 Bruce Ave, Windsor, ON N9A 4X9, Canada"
"Air Duct Advance Heating & Cooling","(586) 212-7656","gas-engineer","4.9","54","https://www.airductadvance.com/","33117 Southbound Gratiot Ave, Clinton Township, MI 48035, USA"
"Detroit Voltage","(800) 258-1352","electrician","4.6","54","http://www.detroitvoltage.com/","400 Monroe St #261, Detroit, MI 48226, USA"
"Frost & Kretsch Plumbing Inc.","(313) 881-2818","plumber","4.7","54","http://www.fkplumbing.com/","20651 Mack Ave, Grosse Pointe Woods, MI 48236, USA"
"Gee and Missler Heating and Air Conditioning","(734) 284-1224","gas-engineer","4.2","54","https://www.geeandmissler.com/?utm_source=google&utm_medium=organic&utm_campaign=gbp-profile","744 Vinewood St, Wyandotte, MI 48192, USA"
"Roofing Gods Amherstburg","(519) 816-6447","roofer","4.6","53","http://www.roofinggods.ca/","9848 Walker Rd, McGregor, ON N0R 1J0, Canada"
"Karolyi's Heating, Cooling & Refrigeration","(586) 493-4328","gas-engineer","4.4","53","https://karolyis.com/?utm_source=Google&utm_medium=Organic&utm_campaign=LocalSEO","15324 E 10 Mile Rd, Eastpointe, MI 48021, USA"
"Smart Roof LLC","(248) 579-4272","roofer","4.9","53","https://www.choosesmartroof.com/","31520 Carion Dr, Warren, MI 48092, USA"
"LMH ELECTRIC INC","(647) 227-1318","electrician","5","53","","3573 Wildwood Dr, Windsor, ON N8R 2K4, Canada"
"KeyMe Locksmiths","(313) 986-4081","locksmith","4.5","52","https://key.me/kiosks/michigan/lincoln-park/lincoln-park/locksmith-copy-keys-lincoln-park-kroger-48146-michigan","2060 Dix Hwy, Lincoln Park, MI 48146, USA"
"SWIFT SERVICES LLC","(248) 835-1135","roofer","4.8","52","https://swift-servicesllc.com/","2284 Camilla Dr, Troy, MI 48083, USA"
"Streamline Electric","(519) 981-8451","electrician","4.8","51","http://streamlineinc.ca/","220 Eugenie St W, Windsor, ON N8X 1T2, Canada"
"BrightView Construction","(734) 512-6546","roofer","5","51","https://brightviewconstruct.com/?utm_source=omg-gbp&utm_medium=webclick","1605 Ford Ave, Wyandotte, MI 48192, USA"
"Hulett HVAC Services","(248) 212-6164","gas-engineer","4.5","51","","404 E 4th St, Royal Oak, MI 48067, USA"
"Telegraph Heating Company, Inc","(734) 933-0132","gas-engineer","4.9","51","https://www.telegraphhvac.com/","4660 13th St, Wyandotte, MI 48192, USA"
"Blue Ray Mechanical Inc","(248) 399-4500","gas-engineer","4.5","50","http://www.blueraymechanical.com/","21606 John R Rd, Hazel Park, MI 48030, USA"
"Downriver Plumbing, Drain And Sewer Cleaning LLC","(313) 420-8421","plumber","4.8","49","https://downriver.plumbing/","2430 River Dr, Lincoln Park, MI 48146, USA"
"Michigan Hahn Plumbing Service","(313) 220-2793","plumber","4.8","49","http://www.michiganhahnplumbingservice.com/","10039 Cavell St, Livonia, MI 48150, USA"
"Caulk & Seal Inc.","(226) 975-1514","roofer","4.9","49","http://www.caulkandseal.ca/","2858 Front Rd, LaSalle, ON N9J 2N6, Canada"
"Your Plumber - Renovation Division","(519) 973-4545","plumber","4.9","49","http://www.your-plumber.com/","3393 Cabana Road E #1, Windsor, ON N8V 0A5, Canada"
"Westborn Electric","(313) 359-9500","electrician","4.1","49","https://www.westbornelectric.com/","20962 Van Born Rd, Dearborn Heights, MI 48125, USA"
"The Air King","(313) 274-4320","gas-engineer","3.7","49","http://theairking.com/?y_source=1_NjgwMjgxNjAtNzE1LWxvY2F0aW9uLndlYnNpdGU%3D","14985 Telegraph Rd, Redford Township, MI 48239, USA"
"Big Damons Towing LLC","(313) 445-0039","locksmith","4.9","48","http://bigdamonstowing.com/","23233 Woodward Ave Suite 93, Ferndale, MI 48220, USA"
"Imad's Electric service","(313) 740-6046","electrician","4.9","48","","5930 Highview St, Dearborn Heights, MI 48127, USA"
"Mechanical Temp","(313) 282-4758","gas-engineer","4.7","48","https://www.mechanicaltemp.com/","23093 Telegraph Rd, Southfield, MI 48033, USA"
"Power Traxx Electric","(519) 250-6247","electrician","4.5","48","https://www.powertraxxelectric.com/","1730 Hall Ave, Windsor, ON N8W 2L4, Canada"
"First response locksmith","(313) 424-0657","locksmith","4.9","47","http://firstresponselocksmithllc.com/","6530 Greenfield Rd Floor 1 suite 200, Dearborn, MI 48126, USA"
"Green Knight Handyman & Property Maintenance","(519) 971-2114","roofer","4.8","47","https://mygreenknight.com/about-green-knight-home-and-yard/","3640 Avondale Ave, Windsor, ON N8E 1X9, Canada"
"Auto1locksmith","(313) 999-0476","locksmith","4.8","46","http://www.auto1locksmith.com/","11274 Allen Rd, Taylor, MI 48180, USA"
"Capital Plumbing","(248) 740-7643","plumber","4.7","46","http://www.capitalplumbingmi.com/","34661 Mound Rd, Sterling Heights, MI 48310, USA"
"AirMedics Heating + Cooling","(519) 566-7378","gas-engineer","4.8","46","http://airmedics.ca/","2427 Longfellow Ave, Windsor, ON N9E 2K8, Canada"
"Mad Dash Heating & Air Conditioning","(313) 405-3895","gas-engineer","4.7","45","https://www.maddashac.com/","429 Livernois St Suite 203, Ferndale, MI 48220, USA"
"Action Air Heating and Air Conditioning Inc.","(226) 346-4313","gas-engineer","4.9","45","http://www.actionairinc.ca/","5408 Malden Rd, Windsor, ON N9E 3V7, Canada"
"DetroitHandyDan","(313) 315-0304","roofer","4.2","45","","15847 Monica St, Detroit, MI 48238, USA"
"Master Plumbers Inc.","(313) 914-4343","plumber","4.7","44","http://www.dialtheplumbers.com/","3415 Clippert St, Detroit, MI 48210, USA"
"Crown Pro Construction LLC","(313) 346-4749","roofer","4.8","44","https://www.crownproconstruction.com/","3202 14th St, Wyandotte, MI 48192, USA"
"Glass Doctor of Grosse Pointe, MI","(313) 882-5575","glazier","4.5","44","https://glassdoctor.com/grosse-pointe?cid=LSTL_MGD000191&utm_source=gmb&utm_campaign=local&utm_medium=organic","18651 Mack Ave Ste B, Grosse Pointe, MI 48236, USA"
"KeyMe Locksmiths","(313) 254-3736","locksmith","4.3","44","https://key.me/kiosks/michigan/dearborn/dearborn/locksmith-key-copy-dearborn-kroger-48124-michigan","23303 Michigan Ave, Dearborn, MI 48124, USA"
"National Electric","(313) 244-9800","electrician","4.4","43","https://www.4mypower.com/","17351 Conant, Detroit, MI 48212, USA"
"Five Guys Plumbing Warren","(586) 382-9378","plumber","5","43","http://www.fiveguysplumbingwarren.com/","22867 Sharrow Ave, Warren, MI 48089, USA"
"A & E Heating & Cooling Co","(313) 892-2122","gas-engineer","4.7","43","http://aeheatingcooling.com/","11653 Joseph Campau Ave, Hamtramck, MI 48212, USA"
"Mighty Dog Roofing of Detroit Metro","(586) 500-7444","roofer","4.7","43","https://www.mightydogroofing.com/detroit-metro-mi","2311 15 Mile Rd B, Sterling Heights, MI 48310, USA"
"Jayco Heating And Cooling","(877) 321-2252","gas-engineer","5","43","https://jaycohvac.com/","17605 Hanna St, Melvindale, MI 48122, USA"
"A & E Plumbing & Drain Cleaning","(586) 293-3000","plumber","4.6","42","https://www.aeanytimeplumbing.com/","31485 Groesbeck Hwy STE D, Fraser, MI 48026, USA"
"Armstrong Plumbing & Sewer Service","(586) 331-5197","plumber","4","42","https://www.armstrongsewerandplumbing.com/","12405 8 Mile Rd, Warren, MI 48089, USA"
"Soltman Heating & Cooling","(248) 543-0441","gas-engineer","4.5","42","http://www.soltmanheating.com/","8650 W Nine Mile Rd, Oak Park, MI 48237, USA"
"Todd Wall Plumbing & Drain Cleaning Inc","(248) 506-8778","plumber","4.6","42","","30605 Westwood Dr, Madison Heights, MI 48071, USA"
"Austin Roofing & Waterproofing","(866) 255-5068","roofer","4.8","42","https://austinroofing.ca/","2220 Olympia Dr #2, Oldcastle, ON N0R 1L0, Canada"
"Detroit Heating and Cooling","(313) 331-6606","gas-engineer","4.5","42","","7403 Dix St, Detroit, MI 48209, USA"
"Brock's Plumbing & Sewer Clng","(313) 574-1641","plumber","4.4","41","","7131 Outer Dr W, Detroit, MI 48235, USA"
"G C drainage electric eel &plumbing","(519) 566-3573","plumber","4.8","41","","2340 Mark Ave, Windsor, ON N9E 3Y2, Canada"
"TJ Plumbing and Heating","(586) 300-4541","plumber","5","41","https://tjplumbingandheating.com/eastpointe-mi/","21321 Kelly Rd #115, Eastpointe, MI 48021, USA"
"Jim Peterson Plumbing, Inc.","(248) 542-0550","plumber","4.4","41","","4152 12 Mile Rd, Berkley, MI 48072, USA"
"My Way Electric","(734) 822-8210","electrician","5","41","http://www.mywayelectric.com/","2271 Fort St, Lincoln Park, MI 48146, USA"
"Electrician Pros Dearborn","(734) 838-4130","electrician","4.8","41","http://www.electricianprosdearborn.com/","23169 Michigan Ave Unit 23080, Dearborn, MI 48123, USA"
"Motor City Electric Technologies","(313) 921-5300","electrician","3.9","40","https://www.mceco.com/capabilities/technology-and-automation/","9440 Grinnell Ave, Detroit, MI 48213, USA"
"Cleroux & Sons Roofing (Residential Windsor Roofing Contractors)","(519) 819-4309","roofer","4.6","40","http://www.clerouxroofing.com/?utm_source=google&utm_medium=gbp&utm_campaign=local","2400 ON-3, Oldcastle, ON N0R 1L0, Canada"
"T&M Roofing","(313) 600-4538","roofer","4.5","40","https://www.tmroofingllc.com/","14564 Schaefer Hwy, Detroit, MI 48227, USA"
"Advanced Heating and Cooling","(313) 543-3373","gas-engineer","3.4","40","","26310 7 Mile, Redford Township, MI 48240, USA"
"Mills Roofing And Renovations Inc.","(519) 971-1434","roofer","4.8","40","http://millsroofing.net/","1942 Balfour Blvd, Windsor, ON N8T 2S5, Canada"
"Service Pro Heating and Cooling","(734) 288-6036","gas-engineer","5","40","https://serviceproheatingandcooling.com/?utm_source=gmb&utm_medium=michigan","1476 McLain Ave, Lincoln Park, MI 48146, USA"
"My Quality Construction of Warren","(586) 571-9175","roofer","4.8","40","https://mqcmi.com/warren/","32640 Dequindre Rd B, Warren, MI 48092, USA"
"Great Lakes Heating & Cooling Services Llc","(586) 200-1063","gas-engineer","4.9","40","https://greatlakesheatingcooling.org/","16640 Industrial St, Roseville, MI 48066, USA"
"Maheu Mechanical, Inc.","(248) 513-5473","gas-engineer","4.9","39","http://www.maheumechanical.com/","20029 Deering, Livonia, MI 48152, USA"
"Michigan Home Improvements","(734) 947-0400","roofer","4.4","39","http://www.michiganhomeimprovements.com/","9008 Groschner St, Taylor, MI 48180, USA"
"Eave Roofing","(248) 955-3258","roofer","5","39","http://www.eaveroofing.com/","323 W Muir Ave, Hazel Park, MI 48030, USA"
"Calhoun's Plumbing Service","(248) 943-7385","plumber","4.1","39","http://www.calhounsplumbing.com/","19933 Livernois, Detroit, MI 48221, USA"
"Collins Electric, LLC","(248) 508-5880","electrician","5","39","http://www.thecollinselectric.com/","1501 S Campbell Rd, Royal Oak, MI 48067, USA"
"Apex Contracting - Specialized in Hardwood Sanding","(519) 962-9141","roofer","4.6","39","http://www.apexcontracting.pro/","3702 Howard Ave, Windsor, ON N9E 3N5, Canada"
"Slade's Plumbing & Sewer Service","(248) 399-8532","plumber","4","39","","14350 Eight Mile W Suite 160, Oak Park, MI 48237, USA"
"EB Plumbing","(519) 945-9610","plumber","4.5","39","https://www.ebplumbing.ca/","7150 Malden Rd, Windsor, ON N9J 3K7, Canada"
"G & J Heating & Cooling","(519) 945-3709","gas-engineer","3.8","38","http://www.gjheatingandcooling.ca/","2727 Meighen Rd, Windsor, ON N8W 4C7, Canada"
"Household Heating & Cooling","(313) 543-2300","gas-engineer","4.2","38","http://www.householdheatingandcooling.com/","8908 Telegraph Rd, Redford Township, MI 48239, USA"
"Lucky's Heating & Cooling","(734) 281-8339","gas-engineer","4.3","38","https://www.luckysheatingandcooling.com/","18315 M-85, Riverview, MI 48193, USA"
"Evolve Construction & Restoration MI","(800) 222-4100","roofer","4.9","38","https://evolveconstruction.com/","11000 W McNichols Rd Ste 323 #1046, Detroit, MI 48221, USA"
"5 Star","(586) 453-3636","roofer","4.8","38","","19010 E Thirteen Mile Rd, Roseville, MI 48066, USA"
"Pankow n Sons Roofing and repair LLC","(586) 216-6141","roofer","4.9","38","https://www.pankowandsonsroofing.com/","13110 E 9 Mile Rd, Warren, MI 48089, USA"
"Fairfax Electric","(313) 291-7794","electrician","4.5","37","http://fairfaxelectric.net/","25447 Ecorse Rd, Taylor, MI 48180, USA"
"Almega HCE Inc","(519) 903-9316","gas-engineer","5","37","https://almegahce.com/","188 Riverview Ave, LaSalle, ON N9J 3Y1, Canada"
"Sargent Roofing","(800) 465-7460","roofer","4.9","37","https://www.sargentservices.net/office-locations/royal-oak-mi-office/?utm_source=google&utm_medium=organic&utm_campaign=google-business-profile-royal-oak","220 S Main St #403, Royal Oak, MI 48067, USA"
"Electrician Pros Detroit","(313) 488-3156","electrician","4.8","37","http://www.electricianprosdetroit.com/","5578 Ivanhoe St, Detroit, MI 48204, USA"
"Rauth Roofing Windsor - Flat, Replacement, & Commercial Roofing Contractors","(519) 945-6301","roofer","4.7","37","http://www.rauthroofing.com/?utm_source=local&utm_medium=gbp&utm_campaign=google","7830 McHugh St, Windsor, ON N8S 2B8, Canada"
"Magnum Construction","(734) 281-0097","roofer","4.9","36","","4120 Biddle Ave, Wyandotte, MI 48192, USA"
"G J Sewer Repair","(313) 937-0500","plumber","4.8","36","http://g-j-sewer-repair.jany.io/","15593 Pomona Dr, Redford Township, MI 48239, USA"
"KeyMe Locksmiths","(313) 284-8341","locksmith","4.6","36","https://key.me/kiosks/michigan/southgate/southgate/locksmith-key-copy-southgate-kroger-48195-michigan","16705 Fort St, Southgate, MI 48195, USA"
"Westgate Plumbing Services","(586) 300-2802","plumber","5","36","https://westgateplumbingservices.com/st-clairshores-mi/","20816 E 11 Mile Rd #130, St Clair Shores, MI 48081, USA"
"Mailloux Mechanical Ltd.","(519) 626-4344","gas-engineer","4.9","35","https://maillouxmechanical.com/","5347 Outer Dr, Oldcastle, ON N9G 0C4, Canada"
"Pro Heating & Cooling ,electrical Company Llc","(313) 903-0575","gas-engineer","4.8","35","","Dearborn, MI 48126, USA"
"Advanced Electric and Controls Inc.","(519) 972-0232","electrician","4.7","35","http://www.advanced-electric.ca/","360 Eugenie St E unit # 212, Windsor, ON N8X 2Y1, Canada"
"BTG Gutters","(248) 561-7790","roofer","5","35","https://btggutters.com/","30868 Dawson Ave, Garden City, MI 48135, USA"
"LunasMRImprovements LLC","(586) 722-4028","roofer","5","35","","26280 Koontz St, Roseville, MI 48066, USA"
"Cutting Edge Constructions","(586) 588-7663","roofer","4.9","35","http://www.877cutedge.com/","25191 Gratiot Ave, Roseville, MI 48066, USA"
"Ultra Climate Control Heating & Cooling","(586) 800-2521","gas-engineer","5","35","https://www.ultraclimatecontrol.com/st-clair-shores/","22777 Harper Ave STE 105, St Clair Shores, MI 48080, USA"
"Arrow Heating & Cooling","(586) 415-6700","gas-engineer","4.8","34","http://www.arrowhtg.com/","30289 Little Mack Ave, Roseville, MI 48066, USA"
"Dearborn Furnace LLC","(734) 415-4311","gas-engineer","5","34","","3761 Detroit St, Dearborn, MI 48124, USA"
"Tittle Brothers Construction","(248) 639-7268","roofer","5","34","https://tittlebrothers.com/","27501 Woodward Ave, Berkley, MI 48072, USA"
"Roulo's Plumbing Heating & Cooling","(313) 527-6770","plumber","4.5","34","https://www.rouloplumbingheating.com/","19316 Kelly Rd, Harper Woods, MI 48225, USA"
"Majestic Heating & Cooling","(313) 835-1616","gas-engineer","4.4","34","http://www.majestic-heating.com/","15210 Middlebelt Rd bldg a, Livonia, MI 48154, USA"
"KeyMe Locksmiths","(248) 986-2667","locksmith","4.3","33","https://key.me/kiosks/michigan/troy/troy/locksmith-key-copy-troy-kroger-48084-michigan","1237 Coolidge Hwy, Troy, MI 48084, USA"
"KeyMe Locksmiths","(517) 300-3628","locksmith","4.4","33","https://key.me/kiosks/michigan/st-clair-shores/st-clair-shores/locksmith-copy-keys-st-clair-shores-kroger-48080-michigan","22801 Harper Ave, St Clair Shores, MI 48080, USA"
"Precision Remodeling and Property Maintenance","(313) 633-1639","roofer","5","33","https://precisionroofremodel.com/","3719 Fort St, Lincoln Park, MI 48146, USA"
"Roofing Army","(248) 326-2020","roofer","5","33","https://roofingarmy.com/ferndale/","701 Woodward Heights Suite 135, Ferndale, MI 48220, USA"
"Roman Empire Heating and Cooling","(586) 202-0672","gas-engineer","5","32","","27264 James St, Warren, MI 48092, USA"
"WAYNE COUNTY HVAC LLC","(313) 460-8724","gas-engineer","5","32","http://waynecountyhvac.com/","14120 Wyoming Ave, Detroit, MI 48238, USA"
"A1 Bargain Plumbing","(313) 400-1339","plumber","4.6","32","https://www.a1bargainplumbing.com/","11814 Heatherwood Cir, Taylor, MI 48180, USA"
"Critical Heating & Cooling Llc","(586) 362-8874","gas-engineer","5","32","http://criticalheatingcooling.com/","30271 Park St, Roseville, MI 48066, USA"
"G&P Root Raiders Plumbing","(586) 775-1046","plumber","4","32","https://rootraiders.com/","21007 Walton St, St Clair Shores, MI 48081, USA"
"SK ELECTRIC","(313) 722-4730","electrician","4.7","32","http://www.skelectricmi.com/","3516 Fort St, Lincoln Park, MI 48146, USA"
"On Demand Heating & Cooling inc","(519) 551-1223","gas-engineer","4.8","32","","4489 Concession Rd 4 N, Amherstburg, ON N9V 2Y9, Canada"
"Ellie Rae Heating Cooling & Refrigeration","(586) 400-4822","gas-engineer","4.9","32","http://www.ellieraehvac.com/","15 Mile Rd, Sterling Heights, MI 48312, USA"
"Weir Brothers Heating-Cooling","(519) 969-1144","gas-engineer","4.4","32","https://www.weirbros.ca/","4715 Ray Rd, Windsor, ON N0R 1K0, Canada"
"Sam's Appliances","(313) 582-3332","gas-engineer","3.4","31","","7327 Greenfield Rd, Detroit, MI 48228, USA"
"KeyMe Locksmiths","(248) 558-2284","locksmith","4.4","31","https://key.me/kiosks/michigan/ferndale/ferndale/locksmith-copy-keys-ferndale-kroger-48220-michigan","8920 Eight Mile W, Ferndale, MI 48220, USA"
"Holiday Heating and Air Conditioning","(586) 209-9702","gas-engineer","5","31","https://www.holidayheatinggrossepointe.com/","17133 Mack Ave, Detroit, MI 48224, USA"
"Westland Plumbing Co","(734) 519-7075","plumber","5","31","https://www.fiveguysplumbingwestland.com/","31421 Hazelwood St, Westland, MI 48186, USA"
"Eagle Heating & Cooling","(519) 737-7778","gas-engineer","3.5","31","https://eaglehc.net/","5205 8th Concession Rd, Maidstone, ON N0R 1K0, Canada"
"Airport Plumbing","(734) 754-0083","plumber","5","31","https://airportplumbing.com/","18340 Winwood Ave, Brownstown Township, MI 48193, USA"
"Classic Roofing & Windows","(519) 977-0406","roofer","4.5","31","http://classicroofingwindows.com/","2327 California Ave, Windsor, ON N9E 4P2, Canada"
"Trio Electrical Services","(313) 398-6532","electrician","5","30","","8048 Riverdale St, Dearborn Heights, MI 48127, USA"
"Premium Electric Company, Inc","(248) 543-9609","electrician","4.8","30","http://www.premiumelec.com/","2550 Hilton Rd, Ferndale, MI 48220, USA"
"ABC Drainage & Electric Eel","(519) 971-9393","plumber","4.5","30","http://www.abcdrainageandplumbing.ca/","2420 McKay Ave, Windsor, ON N9E 2P5, Canada"
"KeyMe Locksmiths","(248) 422-2199","locksmith","3.9","30","https://key.me/kiosks/michigan/roseville/roseville/locksmith-key-copy-roseville-kroger-48066-michigan","26130 Gratiot Ave, Roseville, MI 48066, USA"
"SAM ELECTRIC WINDSOR","(519) 791-9560","electrician","4.4","30","","Maguire St #3781Maguire, Windsor, ON N9E 4T2, Canada"
"Riverfront Building Supply Hardware","(313) 822-1339","gas-engineer","4.2","29","https://rebrandcitiessite0aa72c685e7f491f9c0612ffe491d3ab.wordpress.com/about/","14400 East, Detroit, MI 48215, USA"
"Leading Electric Inc","(519) 919-2535","electrician","5","29","https://leadingelectricinc.ca/","Tecumseh, ON N8N 3N9, Canada"
"Golden General Contractor / Remodeling / Handyman/ Carpentry","(734) 759-7429","roofer","4.7","29","http://www.goldencontractor.org/","2026 Electric St, Wyandotte, MI 48192, USA"
"Lakin Electric","(734) 281-1773","electrician","4.4","29","https://www.lakinelectric.com/","12372 Fort St, Southgate, MI 48195, USA"
"Tyger Mechanical Solutions","(519) 916-0882","gas-engineer","4.9","28","https://tygermechanical.com/","8547 Concession Rd 8, McGregor, ON N0R 1J0, Canada"
"Pannunzio Drainage Inc","(519) 966-6738","plumber","4.6","28","https://www.pannunziodrainage.ca/","6245 Howard Ave, Oldcastle, ON N0R 1L0, Canada"
"Superior Plumbing & Heating of LaSalle","(226) 798-0499","plumber","4.6","28","https://superiorplumbing.ca/lasalle/?utm_source=gmb&utm_medium=organic&utm_campaign=gmb","1740 Sprucewood Ave Unit#3, LaSalle, ON N9J 0E6, Canada"
"London Eco Metal Manufacturing","(519) 322-6229","roofer","4.8","27","https://www.londonecometal.com/","2400 ON-3, Oldcastle, ON N0R 1L0, Canada"
"Advance Temperature Solutions","(248) 909-7872","gas-engineer","4.6","27","http://www.advancetemperaturesolutions.com/","11498 E 9 Mile Rd, Warren, MI 48089, USA"
"BP Gas Station and Locksmith","(248) 307-7681","locksmith","4.8","27","https://map.bp.com/en-US/US/gas-station/oak-park/bp/124988","10700 W Nine Mile Rd, Oak Park, MI 48237, USA"
"Urban Heating & Cooling","(519) 734-8978","gas-engineer","3.8","27","https://www.urbanheating.ca/","4325 County Rd 42 Suite 13, Windsor, ON N9A 6J3, Canada"
"RR Heating & AC Solutions","(586) 290-2444","gas-engineer","5","27","","11576 E Thirteen Mile Rd, Warren, MI 48093, USA"
"Williams Brothers AC and Heat","(313) 710-9600","gas-engineer","4.9","27","https://williamsbrothersacandheat.com/dearborn-mi/","15300 Rotunda Dr, Dearborn, MI 48120, USA"
"Capannelli Electric & Contracting Inc.","(519) 791-8949","electrician","5","27","https://www.capannellielectric.com/","569 Farrell Ave, Windsor, ON N9J 3P8, Canada"
"Roofing with Integrity","(519) 981-9589","roofer","4.4","27","","3947 Riberdy Rd, Windsor, ON N8W 3W5, Canada"
"R & R Mechanical Heating & Cooling","(248) 629-9185","gas-engineer","5","27","https://www.rrmechanicalonline.com/","240 Park St, Troy, MI 48083, USA"
"Drain Masters Rooter & Plumbing","(586) 942-3330","plumber","4.7","27","https://mydrainmaster.com/","33044 Mound Rd, Sterling Heights, MI 48310, USA"
"Superior Plumbing & Heating of Essex","(226) 407-9521","plumber","4.6","27","https://superiorplumbing.ca/essex/?utm_source=gmb&utm_medium=organic&utm_campaign=gmb","2 Talbot St S Unit#4, Essex, ON N8M 1A7, Canada"
"Warren Furnace LLC","(586) 500-7888","gas-engineer","5","26","http://www.warrenfurnaceandair.com/","12443 Lutz Ave, Warren, MI 48093, USA"
"RR Heating & AC Solutions","(586) 800-4449","gas-engineer","5","26","","30850 Schoenherr Rd, Warren, MI 48088, USA"
"KeyMe Locksmiths","(248) 292-3451","locksmith","3.2","26","https://key.me/kiosks/michigan/detroit/downtown/key-copy-downtown-michigan","139 Cadillac Square, Detroit, MI 48226, USA"
"Allstate Glass","(313) 864-7062","glazier","4.5","26","http://www.allstateglass1.com/","3922 Fenkell Ave, Detroit, MI 48238, USA"
"At-Less Drain Cleaning, LCC","(586) 776-6993","plumber","2.6","25","","21527 Avalon St, St Clair Shores, MI 48080, USA"
"KeyMe Locksmiths","(313) 789-2322","locksmith","4.3","25","https://key.me/kiosks/michigan/taylor/taylor/locksmith-key-copy-taylor-kroger-48180-michigan","7000 Monroe Blvd, Taylor, MI 48180, USA"
"KeyMe Locksmiths","(248) 617-0517","locksmith","4.2","25","https://key.me/kiosks/michigan/southfield/southfield/locksmith-key-copy-southfield-kroger-48076-michigan","19855 W 12 Mile Rd, Southfield, MI 48076, USA"
"Jayco Heating And Cooling","(313) 552-6588","gas-engineer","5","25","https://jaycohvac.com/","15780 Schaefer Hwy, Detroit, MI 48227, USA"
"Dennis Robert Roofing","(586) 295-1844","roofer","5","24","https://dennisrobertroofing.com/?utm_source=omg-gbp&utm_medium=webclick","5740 Foss St, Sterling Heights, MI 48310, USA"
"Desert in Alaska","(313) 931-3070","gas-engineer","4","24","http://www.desertinalaska.com/#cid=sem::glbc","11402 Schaefer Hwy, Detroit, MI 48227, USA"
"Williams Brothers","(313) 710-8300","gas-engineer","4.8","24","https://williamsbrothersacandheat.com/dearborn-mi-2/","2050 N Telegraph Rd, Dearborn, MI 48128, USA"
"Bob Turner Plumbing","(248) 586-9737","plumber","4.2","24","http://www.bobturnerplumbing.com/","31319 Dequindre Rd, Madison Heights, MI 48071, USA"
"Expert Electrician LLC","(313) 258-2926","electrician","5","24","https://expertelectricianllc.com/","928 N Telegraph Rd, Dearborn, MI 48128, USA"
"Drainex Construction Services Inc.","(519) 919-9600","plumber","5","24","https://drainexcs.ca/","8320 ON-3, Maidstone, ON N0R 1K0, Canada"
"Detroit handyman","(313) 241-6286","roofer","4.5","24","http://www.detroithandyman.net/","607 Shelby St suite 1158, Detroit, MI 48226, USA"
"Royal Oak Heating & Air Conditioning","(810) 204-7117","gas-engineer","5","24","","108 W 2nd St, Royal Oak, MI 48067, USA"
"Winowski Plumbing","(586) 573-8677","plumber","4.3","24","","11243 Common Rd, Warren, MI 48093, USA"
"Thompson Trenchless and Hydro Jetting","(734) 586-2200","plumber","5","23","https://thompsontrenchless.com/?utm_source=Google&utm_medium=Organic&utm_campaign=GBP","1799 Oak St, Wyandotte, MI 48192, USA"
"Livonia HVAC Heating and Cooling","(734) 884-8885","gas-engineer","5","23","https://livoniahvac.com/","28722 Plymouth Rd, Livonia, MI 48150, USA"
"Versatile Air Systems","(226) 787-9000","gas-engineer","5","23","https://versatileairsystems.com/","1390 Lauzon Rd, Windsor, ON N8S 3N1, Canada"
"Sewer Surgeons Of Michigan","(734) 285-6505","plumber","5","23","https://sewersurgeonsllc.com/","20200 Lorne St, Taylor, MI 48180, USA"
"Mill's Heating","(734) 245-0505","gas-engineer","4.5","23","https://rymaps.xyz/business/mills-heating-krl0mi","15210 Middlebelt Rd Bldg. C, Livonia, MI 48154, USA"
"Ferndale Heating & Cooling","(248) 800-5285","gas-engineer","4.6","22","","1469 E 9 Mile Rd, Ferndale, MI 48220, USA"
"On Hand Mechanical","(313) 685-7521","gas-engineer","4.6","22","http://onhandmechanical.com/","3840 8 Mile Rd, Detroit, MI 48234, USA"
"Roto-Rooter Plumbing & Water Cleanup","(313) 263-4497","plumber","4.6","22","https://www.rotorooter.com/allenparkmi/?utm_source=Google&utm_medium=organic&utm_campaign=gmb&utm_content=website","7445 Allen Rd Ste 101, Allen Park, MI 48101, USA"
"Up Top Roofing & Exteriors","(519) 974-1818","roofer","4.5","22","http://www.uptop-roofing.com/","3702 Howard Ave, Windsor, ON N9E 3N5, Canada"
"Franco Roofing Co","(586) 420-8923","roofer","5","22","https://francorooflafayette.com/","16585 E 10 Mile Rd suite 262, Eastpointe, MI 48021, USA"
"Apex Roofing Co","(313) 637-6358","roofer","4.8","22","https://apexservicesco.com/taylor-mi/","11109 Baraga St, Taylor, MI 48180, USA"
"A Plus Electric Eel Drainage And Plumbing","(519) 990-3751","plumber","4.5","21","","McKay Ave, Windsor, ON N9B 0B3, Canada"
"Sanford & Son Electrical Co","(313) 922-0246","electrician","4.9","21","","5525 Montclair St, Detroit, MI 48213, USA"
"Priebe Mechanical","(586) 293-6883","gas-engineer","4.8","21","http://priebemechanical.com/","31125 Kendall, Fraser, MI 48026, USA"
"Main Street Electric & Home Repair LLC","(248) 894-3223","electrician","5","21","http://www.main-street-electric.com/","3114 Garden Ave, Royal Oak, MI 48073, USA"
"KeyMe Locksmiths","(248) 609-3598","locksmith","4","21","https://key.me/kiosks/michigan/royal-oak/royal-oak/locksmith-key-copy-royal-oak-kroger-48067-michigan","2200 E 12 Mile Rd, Royal Oak, MI 48067, USA"
"R K Heating & Cooling","(519) 890-2223","gas-engineer","4.4","21","http://rkheatingandcooling.com/","11117 Timber Bay Crescent, Windsor, ON N8R 2L4, Canada"
"Ryan Roofing","(519) 791-6413","roofer","4","21","","9210 Disputed Rd, Windsor, ON N9H 0H9, Canada"
"Professional Door & Lock Services, Inc.","(313) 255-3255","locksmith","4.3","20","https://www.professionaldoorandlockservices.net/services","16701 Burgess, Detroit, MI 48219, USA"
"Minute Key","(586) 675-0675","locksmith","4.4","20","https://www.minutekey.com/key-services/michigan/roseville/locksmith-key-copy-duplication-28804-gratiot-ave-/13785/","28804 Gratiot Ave, Roseville, MI 48066, USA"
"Cardinal Services Group","(519) 735-6666","gas-engineer","3.8","20","http://www.cardinalservicesgroup.com/","3625 Munich Ct, Windsor, ON N8N 0E7, Canada"
"Dearborn Plumbing Services","(734) 212-8707","plumber","5","20","http://fiveguysplumbingdearborn.com/","14 Opal Dr, Dearborn, MI 48126, USA"
"Stewart Heating and Cooling","(248) 549-0400","gas-engineer","5","20","http://www.stewarthc.com/","4511 Delemere Blvd, Royal Oak, MI 48073, USA"
"Ray's Electrical Services","(313) 450-9918","electrician","3.8","20","","21080 Goddard Rd, Taylor, MI 48180, USA"
"Zeny construction","(519) 982-2531","roofer","4.6","20","http://zenycns.com/","6, 2557 Dougall Ave Suite 437, Windsor, ON N8T 1T5, Canada"
"Aupa Electric","(647) 550-3287","electrician","5","19","","1164 Ouellette Ave, Windsor, ON N9A 1C9, Canada"
"Air Tech Air Conditioning & Heating","(586) 771-4328","gas-engineer","4.6","19","http://www.airtechmi.com/","28010 Harper Ave, St Clair Shores, MI 48081, USA"
"Empire Roofing Corporation","(519) 969-7101","roofer","4.4","19","https://empireroofingcorporation.com/","4810 Walker Rd, Windsor, ON N9A 4H7, Canada"
"E-Z Electric","(734) 284-2100","electrician","3.4","19","http://www.e-zelectric.com/","16665 Racho Rd, Taylor, MI 48180, USA"
"Select Roofing","(519) 563-8926","roofer","5","19","https://www.selectroofing.ca/","199 Riverview Ave, Windsor, ON N9J 3X9, Canada"
"Heating & Cooling","(313) 476-6004","gas-engineer","4.2","19","","19601 Schoolcraft Rd, Detroit, MI 48223, USA"
"After Hour Sewer/Water Service","(734) 244-6873","plumber","4.9","19","https://www.facebook.com/AfterHourSewer?mibextid=LQQJ4d","4224 Dix Hwy, Lincoln Park, MI 48146, USA"
"Thompson Electrical","(226) 773-2010","electrician","4.8","19","https://www.telectrical.ca/?utm_source=google&utm_medium=wix_google_business_profile&utm_campaign=5311592454483949627","1769 Assumption St #1, Windsor, ON N8Y 1C3, Canada"
"Ray Electric Supply","(586) 771-2211","electrician","4.4","19","http://www.rayelectricsupply.com/","27311 Gratiot Ave, Roseville, MI 48066, USA"
"Capital Roofing Guys","(248) 368-0116","roofer","4.9","18","https://capitalroofingguys.com/southfield-mi/","21624 Melrose Ave #3, Southfield, MI 48075, USA"
"Super Drain Windsor","(519) 800-2431","plumber","5","18","https://superdrainwindsor.ca/?utm_source=gmb&utm_medium=organic&utm_campaign=gmb","3817 Howard Ave #111, Windsor, ON N9E 3N8, Canada"
"Owens Heating & Cooling LLC","(313) 475-5150","gas-engineer","5","18","https://owensheatingandcooling.carrd.co/","8500 W Nine Mile Rd, Oak Park, MI 48237, USA"
"Slifco Electric, LLC","(248) 686-1468","electrician","3.8","18","http://www.slifcoelectric.com/","6353 E 14 Mile Rd, Sterling Heights, MI 48312, USA"
"MCB Electrical Contractors Ltd.","(519) 962-5855","electrician","4.1","18","https://mcbelectrical.ca/","1005 Walker Rd, Windsor, ON N8Y 2N6, Canada"
"Beato Electric & Controls","(519) 981-4382","electrician","5","17","https://www.beatoservices.com/contact-us-request-service","461 Maple Ave, LaSalle, ON N9J 1P3, Canada"
"Jacques Roofing & Trim","(519) 978-1211","roofer","3.7","17","https://www.facebook.com/share/1G3dkYv7Wp/?mibextid=wwXIfr","545 Hwy 18, Windsor, ON N9J 1A5, Canada"
"Heating and Cooling Dearborn","(313) 490-1865","gas-engineer","3.8","16","","5320 Oakman Blvd, Dearborn, MI 48126, USA"
"Building Blocks Home Improvements LLC","(313) 854-9816","roofer","4.4","16","","16608 Trinity St, Detroit, MI 48219, USA"
"Neighbourhood Electric","(519) 945-4663","electrician","4.1","16","http://www.neighbourhoodelectric.com/","Unit #1, 1540 Matthew Brady Blvd, Windsor, ON N8S 3K6, Canada"
"Detroit Heating and Cooling","(313) 346-4550","gas-engineer","4.5","16","","9625 Gratiot Ave, Detroit, MI 48213, USA"
"Watt N Volt Electric Ltd.","(519) 999-1870","electrician","5","16","http://www.wattnvoltelectric.ca/","4621 Southwood Lakes Blvd, Windsor, ON N9G 2M3, Canada"
"R C Lomasney & Sons","(586) 755-1210","gas-engineer","5","16","https://rclomasneyandsons.com/","28332 Hayes Rd Building H, Roseville, MI 48066, USA"
"Man of Steel Roofer of Warren MI","(586) 933-8027","roofer","4.6","16","https://warrenroofer.manofsteelresources.com/","24000 Mound Rd, Warren, MI 48091, USA"
"Jones Family Heating & Cooling","(734) 341-3853","gas-engineer","4.8","16","","19315 Meridian Rd, Grosse Ile Township, MI 48138, USA"
"Detroit Heating & Air Conditioning","(313) 346-4840","gas-engineer","4.2","15","","2636 E Jefferson Ave, Detroit, MI 48207, USA"
"Krueger Heating & AC Co","(586) 443-4328","gas-engineer","4.7","14","http://www.kruegerheating.com/","22208 Lakeshire St, St Clair Shores, MI 48081, USA"
"Detroit Heating & Cooling","(313) 346-4825","gas-engineer","2.4","14","","5610 Florida St, Detroit, MI 48210, USA"
"Ferndale Electric Co Inc","(248) 545-4404","electrician","4.7","14","http://www.ferndale-electric.com/","31750 Sherman Ave, Madison Heights, MI 48071, USA"
"Avanti Construction Inc","(734) 732-2985","roofer","5","14","http://avanticonstruction.org/","Kensington St, Taylor, MI 48180, USA"
"System Pros Heating & Cooling","(313) 677-1111","gas-engineer","5","14","https://systemprosheatingandcooling.com/","6315 Michigan Ave, Detroit, MI 48210, USA"
"Heating & Cooling Oakland County","(248) 749-7287","gas-engineer","5","14","","2439 Hilton Rd, Ferndale, MI 48220, USA"
"KZ Plumbing And Heating","(519) 564-9109","plumber","4.1","14","http://www.kzplumbingandheating.com/","2567 Gatwick Ave, Windsor, ON N8P 1Y7, Canada"
"Clog Heroes Drain & Plumbing Services","(586) 662-8835","plumber","5","14","http://clogheroes.net/","313 E Hudson Ave, Royal Oak, MI 48067, USA"
"KeyMe Locksmiths","(313) 474-9538","locksmith","3.9","14","https://key.me/kiosks/michigan/harper-woods/harper-woods/locksmith-key-copy-harper-woods-kroger-48225-michigan","20903 Harper Ave, Harper Woods, MI 48225, USA"
"Ken's Refrigeration & Air Conditioning","(586) 755-0077","gas-engineer","3.9","14","","5466 E 9 Mile Rd, Warren, MI 48091, USA"
"Mr.Marks","(586) 354-3967","gas-engineer","5","14","","17914 Birmingham St, Roseville, MI 48066, USA"
"Safety ONE Electric Co LLC","(313) 303-1617","electrician","3.9","14","https://www.safety1electric.com/services-1","Harper Woods, MI 48225, USA"
"Detroit HVAC Solutions: Heating & Air Conditioning","(313) 698-0591","gas-engineer","4.7","14","","1770 E McNichols Rd, Detroit, MI 48203, USA"
"Win Roofing and Home Improvement","(586) 344-2447","roofer","4.7","14","https://winhomeimprovementco.com/","740 E 11 Mile Rd, Madison Heights, MI 48071, USA"
"Roadside-Assistance -S40.00","(313) 914-6000","locksmith","3.6","14","http://www.roadside-assistance.services/","18902 E 9 Mile Rd, Eastpointe, MI 48021, USA"
"Fahrenheit Heating & Cooling","(519) 970-9079","gas-engineer","4.1","13","","285 Reaume Rd, Windsor, ON N9J 1B2, Canada"
"MK Electric","(519) 564-9816","electrician","4.6","13","","1006 Peach Blossom Crescent, Windsor, ON N9G 2R5, Canada"
"Kenwil Services Limited","(519) 977-7919","gas-engineer","5","13","http://www.kenwilltd.com/","3695 Russell St, Windsor, ON N9C 1E9, Canada"
"Lake Pointe Construction","(248) 544-0413","roofer","4.7","13","http://lakepte.com/","664 Laprairie St, Ferndale, MI 48220, USA"
"AMJ Exteriors","(519) 329-7663","roofer","5","13","","1571 Seymour Blvd, Windsor, ON N8W 5M7, Canada"
"KeyMe Locksmiths","(517) 760-6356","locksmith","4.5","13","https://key.me/kiosks/michigan/roseville/roseville/locksmith-duplicate-keys-roseville-kroger-48066-michigan","20891 E Thirteen Mile Rd, Roseville, MI 48066, USA"
"Electricians Windsor","(226) 799-2100","electrician","4.7","13","https://www.electricianswindsor.ca/","2708 Scarsdale Rd, Windsor, ON N8R 1R4, Canada"
"New Look Roofers","(313) 631-1137","roofer","4.8","13","https://www.newlookroofers.com/dearborn-mi/","9500 Dix Ave #2, Dearborn, MI 48120, USA"
"Water Loc Inc.","(519) 980-5280","roofer","4.7","13","https://waterloc.ca/","9009 Howard Ave Unit B, Oldcastle, ON L5T 1R7, Canada"
"Detroit Heating & Cooling","(734) 598-2136","gas-engineer","4.7","13","","5128 Elmer St, Detroit, MI 48210, USA"
"Accent Roofing & Siding","(519) 974-9942","roofer","4.2","13","http://www.accentroofing.ca/","2714 Meighen Rd, Windsor, ON N8W 4C8, Canada"
"Wilton Electrical and Contracting Inc.","(519) 978-3767","electrician","5","12","https://wiltonelectrical.ca/","63 Whelan Dr, Amherstburg, ON N9V 4B6, Canada"
"Relax Mechanical Svc Inc","(519) 562-2533","gas-engineer","3.6","12","","1100 Elfriede Dr, Windsor, ON N8X 5A1, Canada"
"Safadi’s Construction","(313) 400-5490","roofer","5","12","","17190 E Warren Ave, Detroit, MI 48224, USA"
"Great Lake Plumbing Service Inc.","(586) 823-9744","plumber","4.7","12","http://greatlakeplumb.com/","28425 Greenfield Rd suite 212, Southfield, MI 48076, USA"
"Forced Air Heating & Cooling Inc","(519) 250-6489","gas-engineer","4","12","http://forcedair.ca/","#31054, Windsor, ON N9G 2Y2, Canada"
"Heating & Air Conditioning","(313) 346-4330","gas-engineer","4","12","","6938 Michigan Ave, Detroit, MI 48210, USA"
"Horizon Roofing Ltd","(519) 969-5152","roofer","4.1","12","http://horizonroofing.net/","3735 Cabana Road E, Windsor, ON N8V 0A5, Canada"
"S & M Heating Sales Co","(248) 352-4656","gas-engineer","4.7","12","http://www.smheating.com/","23262 Telegraph Rd, Southfield, MI 48033, USA"
"Riney Electric","(734) 281-6311","electrician","3.8","12","http://rineyelectric.com/","1459 Fort St, Wyandotte, MI 48192, USA"
"Enochs construction llc","(248) 747-1813","roofer","5","12","","203 S Lafayette Blvd, Warren, MI 48091, USA"
"Minute Key","(586) 879-7312","locksmith","3.8","12","https://www.minutekey.com/key-services/michigan/madison-heights/locksmith-key-copy-duplication-434-west-twelve-mile/1164/","434 12 Mile Rd, Madison Heights, MI 48071, USA"
"Precision-Handyman","(313) 918-2097","roofer","5","12","http://www.precision-handyman.com/","12918 Lahser Rd, Detroit, MI 48223, USA"
"Flach Construction","(586) 222-9592","roofer","5","12","https://flachconstruction.com/","11223 Dale, Warren, MI 48089, USA"
"Komo E.G.C INC","(647) 767-7815","electrician","5","11","https://komo-egc-inc.com/","1572 Tecumseh Rd E #4, Windsor, ON N8W 1C4, Canada"
"Dearborn Heights Heating & Cooling","(313) 349-6243","gas-engineer","3.5","11","","4521 S Beech Daly St, Dearborn Heights, MI 48125, USA"
"Jozef Contractor Inc","(248) 499-2060","roofer","4.2","11","http://teamjozef.com/","17245 Mt Elliott St #48212, Detroit, MI 48212, USA"
"Heating & Cooling","(248) 509-6376","gas-engineer","5","11","","21656 Woodward Ave, Ferndale, MI 48220, USA"
"Minute Key","(313) 938-3395","locksmith","4.2","11","https://www.minutekey.com/key-services/michigan/allen-park/locksmith-key-copy-duplication-23111-outer-drive/1142/","23111 Outer Dr W, Allen Park, MI 48101, USA"
"KeyMe Locksmiths","(313) 889-7140","locksmith","3.7","11","https://key.me/kiosks/michigan/lincoln-park/lincoln-park/locksmith-key-copy-lincoln-park-meijer-48146-michigan","3710 Dix Hwy, Lincoln Park, MI 48146, USA"
"Orlandos Potable Plumbing","(866) 212-4150","plumber","4.7","11","http://orlandospotableplumbing.com/","440 Burroughs St suite 138, Detroit, MI 48202, USA"
"Wm. Molnar Roofing, Inc.","(734) 281-0591","roofer","4.9","11","https://molnarroofing.com/","22201 Pennsylvania Rd, Brownstown Township, MI 48193, USA"
"SMC Plumbing Inc","(226) 216-0910","plumber","4.5","11","http://www.smcplumbinginc.com/","317 Croft Dr, Tecumseh, ON N8N 2S2, Canada"
"J Simon & Sons","(248) 399-4640","electrician","5","11","http://www.jsimonelectric.com/","3773 12 Mile Rd, Berkley, MI 48072, USA"
"Detroit Heating and Air Conditioning","(313) 604-2440","gas-engineer","5","11","","17302 Harper Ave, Detroit, MI 48224, USA"
"Heywood Roofing and Renovations","(226) 260-8097","roofer","5","11","https://heywoodroofingandrenovations.ca/","1425 Labadie Rd, Windsor, ON N8Y 4H2, Canada"
"Sam's Lock & Key Inc","(734) 731-2221","locksmith","4.3","11","","7255 W Frumin Ct, Westland, MI 48185, USA"
"GI Handyman Plus Lawn, LLC","(586) 248-8777","electrician","5","11","http://www.gihandyman.com/","8493 Toepfer Rd, Warren, MI 48089, USA"
"Scott Adams Residential Roofing","(248) 824-0110","roofer","4.6","11","https://www.scottadamsroofing.com/","19169 Beech Daly, Redford Township, MI 48240, USA"
"Constant Home Comfort Windsor","(289) 260-8640","gas-engineer","4","10","https://constanthomecomfort.com/windsor/","1015 University Ave W #201, Windsor, ON N9A 5S6, Canada"
"Detroit Heating and Cooling","(734) 602-3180","gas-engineer","5","10","","3965 Woodward Ave, Detroit, MI 48201, USA"
"Detroit Heating & Air Conditioning","(947) 236-2307","gas-engineer","5","10","","7164 Michigan Ave, Detroit, MI 48210, USA"
"Detroit Heating and Cooling","(313) 281-3600","gas-engineer","4.6","10","","1900 M-102, Detroit, MI 48234, USA"
"Expert Mechanical Service","(734) 282-2250","gas-engineer","4.7","10","https://www.expertmechanicalservice.com/?utm_source=gbp&utm_medium=organic","542 Biddle Ave, Wyandotte, MI 48192, USA"
"Superior HVAC Service, Heating & Air Conditioning","(226) 782-0219","gas-engineer","4.6","10","https://superiorhvacservice.ca/windsor/?utm_source=gmb&utm_medium=organic&utm_campaign=gmb","1169 Lauzon Rd, Windsor, ON N8S 3M9, Canada"
"Detroit Heating And Air Conditioning Services","(313) 346-4409","gas-engineer","5","10","","20406 Seven Mile W, Detroit, MI 48219, USA"
"Detroit Heating & Air Conditioning","(313) 346-4389","gas-engineer","4.6","10","","11600 Evergreen Rd, Detroit, MI 48228, USA"
"KeyMe Locksmiths","(734) 294-0419","locksmith","2.6","10","https://key.me/partners/walmart/kiosks/michigan/southgate/southgate/locksmith-key-copy-southgate-walmart-48195-michigan","14900 Dix Toledo Rd, Southgate, MI 48195, USA"
"Noah Electrical","(313) 464-0102","electrician","3.9","10","","18478 Warwick St, Detroit, MI 48219, USA"
"Master Tech Mechanical","(226) 961-3535","gas-engineer","5","10","https://mastertech-hvac.ca/","1151 Aire Pl, Windsor, ON N8S 4G1, Canada"
"Bradd Heating & Cooling","(519) 944-4333","gas-engineer","3.7","10","","1645 Drouillard Rd, Windsor, ON N8Y 2S4, Canada"
"Cozy comfort","(586) 604-1476","gas-engineer","3.8","10","http://cozycomforthc.com/","27601 Little Mack Ave, St Clair Shores, MI 48081, USA"
"Detroit Boiler Company","(313) 921-7060","gas-engineer","3.6","10","https://detroitboilerco.com/","2931 Beaufait St, Detroit, MI 48207, USA"
"Heaney Plumbing & Heating - St. Clair Shores","(586) 580-1987","gas-engineer","4.2","10","https://heaneyplumbing.com/","22188 Alexander St, St Clair Shores, MI 48081, USA"
"TIKAL ROOFING","(313) 802-0044","roofer","5","10","","7521 Weddel St, Taylor, MI 48180, USA"
"CLR Handyman & Landscaping Service LLC","(313) 377-4540","roofer","5","10","http://clrhandymanlandscaping.com/","18454 Ashton Ave, Detroit, MI 48219, USA"
"Ash Roofing Enterprise","(313) 363-0642","roofer","3.8","10","http://www.ashroofing.net/","18740 John R St, Detroit, MI 48203, USA"
"J&J Roofing","(586) 445-6455","roofer","4.6","10","https://www.jjroofing.com/about-us/free-estimate","29522 Little Mack Ave, Roseville, MI 48066, USA"
"Avalon Roofing Services","(248) 595-7871","roofer","3.5","10","","25373 Five Mile Rd, Redford Township, MI 48239, USA"
"East Detroit Plumbing Heating Electrical & Air-Duct Cleaning LLC","(313) 571-2131","plumber","4.5","10","","3908 Van Dyke St, Detroit, MI 48214, USA"
"Mayan Roofing LLC","(248) 728-8812","roofer","4.8","9","https://topbusinessesusa.top/details/mayan-roofing-llc-ChIJaVq","11450 Stephens Rd, Warren, MI 48089, USA"
"Quick Lock Alarm","(313) 521-2441","locksmith","4.1","9","","10042 Conner St, Detroit, MI 48213, USA"
"Mike's Plumbing","(734) 421-4633","plumber","4.1","9","http://www.mikesplumbingmi.com/","11770 Merriman Rd, Livonia, MI 48150, USA"
"Sam Electrical Services","(248) 870-2814","electrician","3.6","9","","7165 Michigan Ave, Detroit, MI 48210, USA"
"Scarfone Constrn Ltd","(519) 734-1625","roofer","3.7","9","https://scarfoneconstruction.net/","1359 Reaume Rd, Windsor, ON N9J 1C3, Canada"
"Infinity Heating & Cooling","(519) 995-7417","gas-engineer","4.8","9","http://www.frostbyte.ca/","3088 Bruce Ave, Windsor, ON N9E 1W4, Canada"
"True Temp Heating & Cooling","(248) 798-2311","gas-engineer","5","9","http://truetempmi.com/","6205 Middlebelt Rd, Garden City, MI 48135, USA"
"Aerobee Electric Inc","(248) 549-2044","electrician","4.1","9","","3030 Hilton Rd, Ferndale, MI 48220, USA"
"Minute Key","(800) 539-7571","locksmith","4.4","9","https://www.minutekey.com/key-services/ontario/windsor/locksmith-key-copy-duplication-3120-dougall-ave/38715/","3120 Dougall Ave, Windsor, ON N9E 1S4, Canada"
"A Plus Gary & Son Plumbing","(313) 399-7479","plumber","3.7","9","","18629 Fenmore St, Detroit, MI 48235, USA"
"JRI Services","(586) 345-5675","gas-engineer","5","9","http://jriservices.net/","27350 Elmhurst St, Roseville, MI 48066, USA"
"Comfort Zone Heating and Cooling LLC","(734) 474-9984","gas-engineer","4.6","9","http://comfortzonehc.com/","29211 Five Mile Rd, Livonia, MI 48154, USA"
"Webb Mechanical & Elec","(734) 946-0700","electrician","3.4","8","http://www.webbmechanical.com/","12550 Universal Dr, Taylor, MI 48180, USA"
"Future Electric Inc.","(519) 791-2910","electrician","4.5","8","https://www.futureelectricinc.com/","2916 Walker Rd, Windsor, ON N8W 3R3, Canada"
"J and J Electric, Inc.","(586) 757-7080","electrician","4","8","http://www.jandjelect.com/","27555 Mound Rd, Warren, MI 48092, USA"
"All Circuits Electric","(519) 254-7068","electrician","5","8","https://allcircuitselectric.com/","782 Reaume Rd, Windsor, ON N9J 1B8, Canada"
"Minute Key","(800) 539-7571","locksmith","3","8","https://www.minutekey.com/key-services/michigan/taylor/locksmith-key-copy-duplication-7555-telegraph-rd-/1703/","7555 Telegraph Rd, Taylor, MI 48180, USA"
"Core Values Construction, Roofing and Sheet metal","(517) 260-3957","roofer","4.5","8","https://corevaluesconstruction.com/","31125 Block St, Garden City, MI 48135, USA"
"Detroit Roofing Repair","(313) 524-8583","roofer","4","8","http://roofinginstalls.com/","1287 Lillibridge St, Detroit, MI 48214, USA"
"Hatzel & Buehler Inc","(734) 466-8700","electrician","3.3","8","http://hatzelandbuehler.com/","30962 Industrial Rd, Livonia, MI 48150, USA"
"Colt Plumbing","(248) 789-8417","gas-engineer","3.5","8","","3555 Dallas Ave, Warren, MI 48091, USA"
"Morgott Fritz Plumbing and Heating","(586) 777-3040","gas-engineer","3.4","8","http://morgottplumbing.com/contact/3577732","21864 Harper Ave, St Clair Shores, MI 48080, USA"
"Always Pray Appliances & Heating","(313) 869-1300","gas-engineer","2.9","8","","8530 Beechdale Ave, Detroit, MI 48204, USA"
"Joe's Heating & Air Conditioning Detroit","(313) 346-9696","gas-engineer","4.8","8","","11420 Camden Ave, Detroit, MI 48213, USA"
"Applied Comfort Heating","(313) 935-4247","gas-engineer","5","8","","12128 Mendota St, Detroit, MI 48204, USA"
"Prime Square Construction Roofing Specialists","(586) 486-0037","roofer","4.9","8","","25639 Wagner Ave., Warren, MI 48089, USA"
"Detroit Heating and Air Conditioning","(313) 346-4567","gas-engineer","4.6","8","","2652 Gratiot Ave, Detroit, MI 48207, USA"
"Douglas Electric Co","(734) 281-6994","electrician","4.5","8","http://douglaselectricco.com/","759 Grove St, Wyandotte, MI 48192, USA"
"Facine Heating & Cooling","(248) 541-0599","gas-engineer","4.4","8","","545 W 9 Mile Rd, Hazel Park, MI 48030, USA"
"Markdowns Plumbing and Drains","(248) 546-6883","plumber","5","7","http://markdownsplumbing.com/","574 E Lewiston Ave, Ferndale, MI 48220, USA"
"Aristocrat Roofing","(519) 253-1588","roofer","3.9","7","","6926 Conc 6 N, Amherstburg, ON N9V 2Y9, Canada"
"Pete's Roofing","(313) 841-2586","roofer","4.4","7","https://www.petesroofingdetroit.com/","6628 W Fort St, Detroit, MI 48209, USA"
"Yono Renovation","(226) 350-5666","roofer","5","7","https://www.instagram.com/yono_renovations?igsh=MTlnbnQyZHVwMHN1&utm_source=qr","237 Lauzon Rd, Windsor, ON N8S 3L7, Canada"
"Minute Key","(313) 889-8664","locksmith","5","7","https://www.minutekey.com/key-services/michigan/southgate/locksmith-key-copy-duplication-16410-trenton-rd-/14762/","16410 Trenton Rd, Southgate, MI 48195, USA"
"Detroit Heating And Cooling","(313) 490-3904","gas-engineer","5","7","","15025 Wyoming Ave, Detroit, MI 48238, USA"
"Great Lakes Electrical","(313) 365-8465","electrician","3.3","7","http://www.parkinglotlightingservice.com/","13506 Helen St #200, Detroit, MI 48212, USA"
"Monarch Welding & Engineering","(586) 754-5400","gas-engineer","4.9","7","https://www.monarchwelding.com/","23635 Mound Rd, Warren, MI 48091, USA"
"Complete Mechanical HVAC Services Inc.","(226) 348-4322","gas-engineer","5","7","http://www.completemechanical.ca/","4255 7th Concession Rd, Windsor, ON N8W 3T5, Canada"
"Temperate Control Services Inc. | Heating and Cooling","(519) 737-0111","gas-engineer","3.3","7","http://www.temperatecontrols.com/","5440 Dicocco Ct, Tecumseh, ON N0R 1L0, Canada"
"Pollard Heating and Cooling","(313) 551-4011","gas-engineer","4.4","7","https://www.pollardheating.com/contact-us/","23062 Columbia St, Dearborn, MI 48124, USA"
"Mayan Roofing LLC","(248) 781-2067","roofer","4","7","","19148 E 10 Mile Rd, Eastpointe, MI 48021, USA"
"Detroit Heating & Cooling","(313) 346-4545","gas-engineer","4.4","7","","3442 Bagley St, Detroit, MI 48216, USA"
"Raymonds Roofing Inc.","(248) 949-2046","roofer","5","7","","15255 W Eleven Mile Rd, Oak Park, MI 48237, USA"
"Raymonds Roofing Inc.","(248) 600-4941","roofer","4.4","7","","409 S Center St, Royal Oak, MI 48067, USA"
"Groesbeck Glazing Contractors","(586) 757-0600","glazier","5","6","http://groesbeckglazing.com/","11714 E 9 Mile Rd, Warren, MI 48089, USA"
"Bright Roofing & General Building Restoration","(313) 963-9083","roofer","5","6","http://www.bright-roofing.com/","2833 15th St, Detroit, MI 48216, USA"
"Bulldog Boiler Rentals","(313) 867-8326","gas-engineer","4.2","6","https://www.bulldogboiler.com/","1641 Caniff St, Hamtramck, MI 48212, USA"
"Tri City Builders LLC","(734) 453-2222","roofer","5","6","https://www.tricitybuildersonline.com/","29103 Five Mile Rd, Livonia, MI 48154, USA"
"Purvis and Foster, Inc.","(313) 924-0538","gas-engineer","5","6","https://www.purvisfoster.com/?utm_source=google&utm_medium=organic&utm_campaign=gbp&utm_id=2060digital","9640 Grinnell Ave, Detroit, MI 48213, USA"
"Roofcraft Incorporated","(519) 966-2011","roofer","5","6","http://roofcraft.com/","3678 Church St, Windsor, ON N9E 1W1, Canada"
"The grosse pointe air conditioning company","(313) 221-6594","gas-engineer","5","6","http://www.grossepointeair.com/","1331 Lakepointe St, Grosse Pointe, MI 48230, USA"
"Fathers Comfort Handy Man & HVAC","(313) 412-0407","gas-engineer","5","6","https://www.fatherscomfort.com/","15894 Flanagan St, Roseville, MI 48066, USA"
"Sun Parlor Exteriors Limited","(519) 818-1018","roofer","5","6","https://www.sunparlorexteriorslimited.com/","35 Milne St S, Essex, ON N8M 1K8, Canada"
"Melvilles Plumbing Services","(226) 820-2394","plumber","5","6","https://melvillesplumbing.ca/","3016 Brimley Dr, Windsor, ON N8R 1M2, Canada"
"Good Hands Handyman Svcs","(548) 389-3030","roofer","5","6","https://ghhandyman.ca/","110 Bear St, Essex, ON N8M 0A9, Canada"
"G&P Root Raiders Plumbing","(586) 775-1046","plumber","4.3","6","http://www.rootraiders.com/","Remote office, 19287 Eastborne, Grosse Pointe, MI 48224, USA"
"Avantel Plumber of Detroit MI","(313) 879-3137","plumber","3.7","6","https://detroitplumber.avantel.net/","18000 Joy Rd, Detroit, MI 48228, USA"
"Murton Roofing","(248) 600-5210","roofer","5","6","","15300 Telegraph Rd, Redford Township, MI 48239, USA"
"Border City Roofing Inc.","(226) 506-7848","roofer","4.3","6","http://bordercityroofing.com/","Windsor, ON N9C 3M8, Canada"
"Fortune's Heating & Cooling","(313) 658-2873","gas-engineer","5","6","","13664 E State Fair Ave, Detroit, MI 48205, USA"
"Crown Heating Inc.","(248) 352-1688","gas-engineer","5","6","","24521 W McNichols Rd, Detroit, MI 48219, USA"
"Ramos Roofing and siding","(586) 625-3688","roofer","5","6","","7457 Wykes St, Detroit, MI 48210, USA"
"G&B Electric Inc.","(248) 547-5441","electrician","4.2","5","https://www.g-belectric.com/","830 Orchard Ave, Ferndale, MI 48220, USA"
"Jus Roofing","(313) 208-7756","roofer","2.6","5","https://jusroofing.com/","21000 Cliff St, Detroit, MI 48234, USA"
"Danny's Drain Cleaning","(313) 529-7075","plumber","4.2","5","","11406 Vaughan St, Detroit, MI 48228, USA"
"Car Key Programming Eastpointe MI","(586) 207-7802","locksmith","3.4","5","","23333 Gratiot Ave, Eastpointe, MI 48021, USA"
"Mainline Heating & Air Service","(248) 794-1151","gas-engineer","5","5","","12891 Woodward Ave, Highland Park, MI 48203, USA"
"Riverside Roofing Inc Windsor - Flat & Commercial Roofing","(519) 945-4263","roofer","3.4","5","https://riversideroofinginc.com/","1340 Matthew Brady Blvd, Windsor, ON N8S 4R6, Canada"
"Sam's Roofing & Home Imprvmts","(519) 818-7084","roofer","4.2","5","","2654 Parent Ave, Windsor, ON N8X 4K5, Canada"
"Avalon Roofing Services","(248) 600-4835","roofer","5","5","","15430 Racho Rd, Taylor, MI 48180, USA"
"New Center Plumbing & Heating","(313) 874-1814","plumber","3.6","5","http://www.detroitplumbingheating.com/","282 E Milwaukee Ave St, Detroit, MI 48202, USA"
"Detroit Heating & Air Conditioning Service","(313) 346-4274","gas-engineer","5","5","","19066 W Warren Ave, Detroit, MI 48228, USA"
"Excalibur Electrician of Detroit MI","(313) 263-4450","electrician","4.2","5","https://detroitelectrician.excaliburelectronics.com/","20000 Cliff St, Detroit, MI 48234, USA"
"Frabutt Brothers Construction","(734) 536-1945","roofer","5","5","https://m.facebook.com/pages/category/Roofing-Service/Frabutt-Brothers-Roofing-1096780563817317/","26765 Lyndon St, Redford Township, MI 48239, USA"
"Windsor-Essex Plumbing Services","(519) 999-5948","plumber","5","5","https://www.weps.ca/","7048 Smith Industrial Dr, Windsor, ON N0R 1J0, Canada"
"Great Lakes Security Hardware","(888) 855-6257","locksmith","5","5","https://www.greatlakessecurityhardware.com/?utm_source=Core70&utm_medium=organic&utm_campaign=WebsiteURL","20600 E 14 Mile Rd, Roseville, MI 48066, USA"
"Campbell Roofing Company","(248) 595-7563","roofer","4","4","","26930 Plymouth Rd, Redford Township, MI 48239, USA"
"Walker's Heating & Cooling","(313) 862-4498","gas-engineer","5","4","","15921 W Eight Mile W, Detroit, MI 48235, USA"
"Aspect Roofing Pros","(248) 243-4466","roofer","3","4","","13722 Woodward Ave, Highland Park, MI 48203, USA"
"Rocon Construction","(519) 253-7377","roofer","5","4","","2910 Walker Rd, Windsor, ON N8W 3R3, Canada"
"Mid South Contractors ULC","(519) 966-6163","electrician","4.5","4","http://www.midsouthulc.com/","3110 Devon Dr, Windsor, ON N8X 4L2, Canada"
"Hutchins Temperature Design","(313) 839-6225","gas-engineer","5","4","https://www.hutchinstemperaturedesign.com/","18032 Albion Ave, Detroit, MI 48234, USA"
"Fred Barton Co","(313) 872-9440","gas-engineer","3","4","http://fredbartonco.com/","565 E Milwaukee Ave, Detroit, MI 48202, USA"
"Roofing Dearborn","(313) 209-6350","roofer","5","4","https://roofingdearborn.com/","3200 Greenfield Rd #300, Dearborn, MI 48120, USA"
"MacDermott Roofing Inc.","(734) 422-1990","roofer","4","4","https://www.macdermottroofing.com/","9301 Southfield Rd, Detroit, MI 48228, USA"
"D. J. Conley Associates Inc.","(248) 589-8220","gas-engineer","5","4","https://djconley.com/","26225 Sherwood Ave, Warren, MI 48091, USA"
"American Comfort Control LLC","(313) 681-9573","gas-engineer","4.5","4","https://american-comfort-control-llc.ueniweb.com/?utm_campaign=gmb","18785 Greenview Ave, Detroit, MI 48219, USA"
"Great Lakes Power Inc","(313) 366-5550","gas-engineer","4.5","4","http://www.great-lakes-power.net/","30 W Lantz St, Highland Park, MI 48203, USA"
"Roofing For Less","(866) 407-2837","roofer","5","4","https://myroofingforless.com/","17903 Masonic, Fraser, MI 48026, USA"
"Ace Plumbing Inc.","(313) 836-3989","gas-engineer","5","4","","20245 Westmoreland Rd, Detroit, MI 48219, USA"
"Bertozzi","(519) 791-4551","roofer","4","4","http://bertozziroofing.ca/","49 Riverview Ave, LaSalle, ON N9J 1Z9, Canada"
"Al-Can Roofing","(519) 992-0983","roofer","4.8","4","","3004 Rockwell Ave, Windsor, ON N9E 2A5, Canada"
"Ruetz Air Conditioning & Heating, LLC","(313) 383-9527","gas-engineer","5","4","https://www.ruetzhvac.com/","8225 Allen Rd Suite - 1072, Allen Park, MI 48101, USA"
"Schad Boiler Setting Co.","(313) 273-2235","gas-engineer","5","3","http://www.schadrefractory.com/","15240 Castleton St, Detroit, MI 48227, USA"
"Leaks & Lites","(313) 320-1456","plumber","5","3","","18864 Lexington, Redford Township, MI 48240, USA"
"Rotor Electric Co","(313) 891-0331","electrician","4.3","3","https://www.rotorelectric.com/","9522 Grinnell Ave, Detroit, MI 48213, USA"
"Plumbing Experts","(248) 218-1798","plumber","2.3","3","","10647 Galaxie Ave, Ferndale, MI 48220, USA"
"Best Roofing Solutions","(226) 552-5555","roofer","5","3","https://www.bestroofings.ca/","500 Ouellette Ave, Windsor, ON N9A 1B3, Canada"
"Rhac Heating & Cooling","(313) 406-9978","gas-engineer","3.7","3","https://rhac-heating.com/","18626 Ecorse Rd, Allen Park, MI 48101, USA"
"Brians Heating Furnace & Air Conditioning.","(248) 602-2487","gas-engineer","5","3","","2690 E Jefferson Ave, Detroit, MI 48207, USA"
"North Shore Construction Group Inc","(519) 999-3273","roofer","5","3","http://www.nscgpartners.com/","243 Woodridge Dr, Tecumseh, ON N8N 3A3, Canada"
"a1 bargain rooter","(313) 784-2440","plumber","3.7","3","http://a1bargainplumbing.com/","5948 Ziegler St, Taylor, MI 48180, USA"
"Trademark Electrical Contractors - Electricians","(734) 777-8999","electrician","3.3","3","https://www.trademarkelectricalcontractors.com/?utm_source=Core70&utm_medium=organic&utm_campaign=WebsiteURL","28691 Plymouth Rd, Livonia, MI 48150, USA"
"Excell Roofing Inc","(248) 571-4993","roofer","5","3","","10670 W Nine Mile Rd, Oak Park, MI 48237, USA"
"Nissan Key Replacement Detroit MI","(248) 639-7553","locksmith","2.3","3","","1337 Division St, Detroit, MI 48207, USA"
"Minute Key","(800) 539-7571","locksmith","5","3","https://www.minutekey.com/key-services/alberta/windsor/locksmith-key-copy-duplication-7100-techumseh-rd--e/38716/","7100 Tecumseh Rd E, Windsor, ON N8T 1E6, Canada"
"Rightway Building Maintenance","(226) 778-4277","roofer","5","3","","109 Cranbrook Ct, Essex, ON N8M 2V2, Canada"
"KeyMe Locksmiths","(734) 336-7559","locksmith","4.7","3","https://www.key.me/kiosks/michigan/southgate/southgate/locksmith-key-copy-southgate-meijer-48195-michigan","16300 Fort St, Southgate, MI 48195, USA"
"G & J Heating and Cooling","(519) 945-3709","gas-engineer","2.3","3","http://gjheatingandcooling.ca/","Drouillard Rd, Windsor, ON N8W 4C7, Canada"
"Good Helpers Today Heating Cooling and Labor Services LLC","(313) 270-3600","gas-engineer","3","2","https://goodhelpersheatingcoolingandcontracting.com/","15900 W McNichols Rd, Detroit, MI 48235, USA"
"Decima LLC","(313) 666-1535","electrician","5","2","http://decimaai.com/","16870 Schaefer Hwy, Detroit, MI 48235, USA"
"Car Key Programming Forest Hills MI","(616) 263-6327","locksmith","3","2","","1465 Centre St, Detroit, MI 48226, USA"
"Detroit Heating & Air Conditioning","(313) 800-0020","gas-engineer","5","2","","5960 2nd Ave, Detroit, MI 48202, USA"
"Roberts Roofing MI","(586) 787-0858","roofer","5","2","http://robertsroofingmi.com/","13607 Viola Dr, Sterling Heights, MI 48312, USA"
"Eastpointes Roofing & Siding","(248) 397-9127","roofer","4.5","2","","16167 Manchester Ave, Eastpointe, MI 48021, USA"
"File cabinet locks Eastpointe","(734) 252-9407","locksmith","1","2","http://locksmitheastpointemi.com/","24901 Kelly Rd # A-1, Eastpointe, MI 48021, USA"
"Air Doctor Heating & Cooling","(586) 275-8484","gas-engineer","5","2","","3090 Trowbridge St, Hamtramck, MI 48212, USA"
"Arc Boiler Repair (1983) Ltd","(519) 737-6786","gas-engineer","5","2","https://www.arcboilerrepair.ca/","5145 Hennin St, Oldcastle, ON N0R 1L0, Canada"
"Automotive Key Extraction Near Me","(586) 648-0712","locksmith","1","2","","21475 Gratiot Ave, Eastpointe, MI 48021, USA"
"SAWAS Mechanical","(586) 806-2346","gas-engineer","5","2","http://www.sawasmechanical.com/","11232 E 10 Mile Rd, Warren, MI 48089, USA"
"B&G Heating & Cooling & Electrical","(313) 318-5708","electrician","4.5","2","https://www.bgheatingandelectric.com/","4373 Leslie St, Detroit, MI 48238, USA"
"South West Mechanical Services","(519) 800-1331","gas-engineer","5","2","https://southwestmechanicalservices.ca/","1383 Harvest Bend Rd, Windsor, ON N9H 2B5, Canada"
"Downriver Safe & Lock, LLC","(734) 283-0600","locksmith","3","2","","15619 Meyer Ave, Allen Park, MI 48101, USA"
"All Electric Inc.","(586) 804-7255","electrician","5","2","http://allelectric-inc.com/","23539 Pinewood St, Warren, MI 48091, USA"
"Oaks Commercial Roofing","(248) 283-4857","roofer","5","2","","26277 Greenfield Rd, Southfield, MI 48076, USA"
"KMR Construction Services, Inc.","(313) 580-9884","electrician","5","2","http://kmrcon.com/","20501 Livernois #21865, Detroit, MI 48221, USA"
"Hvac Company","(248) 870-3234","gas-engineer","5","2","","22200 W Eleven Mile Rd Suite #3471, Southfield, MI 48307, USA"
"Automotive Key Extraction Dearborn Heights","(313) 444-3578","locksmith","2","2","","26115 Ford Rd, Dearborn Heights, MI 48127, USA"
"Maloney Roofing and Renovations","(313) 800-1917","roofer","5","2","","6605 Park Ave suite 6, Allen Park, MI 48101, USA"
"Detroit Roofing and Gutters","(888) 311-1828","roofer","5","1","","18900 Washburn St, Detroit, MI 48221, USA"
"Hoover Electric Plumbing Heating Cooling-Paul's Painless Plumbing","(586) 697-4556","gas-engineer","5","1","http://callhoover.com/","Clawson, MI 48017, USA"
"A Plus Gary & Sons Plumbing / HVAC","(248) 943-5731","gas-engineer","5","1","https://a-plus-gary-sons-plumbing-hvac.ueniweb.com/","1301 Orleans St, Detroit, MI 48207, USA"
"Rekey Office Detroit MI","(313) 338-8441","locksmith","5","1","","1427 Times Square, Detroit, MI 48226, USA"
"温莎屋顶Windsor Andy Roofing","(647) 787-9368","roofer","5","1","http://www.rochomeimprovement.ca/","Howard Ave, Windsor, ON N9E 0A6, Canada"
"Minute Key","(805) 472-6062","locksmith","4","1","https://www.minutekey.com/key-services/michigan/detroit/locksmith-key-copy-duplication-18700-meyers-rd/32521/","18700 Meyers Rd, Detroit, MI 48235, USA"
"Minute Key","(805) 472-6062","locksmith","5","1","https://www.minutekey.com/key-services/michigan/taylor/locksmith-key-copy-duplication-11100-telegraph-rd/32537/","11100 Telegraph Rd, Taylor, MI 48180, USA"
"Maximum Roofing Inc","(519) 791-3805","roofer","1","1","http://www.maximumroofinginc.ca/","1168 Imperial Crescent, Windsor, ON N9G 2T4, Canada"
"Start Right Electrician Detroit","(248) 801-1775","electrician","2","1","","21427 Grand River Ave #626, Detroit, MI 48219, USA"
"Briand Roofing and Siding","(519) 965-9891","roofer","5","1","http://www.briandroofing.com/","559 Hildegarde St, Windsor, ON N8X 2Z4, Canada"
"Roofing Company Warren","(586) 800-1593","roofer","5","1","","11464 Engleman Rd, Warren, MI 48089, USA"
"Prince Mechanical","(226) 348-4313","gas-engineer","5","1","","839 Bouffard Rd, Windsor, ON N9J 3J9, Canada"
"Change Commercial Locks Detroit","(248) 301-2414","locksmith","5","1","","20426 Tracey St, Detroit, MI 48235, USA"
"Rolly Electrical Service, Inc","(248) 542-4201","electrician","5","1","https://rollyelectric.com/","1215 E Lincoln Ave, Royal Oak, MI 48067, USA"
"Neighborhood Best Handyman L.L.C","(773) 499-8637","roofer","5","1","https://www.instagram.com/neighborhoodbesthandymanl.l.c/","25042 Crowley St, Taylor, MI 48180, USA"
"Blue Flame","(519) 966-2375","gas-engineer","5","1","https://www.blueflameheatingandcooling.ca/","2780 Longfellow Ave, Windsor, ON N9E 2L2, Canada"
"Air Comfort Pro Heating and Air","(313) 528-5403","gas-engineer","5","1","","20600 Eureka Rd, Taylor, MI 48180, USA"
"V.B Construction","(226) 246-3067","roofer","5","1","https://vbzhetaj.wixsite.com/vbconstruction","12342 Funaro Crescent, Windsor, ON N9K 1B2, Canada"
"Mechanical System Services","(248) 291-6793","gas-engineer","5","1","https://www.mechsysserv.com/","1731 E 11 Mile Rd, Madison Heights, MI 48071, USA"
"G B Roofing Inc","(313) 389-5539","roofer","5","1","","3411 Beatrice St, Detroit, MI 48217, USA"
"Aces Around Construction LLC","(586) 822-2021","roofer","5","1","","20277 Bentler St, Detroit, MI 48219, USA"
"Riverside Heating & Cooling","(519) 256-8701","gas-engineer","5","1","","10 Twin Oaks Dr, Windsor, ON N8N 5B8, Canada"
"Five Star Cooling","(313) 208-7883","gas-engineer","","","https://www.acrepairdetroit.com/","2760 W Warren Ave #1948, Detroit, MI 48208, USA"
"Gutter Guard Guys","(313) 444-2739","roofer","","","","4447 Field St, Detroit, MI 48214, USA"
"Elite Custom Homes","(519) 816-2760","roofer","","","","Candlewood Dr, Tecumseh, ON N9K 0A3, Canada"
"Blevins & Stamm HVAC LLC.","(586) 438-1739","gas-engineer","","","https://www.blevenandstammhvac.com/","1234 HVAC Ln, Warren, MI 48091, USA"
"The Roof Resource","(844) 334-3979","roofer","","","https://theroofresource.com/","10310 Dexter Ave, Detroit, MI 48206, USA"
"Olympic Roofing Inc","(519) 562-0787","roofer","","","https://olympicroofinginc.com/index.php/contact/","166 Grand Marais Rd E, Windsor, ON N8W 1W2, Canada"
"Ziter Roofing and Renovations Inc.","(519) 996-5645","roofer","","","","2465 Rankin Ave, Windsor, ON N9E 3B5, Canada"
"A.S. Contrera, LLC","(586) 777-6666","gas-engineer","","","https://ascontrera.com/","20220 Stephens Rd, St Clair Shores, MI 48080, USA"
"All Day Electrician Detroit","(586) 372-9811","electrician","","","https://alldayelectrician.com/areas-served/detroit-michigan/","4298 Kiefer Ave, Warren, MI 48091, USA"
"B & L Electric","(226) 260-2530","electrician","","","https://www.bandl-electric.com/","2557 Dougall Ave #6, Windsor, ON N8X 1T5, Canada"
"Install New Lock Dearborn Heights","(313) 288-0310","locksmith","","","","23908 Van Born Rd, Dearborn Heights, MI 48125, USA"
"Detroit Power Systems","(313) 871-8000","electrician","","","http://www.detroitpowersystems.com/","622 W Baltimore St, Detroit, MI 48202, USA"
"O'Kelly Contracting","(519) 965-3290","roofer","","","http://okellycontracting.ca/","398 St Pierre St, Windsor, ON N8N 1Y9, Canada"