Name,Phone,Trade,Rating,Reviews,Website,Address
"Brody Pennell Heating & Air Conditioning","(310) 896-4911","gas-engineer","4.9","4525","https://brodypennell.com/?utm_source=gmb&utm_medium=organic&utm_campaign=la","8599 Venice Blvd., Los Angeles, CA 90034, USA"
"Powell Electric","(800) 868-0219","electrician","4.7","3808","http://www.powell-electric.com/?_vsrefdom=vslocal","5625 Washington Blvd, Los Angeles, CA 90016, USA"
"Express Electrical Services","(323) 275-4082","electrician","4.8","3308","https://expresselectricalservices.com/?utm_source=google-gbp&utm_medium=organic&utm_campaign=*85*express-electrical-services-los-angeles","1011 Goodrich Blvd, Los Angeles, CA 90022, USA"
"American AC Heat Plumbing","(310) 494-2552","gas-engineer","4.9","3247","https://americanairconditioning.com/?utm_source=google&utm_medium=organic&utm_campaign=google-business-profile&utm_content=hawthorne","3437 Jack Northrop Ave, Hawthorne, CA 90250, USA"
"Adeedo Plumbing, Drains & Heating","(833) 926-1915","plumber","4.7","2665","https://www.adeedo.com/?utm_source=GBP&utm_medium=organic","5251 W Imperial Hwy Suite 1, Los Angeles, CA 90045, USA"
"Power Pro Plumbing Heating & Air","(424) 221-5285","gas-engineer","4.8","2577","https://www.powerproplumbing.com/gardena/?utm_source=GMB&utm_medium=organic&utm_campaign=gardena","18105 S Hobart Blvd, Gardena, CA 90248, USA"
"JW Plumbing, Heating and Air","(213) 379-5931","gas-engineer","4.8","2462","https://jwheatingandair.com/?utm_source=GBP&utm_medium=organic","904 Wall St Suite 203, Los Angeles, CA 90015, USA"
"Carter Services","(310) 807-3426","gas-engineer","4.9","1961","https://www.carterservices.com/?utm_source=google&utm_medium=organic&utm_campaign=gmb-profile-torrance","2807 Oregon Ct F3, Torrance, CA 90503, USA"
"Drain Right Services","(800) 208-8875","plumber","4.9","1726","https://www.drainrightservices.com/","18012 S Figueroa St, Gardena, CA 90248, USA"
"Western Rooter & Plumbing","(626) 448-6455","plumber","4.9","1557","http://www.westernrooter.com/?utm_campaign=gmb","136 E Santa Clara St #1, Arcadia, CA 91006, USA"
"Kahn Air Conditioning","(818) 619-0740","gas-engineer","4.9","1540","https://www.kahnair.com/?utm_source=gmb&utm_medium=organic","15073 Keswick St, Van Nuys, CA 91405, USA"
"Service Hero Plumbing & Air","(626) 225-0451","gas-engineer","4.8","1501","https://www.serviceheros.com/local-plumber-covina-ca","706 Arrow Grand Cir, Covina, CA 91722, USA"
"Power Pro Plumbing Heating & Air","(562) 541-8225","plumber","4.8","1492","https://www.powerproplumbing.com/?utm_source=google&utm_medium=organic&utm_campaign=gbp","11441 Beach St, Cerritos, CA 90703, USA"
"A-1 Total Service Plumbing","(323) 643-2844","plumber","4.9","1482","https://a-1totalserviceplumbing.com/","640 S Atlantic Blvd, Los Angeles, CA 90022, USA"
"Rooter Hero Plumbing & Air of Los Angeles","(310) 773-0660","plumber","4.8","1243","https://rooterhero.com/plumber-los-angeles-ca-plumbing-repair-service","14401 S Western Ave, Gardena, CA 90249, USA"
"Service Lion Plumbing Heating Air Electric","(657) 467-7370","gas-engineer","4.7","1150","https://callservicelion.com/?utm_source=google&utm_medium=gbp","245 Viking Ave, Brea, CA 92821, USA"
"Mr. Rooter Plumbing of Long Beach","(562) 275-3968","plumber","4.9","1125","https://www.mrrooter.com/long-beach/?cid=LSTL_MRR000199&utm_source=gmb&utm_campaign=local&utm_medium=organic","2650 70th St, Long Beach, CA 90805, USA"
"Roto-Rooter Plumbing & Water Cleanup","(562) 582-1087","plumber","4.8","1103","https://www.rotorooter.com/alhambraca/?utm_source=Google&utm_medium=organic&utm_campaign=gmb&utm_content=website","905 Westminster Ave Suite A, Alhambra, CA 91803, USA"
"Flood Brothers Plumbing","(855) 840-7800","plumber","4.8","1038","http://www.floodbrothersplumbing.com/","3940 Laurel Canyon Blvd Suite #568, Studio City, CA 91604, USA"
"Santa Monica Postal Services","(310) 266-9110","locksmith","4.8","1036","http://www.santamonicapostalplace.com/","1626 Montana Ave, Santa Monica, CA 90403, USA"
"Saber","(951) 797-7754","roofer","4.9","1002","https://www.saberfoundations.com/?utm_source=google&utm_medium=organic&utm_campaign=gmb-website","7301 Madison St, Paramount, CA 90723, USA"
"Kahuna Comfort Plumbing Heating & Air","(714) 406-0767","plumber","4.9","989","https://kahunacomfort.com/","708 N Valley St S, Anaheim, CA 92801, USA"
"LeadingEdge Plumbing & Rooter, Inc.","(888) 525-3234","plumber","4.9","975","http://leadingedgeplumbing.com/?utm_source=google&utm_medium=gbp&utm_campaign=gbp-listing","12300 Foothill Blvd, Sylmar, CA 91342, USA"
"Good Guy Plumbing","(310) 879-5509","plumber","4.9","972","https://www.goodguyplumbing.com/","1450 W 228th St Suite 5, Torrance, CA 90501, USA"
"Service Genius Air Conditioning and Heating","(818) 208-6730","gas-engineer","4.7","963","https://servicegenius.com/chatsworth/?utm_source=organic&utm_medium=organic&utm_campaign=chatsworth&utm_id=gbp","8925 Fullbright Ave, Chatsworth, CA 91311, USA"
"Accurate Electric, Plumbing, Heating and Air","(626) 538-1858","electrician","4.9","944","https://accurateelectricplumbingheatingandair.com/glendora-ca/?utm_source=organic&utm_medium=gbp&utm_campaign=glendora-gbp","715 W Foothill Blvd, Glendora, CA 91741, USA"
"Prodigy Plumbing | Long Beach Plumber","(562) 414-0494","plumber","4.8","944","http://prodigyplumbers.com/","3090 E 29th St, Long Beach, CA 90806, USA"
"Prime Locksmith - Van Nuys CA","(877) 800-7201","locksmith","4.9","943","http://www.primelocksmithca.com/","14107 Burbank Blvd, Sherman Oaks, CA 91401, USA"
"Roto-Rooter Plumbing & Water Cleanup","(661) 219-2959","drain-specialist","4.8","922","https://www.rotorooter.com/losangeles/?utm_source=Google&utm_medium=organic&utm_campaign=gmb&utm_content=website","554 S San Vicente Blvd Ste 208, Los Angeles, CA 90048, USA"
"Air-Tech Air Conditioning & Heating, Inc.","(626) 795-8880","gas-engineer","4.9","816","https://www.airtechac.com/?utm_source=google&utm_medium=organic&utm_campaign=gbp","204 S Rosemead Blvd, Pasadena, CA 91107, USA"
"ACCESS Specialty Animal Hospitals - Los Angeles","(310) 558-6100","drain-specialist","3.3","771","https://www.thrivepetcare.com/locations/california/culver-city/access-animal-hospitals-los-angeles/?utm_source=gmb&utm_medium=web","9599 Jefferson Blvd, Culver City, CA 90232, USA"
"Comfort Time Plumbing Heating & Cooling","(562) 451-0486","plumber","5","738","https://www.fastacservice.com/","8038 Freestone Ave, Santa Fe Springs, CA 90670, USA"
"Roto-Rooter Plumbing & Water Cleanup","(626) 660-3309","plumber","4.9","730","https://www.rotorooter.com/pasadenaca/?utm_source=Google&utm_medium=organic&utm_campaign=gmb&utm_content=website","241 E Colorado Blvd #202, Pasadena, CA 91101, USA"
"Water Heaters Only, Inc.","(323) 827-7905","drain-specialist","4.9","707","https://waterheaters-losangeles.com/?utm_source=gmb&utm_medium=Yext","7312 Elmo St, Tujunga, CA 91042, USA"
"Orion HVAC","(323) 736-3737","gas-engineer","4.7","692","https://myorionhvac.com/","3055 Foothill Blvd, La Crescenta-Montrose, CA 91214, USA"
"Service Champions Plumbing, Heating & AC","(323) 284-1599","plumber","4.9","666","https://servicechampions.com/?utm_source=GBP&utm_medium=organic&utm_campaign=la","5251 W Imperial Hwy, Los Angeles, CA 90045, USA"
"A-1 Total Service Plumbing","(562) 579-4745","plumber","4.9","656","https://a-1totalserviceplumbing.com/","1061 S Cypress St, La Habra, CA 90631, USA"
"LA Heating & Air Conditioning","(818) 341-3406","gas-engineer","4.9","654","https://www.laheatingairconditioning.com/","6430 Variel Ave #102, Woodland Hills, CA 91367, USA"
"Roto-Rooter Plumbing & Water Cleanup","(818) 739-3733","plumber","4.9","648","https://www.rotorooter.com/glendaleca/?utm_source=Google&utm_medium=organic&utm_campaign=gmb&utm_content=website","201 N Brand Blvd Ste 2226, Glendale, CA 91203, USA"
"Merry Plumbing","(626) 414-5583","plumber","5","642","https://www.merryplumbing.com/","1465 San Marino Ave, San Marino, CA 91108, USA"
"Team Rooter Plumbing","(800) 818-2397","plumber","4.7","636","https://www.teamrooter.com/","11400 Luddington St Unit A, Sun Valley, CA 91352, USA"
"Unlock-It Locksmith Valley Village","(747) 302-6676","locksmith","5","624","https://www.unlockitlocksmithus.com/locations/valley-village-locksmith/","11852 Chandler Blvd #4, Valley Village, CA 91607, USA"
"Cloud Comfort HVAC","(424) 226-3457","gas-engineer","4.8","592","https://cloudcomforthvac.com/?utm_source=google&utm_medium=organic&utm_campaign=gbp","1732 Border Ave, Torrance, CA 90501, USA"
"Just Electric | 24/7 Licensed Electricians in Glendora and Covina, CA","(626) 625-9021","electrician","4.7","585","http://www.justelectricservices.com/","217 N Citrus Ave Suite C, Covina, CA 91723, USA"
"Pete's Plumbing","(562) 599-0106","plumber","4.9","560","https://www.petes-plumbing.com/","3099 E Pacific Coast Hwy, Signal Hill, CA 90755, USA"
"N & T Locksmith Services","(323) 426-5633","locksmith","5","554","https://ntlocksmithservice.com/","11614 Woodley Ave, Granada Hills, CA 91344, USA"
"NexGen HVAC & Plumbing","(310) 340-0850","gas-engineer","4.6","553","https://nexgenairandplumbing.com/locations/torrance/?utm_campaign=gmb-listing-torrance&utm_source=google&utm_medium=organic","2367 W 208th St Unit D6, Torrance, CA 90501, USA"
"Jeffrey B. Glaser, M.D.","(818) 501-7246","glazier","4.9","541","https://www.glaserpainrelief.com/?utm_source=gmb_auth","16311 Ventura Blvd #518, Encino, CA 91436, USA"
"Power Plumbing","(818) 479-3524","plumber","4.8","539","https://www.powerplumbingshop.com/?utm_campaign=gmb","10659 Magnolia Blvd, North Hollywood, CA 91601, USA"
"AARD Mechanical Air Conditioning & Heating","(877) 227-3125","gas-engineer","4.9","537","https://www.aardmechanical.com/","855 W Lambert Rd, Brea, CA 92821, USA"
"Roto-Rooter Plumbing & Water Cleanup","(747) 229-2699","plumber","4.9","536","https://www.rotorooter.com/burbankca/?utm_source=Google&utm_medium=organic&utm_campaign=gmb&utm_content=website","3115 W Olive Ave Ste 106, Burbank, CA 91505, USA"
"Urso Air Systems","(424) 552-4716","gas-engineer","4.9","536","https://www.ursoairsystems.com/","512 N Avalon Blvd, Wilmington, CA 90744, USA"
"Air-Tro Inc","(626) 357-3535","gas-engineer","4.7","533","https://www.airtro.com/","1630 S Myrtle Ave, Monrovia, CA 91016, USA"
"Enviro Plumbing","(310) 929-7642","plumber","4.8","531","https://enviroplumbing.com/?utm_campaign=gmb","3019 Ocean Park Blvd, Santa Monica, CA 90405, USA"
"Mario Castillo Electric","(562) 273-4660","electrician","4.9","526","https://mariocastilloelectric.com/?utm_source=google&utm_medium=organic&utm_campaign=gbp","444 W Ocean Blvd #800, Long Beach, CA 90802, USA"
"MT Lock & Key Services","(818) 616-7296","locksmith","4.9","514","https://mtlockandkey.com/","5031 Fair Ave, North Hollywood, CA 91601, USA"
"NexGen HVAC & Plumbing","(626) 602-9437","gas-engineer","4.7","513","https://nexgenairandplumbing.com/locations/arcadia/?utm_campaign=gmb-listing-arcadia&utm_source=google&utm_medium=organic","5441 Cogswell Rd Unit F, Arcadia, CA 91006, USA"
"LA Best Locksmith","(800) 982-5397","locksmith","4.9","511","https://labestlocksmith.com/","1801 S La Cienega Blvd #1, Los Angeles, CA 90035, USA"
"Top Notch Plumbing Inc.","(626) 664-5519","plumber","5","506","http://www.mytopnotchplumber.com/","4903 N Vecino Dr, Covina, CA 91722, USA"
"WiseWay Plumbing","(310) 984-5366","plumber","4.9","506","https://callwiseway.com/","23520 Telo Ave #8, Torrance, CA 90505, USA"
"Restorerz Emergency Services","(818) 918-3495","roofer","4.9","498","https://restorerz.com/water-damage-restoration-in-van-nuys-ca/?utm_source=GMB&utm_medium=organic&utm_campaign=van-nuys","16539 Saticoy St, Van Nuys, CA 91406, USA"
"Spot On Heating, Air, Plumbing & Electrical","(562) 945-0979","plumber","4.9","496","https://www.callspotonair.com/","12200 Washington Blvd E, Whittier, CA 90606, USA"
"Guardian Angel Locksmith","(818) 652-5269","locksmith","4.9","486","https://guardianangellocksmith.com/","13610 Ventura Blvd, Sherman Oaks, CA 91423, USA"
"Air Max HVAC Inc.","(747) 319-4460","gas-engineer","4.9","483","https://airmaxexperts.com/","3000 Floyd St, Burbank, CA 91504, USA"
"Fleetwell Air Conditioning, Heating, and Plumbing","(747) 349-3377","gas-engineer","4.9","478","https://www.fleetwellusa.com/hvac-services-in-tarzana/?utm_source=google&utm_medium=organic&utm_campaign=gmb_tarzana","18356 Oxnard St #3, Tarzana, CA 91356, USA"
"Kilowatt Heating, Air Conditioning and Electrical","(818) 514-4950","gas-engineer","4.9","472","https://www.kilowatthvac.com/","4925 Sepulveda Blvd, Sherman Oaks, CA 91403, USA"
"Red Hat Plumbing","(213) 722-4105","plumber","4.9","472","https://www.redhatplumbing.com/","13547 Ventura Blvd Unit 607, Sherman Oaks, CA 91423, USA"
"PDS Plumbing and Air","(562) 554-7797","plumber","5","464","https://www.pdsplumbingandair.com/bellflower/?utm_source=google&utm_medium=organic&utm_campaign=gmb","9706 Alondra Blvd, Bellflower, CA 90706, USA"
"Monkey Wrench Plumbing, Heating, Air & Electric","(323) 425-8293","plumber","4.8","461","http://www.monkeywrenchservices.com/?utm_source=google&utm_medium=organic&utm_campaign=GMBListing-Los-Angeles-CA","4649 Beverly Blvd, Los Angeles, CA 90004, USA"
"Rooter Guard: 24 Hour Plumbing & Drain Services","(818) 351-1810","plumber","4.3","458","https://www.rooterguard.com/","11633 Tuxford St, Sun Valley, CA 91352, USA"
"Red Lilly Plumbing","(323) 319-4102","plumber","4.8","457","https://www.redlillyplumbing.com/","1647 Beverly Blvd, Los Angeles, CA 90026, USA"
"H. L. Moe Co., Inc","(818) 396-8002","plumber","4.8","456","https://www.moeplumbing.com/","830 W Doran St, Glendale, CA 91203, USA"
"Downey Plumbing Heating & Air Conditioning","(562) 373-6279","plumber","4.7","452","https://www.downeyplumbing.com/","11829 Downey Ave, Downey, CA 90241, USA"
"All Keys Locksmith Services","(213) 616-9973","locksmith","4.6","449","https://www.allkeyslocksmiths.com/","4400 Carpenter Ave, Studio City, CA 91607, USA"
"Service Genius Air Conditioning and Heating","(310) 359-0260","gas-engineer","5","446","https://servicegenius.com/los-angeles/?utm_source=organic&utm_medium=organic&utm_campaign=los-angeles&utm_id=gbp","8217 Beverly Blvd #29, Los Angeles, CA 90048, USA"
"Mitch Clemmons Plumbing","(562) 294-5230","plumber","4.9","444","http://mitchclemmonsplumbing.com/","16127 Whittier Blvd, Whittier, CA 90603, USA"
"Roto-Rooter Plumbing & Water Cleanup","(424) 331-1652","drain-specialist","4.9","442","https://www.rotorooter.com/culvercityca/?utm_source=Google&utm_medium=organic&utm_campaign=gmb&utm_content=website","12240 Venice Blvd. Ste 24A, Los Angeles, CA 90066, USA"
"Zephyr Heating & Air LLC","(747) 302-3159","gas-engineer","5","440","http://zephyrheatingandair.com/","8821 Shirley Ave, Northridge, CA 91324, USA"
"Fitzgerald Plumbing","(562) 328-7369","plumber","4.8","439","https://www.fitzplumbing.com/","20206 State Rd, Cerritos, CA 90703, USA"
"Titan Air Conditioning","(714) 706-9987","gas-engineer","4.9","436","https://www.titanairinc.com/","1280 W Lambert Rd Suite H, Brea, CA 92821, USA"
"Avis Plumbing and Air","(714) 632-1317","gas-engineer","4.7","434","https://www.avishomesolutions.com/?utm_source=google&utm_medium=organic&utm_campaign=GMB&utm_content=Website","110 E Wilshire Ave Suite G-5, Fullerton, CA 92832, USA"
"Turbo Plumbing and Rooter","(818) 740-6830","plumber","4.9","433","https://www.turboplumbingandrooter.com/","10329 Wish Ave, Granada Hills, CA 91344, USA"
"Precise Air Systems Inc.","(818) 240-1737","gas-engineer","4.9","430","https://www.preciseairsystems.com/?utm_source=google&utm_medium=organic&utm_campaign=gbp","5467 W San Fernando Rd, Los Angeles, CA 90039, USA"
"Ace Pelizon Plumbing, Heating & Cooling","(626) 412-0601","plumber","4.7","423","https://www.acepelizon.com/?utm_source=google&utm_medium=organic&utm_campaign=gmb","138 E Badillo St, Covina, CA 91723, USA"
"Roto-Rooter Plumbing & Water Cleanup","(714) 793-8471","plumber","4.9","422","https://www.rotorooter.com/fullertonca/?utm_source=Google&utm_medium=organic&utm_campaign=gmb&utm_content=website","524 W Commonwealth Ave Ste P, Fullerton, CA 92833, USA"
"Prime Electric","(818) 699-9005","electrician","4.9","422","https://goprimeelectric.com/","6924 Canby Ave #106, Reseda, CA 91335, USA"
"A.B.24/7 locksmith service","(818) 414-3508","locksmith","4.9","420","","254 N Market St, Inglewood, CA 90301, USA"
"Total Home Environmental HVAC","(310) 361-3934","gas-engineer","4.8","416","https://www.totalhomeenvironmental.com/schedule-service?utm_campaign=gmb&utm_medium=organic&utm_source=gbp","1423 Marcelina Ave #1, Torrance, CA 90501, USA"
"A+ Security Lock & Key 🔐","(424) 288-4941","locksmith","5","416","http://apluslocksmithla.com/","1501-1/2 S Robertson Blvd, Los Angeles, CA 90035, USA"
"Rooter Man Plumbing of Los Angeles","(323) 400-6362","gas-engineer","4.5","415","https://www.rootermanla.com/plumber-los-angeles-ca-plumbing-repair","3026 Kester Ave, Los Angeles, CA 91405, USA"
"USA Electric West Hollywood","(310) 553-5157","electrician","4.9","410","https://www.usaelectric.com/west-hollywood-electrician/","8391 Beverly Blvd, West Hollywood, CA 90048, USA"
"Roto-Rooter Plumbing & Water Cleanup","(562) 528-3344","plumber","4.9","406","https://www.rotorooter.com/commerceca/?utm_source=Google&utm_medium=organic&utm_campaign=gmb&utm_content=website","5900 S Eastern Ave #137, Commerce, CA 90040, USA"
"1st Pick Locksmith Service","(562) 256-6115","locksmith","4.9","403","https://locksmithlongbeach.com/","520 W Willow St #101, Long Beach, CA 90806, USA"
"Pros 360","(818) 734-1700","gas-engineer","4.9","402","https://pros360.net/?utm_source=google&utm_medium=organic&utm_campaign=local+listings","16789 Schoenborn St, North Hills, CA 91343, USA"
"Cooling & Heating Repair","(714) 475-7394","gas-engineer","4.8","398","https://coolingandheat.com/","1211 Imperial Hwy. ste 102b, Brea, CA 92821, USA"
"Los Angeles Air Department","(818) 222-8484","gas-engineer","4.9","393","https://laairdept.com/","14671 Titus St, Panorama City, CA 91402, USA"
"Aire Serv of Pasadena","(626) 389-8498","gas-engineer","4.9","391","https://www.aireserv.com/pasadena/?cid=LSTL_ASV-US000187&utm_source=gmb&utm_campaign=local&utm_medium=organic","125 E Santa Clara St #17, Arcadia, CA 91006, USA"
"Master Key Replacement","(747) 279-7268","locksmith","4.7","387","https://masterkeyreplacement.com/","12005 Albers St, Valley Village, CA 91607, USA"
"Air Tech 24 Heating and Air Conditioning","(310) 921-0115","gas-engineer","4.9","387","https://airtech24.com/","20617 Amie Ave #15, Torrance, CA 90503, USA"
"Turn Electric","(818) 378-4337","electrician","5","386","http://www.turnelectric.com/","17079 Kingsbury St, Granada Hills, CA 91344, USA"
"Master Locksmith LA","(213) 261-0650","locksmith","4.9","381","https://www.masterlocksmithla.com/","8564 W Pico Blvd #2, Los Angeles, CA 90035, USA"
"Restorerz Emergency Services","(424) 432-2655","roofer","5","380","https://restorerz.com/water-damage-restoration-in-gardena-ca/?utm_source=google&utm_medium=organic&utm_campaign=gmbwebsite","1745 W 182nd St, Gardena, CA 90248, USA"
"Monkey Wrench Plumbing, Heating, Air & Electric","(818) 616-6604","plumber","4.8","378","https://www.monkeywrenchplumbers.com/areas-we-serve/burbank/?utm_source=GMB&utm_medium=organic&utm_campaign=Burbank-CA","11490 Burbank Blvd Suite 6G, North Hollywood, CA 91601, USA"
"Courtesy Plumbing","(626) 967-5655","plumber","4.8","372","https://www.courtesyplumbers.com/","601 E Edna Pl, Covina, CA 91723, USA"
"Roto-Rooter Plumbing & Water Cleanup","(626) 263-9137","plumber","4.9","370","https://www.rotorooter.com/rowlandheightsca/?utm_source=Google&utm_medium=organic&utm_campaign=gmb&utm_content=website","18633 Gale Ave Ste 105, Rowland Heights, CA 91748, USA"
"John's Plumbing & Drain Services","(323) 422-7485","plumber","4.9","368","https://johnsplumber.com/?utm_source=gmb&utm_medium=referral","3847 Brunswick Ave, Los Angeles, CA 90039, USA"
"Marathon Plumbing, Heating and AC Repair","(626) 691-9675","gas-engineer","4.9","368","https://www.marathonhvac.com/?utm_source=google&utm_medium=organic&utm_campaign=gbp_whittier_hvac_local&utm_term=authentic_nonsense","9826 Painter Ave, Whittier, CA 90605, USA"
"Hal’s Locksmith 24-7","(213) 666-2400","locksmith","5","366","https://locksmithlive.com/","123 E Pico Blvd, Los Angeles, CA 90015, USA"
"Surelockhomes LA","(310) 997-6304","locksmith","4.9","363","https://www.surelockhomesla.com/","1514 S Holt Ave, Los Angeles, CA 90035, USA"
"Monkey Wrench Plumbing, Heating, Air & Electric","(310) 668-1793","plumber","4.9","356","https://www.monkeywrenchservices.com/?utm_source=google&utm_medium=organic&utm_campaign=GMBListing-Santa-Monica-CA","1238 7th St #C, Santa Monica, CA 90401, USA"
"101 Locksmith - Los Angeles","(800) 480-3674","locksmith","4.8","350","http://101locksmith.com/","19429 Kittridge St, Reseda, CA 91335, USA"
"B&M Electric","(310) 810-1099","electrician","4.9","349","https://www.bmelectric310.com/?utm_source=google&utm_medium=organic&utm_campaign=gbp","3904 Del Amo Blvd #805, Torrance, CA 90503, USA"
"Plumber 2 The Rescue","(310) 988-9003","plumber","4.9","349","http://www.plumber2rescue.com/","3871 Huron Ave, Culver City, CA 90232, USA"
"Bernardino's Air Conditioning","(818) 893-8720","gas-engineer","4.9","348","http://www.bernardinosairconditioning.com/","8818 Reseda Blvd, Northridge, CA 91324, USA"
"ASP Heating & Air Conditioning","(805) 283-4371","gas-engineer","5","343","https://asp-hvac.com/","6924 Canby Ave UNIT 108, Reseda, CA 91335, USA"
"Jamison Heating and Cooling Services","(714) 397-4132","gas-engineer","4.9","342","http://jamisonair.com/","3519 W Commonwealth Ave H, Fullerton, CA 92833, USA"
"Ed & Ed Brothers","(818) 567-2221","gas-engineer","5","337","http://edandedbrothers.com/","1248 S Glendale Ave, Glendale, CA 91205, USA"
"Happy Camper Heating, Plumbing, and AC Repair","(562) 667-3599","gas-engineer","5","331","https://happycamperair.com/furnace-repair/?utm_source=google&utm_medium=organic&utm_campaign=gmb","15132 Whittier Blvd, Whittier, CA 90603, USA"
"High Speed Rooter & Plumbing","(213) 949-4202","plumber","4.8","331","https://www.hsrooterplumbing.com/","3831 Arden Dr, El Monte, CA 91731, USA"
"Temp Air System Inc","(626) 702-3690","gas-engineer","4.8","330","https://www.tempairsystem.com/","15843 Amar Rd, La Puente, CA 91744, USA"
"Mr. Rooter Plumbing of Torrance","(424) 318-1132","plumber","4.8","328","http://mrrooter.com/Torrance","4026 Hickman Dr, Torrance, CA 90504, USA"
"Benjamin Franklin Plumbing of Long Beach","(562) 367-8723","plumber","5","326","https://www.benjaminfranklinplumbing.com/long-beach/","20032 State Rd, Cerritos, CA 90703, USA"
"Beach Plumbing","(714) 439-9556","plumber","4.9","325","https://www.beachplumbingservices.com/","10532 Walker St # A, Cypress, CA 90630, USA"
"Service Genius Air Conditioning and Heating","(310) 853-5794","gas-engineer","5","324","https://servicegenius.com/ac-repair-los-angeles-ca/?utm_source=google&utm_medium=organic&utm_campaign=gmb_samo&utm_content=website_link","2665 30th St #101, Santa Monica, CA 90405, USA"
"Universal Heating & Air","(323) 763-5777","gas-engineer","4.5","319","https://universalhvaclosangeles.com/","2260 Maravilla Dr, Los Angeles, CA 90068, USA"
"Clear All Rooter Plumbing","(310) 570-3129","gas-engineer","4.9","319","http://clearallrooter.com/","3700 Industry Ave Ste 103, Lakewood, CA 90712, USA"
"Premier 1 Plumbing, Inc.","(818) 284-5755","plumber","5","316","https://www.premier1plumbing.com/","120 E Santa Anita Ave, Burbank, CA 91502, USA"
"The Rooter Company","(714) 439-8892","plumber","5","315","https://www.therootercompany.com/?utm_source=google&utm_medium=gmb&utm_content=brea","375 Cliffwood Park St, Brea, CA 92821, USA"
"Southwest Heating & Air Conditioning","(310) 867-0703","gas-engineer","4.8","315","http://www.southwesthvac.biz/","622 Alpine St, Los Angeles, CA 90012, USA"
"Primo Plumbing & Heating","(562) 429-1221","plumber","4.9","315","https://www.primoplumbing.net/","2831 Junipero Ave Suite 603, Signal Hill, CA 90755, USA"
"1ST L.S LOCKSMITH","(310) 430-1030","locksmith","4.9","314","https://ls24hrlocksmith.com/","1580 Centinela Ave #7, Inglewood, CA 90302, USA"
"R.K. Knight Plumbing & Rooter","(562) 947-5588","plumber","4.8","314","http://rkknightplumbing.com/","15929 Whittier Blvd, Whittier, CA 90603, USA"
"Greenwood Heating & Air Inc","(657) 645-0080","gas-engineer","4.9","313","http://greenwoodac.com/","8940 Electric St, Cypress, CA 90630, USA"
"Gary's Rooter & hydro jetting, inc","(818) 823-6646","drain-specialist","5","309","http://www.garys-rooter.com/","407 Thompson Ave, Glendale, CA 91201, USA"
"Monkey Wrench Plumbing, Heating, Air & Electric","(562) 247-3219","plumber","4.9","307","https://www.monkeywrenchservices.com/?utm_source=google&utm_medium=organic&utm_campaign=GMBListing-Long-Beach-CA","4000 Long Beach Blvd #303, Long Beach, CA 90807, USA"
"LSP Plumbing","(888) 386-8508","plumber","4.5","303","https://localserviceprosplumbing.com/?utm_source=GMB","18740 W Oxnard St #309, Tarzana, CA 91356, USA"
"A1 Stanley Locksmith","(562) 832-7909","locksmith","4.8","296","https://a-1stanleylocksmith.com/","9421 Alondra Blvd, Bellflower, CA 90706, USA"
"LLA Services - Locksmith Los Angeles","(323) 426-4720","locksmith","4.7","296","https://247llaservicesinc.com/","5622 Santa Monica Blvd, Los Angeles, CA 90038, USA"
"Marathon Plumbing, Heating and AC Repair","(626) 691-9662","gas-engineer","4.9","295","https://www.marathonhvac.com/?utm_source=google&utm_medium=organic&utm_campaign=gbp_covina_hvac_local&utm_term=authentic_nonsense","212 E Rowland St #317, Covina, CA 91723, USA"
"Mor Air","(818) 287-0457","gas-engineer","5","291","https://morairinc.com/","11661 Saticoy St, North Hollywood, CA 91605, USA"
"Southwest HVAC","(562) 425-4822","gas-engineer","4.9","290","http://southwesthvac.com/","11265 Woodruff Ave, Downey, CA 90241, USA"
"Drainiacs Plumbing - Whittier","(562) 543-3887","plumber","4.8","290","http://danielcordovaplumbing.com/","14200 Lambert Rd, Whittier, CA 90605, USA"
"Lockangeles LA","(310) 997-6304","locksmith","5","289","","4080 Glencoe Ave, Marina Del Rey, CA 90292, USA"
"A/C Control, Inc","(310) 943-7400","gas-engineer","4.7","289","https://ac-control.com/?id=maps","2355 Westwood Blvd #145, Los Angeles, CA 90064, USA"
"Monkey Wrench Plumbing, Heating, Air & Electric","(310) 889-0931","plumber","4.9","286","https://www.monkeywrenchplumbers.com/areas-we-serve/redondo-beach/?utm_source=GMB&utm_medium=organic&utm_campaign=Redondo-Beach-CA","1604 Aviation Blvd Ste C, Redondo Beach, CA 90278, USA"
"Advantage Plumbing & Rooter","(626) 956-3708","plumber","5","286","https://advantageplumbingrooter.com/","2361 Barton Ln, Montrose, CA 91020, USA"
"Save Pro Restoration","(800) 209-6009","roofer","4.9","285","https://saveprorestoration.com/","21241 Ventura Blvd #293, Woodland Hills, CA 91364, USA"
"Curtis Plumbing Woodland Hills","(818) 763-5188","plumber","4.9","283","http://www.curtisplumbingsince1939.com/","5104 Topanga Canyon Blvd, Woodland Hills, CA 91364, USA"
"Monkey Wrench Plumbing, Heating, Air & Electric","(626) 243-5222","plumber","4.8","281","http://www.monkeywrenchservices.com/?utm_source=google&utm_medium=organic&utm_campaign=GMBListing-Monterey-Park-CA","595 Monterey Pass Rd, Monterey Park, CA 91754, USA"
"Around the Clock Heating and Air Conditioning, Inc.","(818) 343-2326","gas-engineer","4.7","281","https://aroundclock.com/?utm_source=organic&utm_medium=gbp&utm_campaign=google","7216 Varna Ave, North Hollywood, CA 91605, USA"
"Harmony Electrical, Plumbing & Air","(562) 279-2965","electrician","5","281","https://callharmonyhome.com/?utm_source=google&utm_medium=gbp","9826 Painter Ave Unit E, Whittier, CA 90605, USA"
"Graham Plumbing and Drain Cleaning, Inc.","(888) 828-3872","plumber","4.8","277","http://www.grahamplumbing.net/","272 Gemini Ave, Brea, CA 92821, USA"
"Service All-Stars Plumbing Heating and Air Comfort","(424) 257-5561","gas-engineer","4.6","276","https://www.serviceallstars.net/?utm_source=local&utm_medium=organic&utm_campaign=gbp","17620 Bellflower Blvd, Bellflower, CA 90706, USA"
"Everything Opens Locksmith","(213) 804-8726","locksmith","4.9","276","https://everythingopens.com/","15223 Hesby St, Sherman Oaks, CA 91403, USA"
"Olson Superior Plumbing Santa Fe Springs","(562) 307-8045","plumber","4.9","272","https://olsonsuperior.com/plumber-santa-fe-springs-ca/?utm_campaign=gmb","11803 Slauson Ave Unit B1, Santa Fe Springs, CA 90670, USA"
"Pacific Plumbing Team","(323) 645-2537","plumber","4.9","272","https://pacificplumbingteam.com/?utm_source=google&utm_medium=organic&utm_campaign=gmb","3747 Kelton Ave Suite 6, Los Angeles, CA 90034, USA"
"United Plumbing Heating Air & Electric","(310) 561-4341","plumber","4.8","272","https://localunitedservices.com/","1612 Sunset Blvd, Los Angeles, CA 90026, USA"
"Lambert Heating and Air Conditioning","(562) 861-2727","gas-engineer","4.9","270","https://lambertheatingandair.com/","8564 Orange St, Downey, CA 90242, USA"
"Monkey Wrench Plumbing, Heating, Air & Electric","(626) 225-2081","plumber","4.8","267","https://www.monkeywrenchservices.com/?utm_source=google&utm_medium=organic&utm_campaign=GMBListing-Pasadena-CA","680 E Colorado Blvd Suite 200-G, Pasadena, CA 91101, USA"
"Golden Retrofit & Foundation Repair","(800) 217-2458","roofer","5","265","https://goldenretrofit.com/?utm_source=google&utm_medium=organic&utm_campaign=gbp-website-link","16116 Leadwell St, Van Nuys, CA 91406, USA"
"Hassle Free Plumbing","(626) 501-1000","plumber","4.9","265","https://www.hasslefreeplumbing.com/","222 E Foothill Blvd, Monrovia, CA 91016, USA"
"Norwalk / La Mirada Plumbing, Heating & Air Conditioning","(562) 219-4085","plumber","4.7","263","http://www.laplumber.com/","11661 Firestone Blvd, Norwalk, CA 90650, USA"
"Drainflow Solutions & Plumbing","(626) 394-3852","plumber","5","262","https://www.drainflowsolutionsplumbing.com/?utm_source=google&utm_medium=gbp&utm_campaign=maps","454 Shrode Ave, Duarte, CA 91010, USA"
"Key’s Locksmith","(323) 424-7352","locksmith","4.8","260","https://keylocksmith24.com/","5968 W Olympic Blvd, Los Angeles, CA 90036, USA"
"Monkey Wrench Plumbing, Heating, Air & Electric","(818) 221-1373","plumber","4.9","256","https://www.monkeywrenchservices.com/?utm_source=google&utm_medium=organic&utm_campaign=GMBListing-Glendale-CA","3436 N Verdugo Rd #103, Glendale, CA 91208, USA"
"Plumber XP","(562) 448-2124","plumber","5","255","http://www.plumberxp.com/","1120 S Cypress St ste f, La Habra, CA 90631, USA"
"So Cal Air","(818) 471-6022","gas-engineer","5","253","http://www.socalair.co/","440 W Dryden St, Glendale, CA 91202, USA"
"Orange Coast Plumbing","(562) 219-4661","plumber","5","253","https://orangecoastplumbing.net/","22427 Funston Ave, Hawaiian Gardens, CA 90716, USA"
"911 Restoration of West Los Angeles","(424) 369-0846","drain-specialist","5","253","https://911restorationwestla.com/","11958 Lindblade St #2, Culver City, CA 90230, USA"
"Ocean Park Lock & Key","(323) 843-9118","locksmith","4.7","252","https://oceanparklockkey.com/","804 Ocean Park Blvd, Santa Monica, CA 90405, USA"
"Garden Grove Ace Hardware","(657) 400-9143","locksmith","4.5","251","http://www.acehardware.com/mystore/index.jsp?store=15770&cid=localstore15770","11919 Valley View St, Garden Grove, CA 92845, USA"
"Green Advisor Inc.","(888) 869-0987","roofer","5","250","https://greenadvisorinc.com/","7660 Beverly Blvd, Los Angeles, CA 90036, USA"
"Reliable Home Comfort","(562) 568-5345","gas-engineer","5","249","https://www.rhcair.com/?utm_source=gbp&utm_medium=organic&utm_campaign=website","1214 W 130th St, Compton, CA 90222, USA"
"Valley Plumbing","(818) 436-6398","plumber","4.8","248","https://www.valley-plumbing.com/","13074 Saticoy St, North Hollywood, CA 91605, USA"
"Monkey Wrench Plumbing, Heating, Air & Electric","(626) 428-3306","plumber","4.9","248","https://www.monkeywrenchservices.com/?utm_source=google&utm_medium=organic&utm_campaign=GMBListing-Covina-CA","599 S Barranca Ave Suite L-107, Covina, CA 91723, USA"
"Major League Plumbing","(562) 380-8566","plumber","5","248","https://mlplumbing.net/","1728 166th St, Gardena, CA 90247, USA"
"The Foundation Works","(323) 663-4841","roofer","4.9","247","http://www.thefoundationworks.com/?utm_campaign=gmb","2411 Empire Ave, Burbank, CA 91504, USA"
"Aryco HVAC","(626) 559-0990","gas-engineer","4.9","246","https://arycohvac.com/","140 E Palm Ave, Monrovia, CA 91016, USA"
"Locksmith Long Beach","(562) 568-8846","locksmith","4.7","244","https://www.locksmithlongbeach.net/","111 W Ocean Blvd UNIT 400, Long Beach, CA 90802, USA"
"Lock-Co Locksmith","(562) 338-2727","locksmith","5","242","https://lockcolocallocksmith.com/","4005 N Virginia Rd UNIT 5, Long Beach, CA 90807, USA"
"Tarzana Lock and Safe","(818) 600-2439","locksmith","4.8","240","https://www.tarzanalockandsafe.com/","5577 Reseda Blvd, Tarzana, CA 91356, USA"
"City Plumbing and Rooter","(818) 280-6080","plumber","4.8","239","https://www.cityplumbingandrooter.com/locations/winnetka-ca","20038 Arminta St, Winnetka, CA 91306, USA"
"Locksmith 247 LA INC.","(310) 413-7619","locksmith","4.8","238","https://locksmith247la.com/","2240 W Washington Blvd, Los Angeles, CA 90018, USA"
"Alpha One Construction Inc","(818) 793-1060","roofer","4.9","238","https://alphaoneconstructioninc.com/","5827 Franklin Ave, Los Angeles, CA 90028, USA"
"Purified Air Heating and Air Conditioning, Inc","(626) 414-4445","gas-engineer","5","238","https://www.purifiedairinc.com/","117 E Colorado Blvd Suite 600, Pasadena, CA 91105, USA"
"Good News Plumbing & Drain","(877) 447-4737","plumber","4.9","237","https://goodnewsplumbers.com/","310 W Mountain View Ave Ste 4, Glendora, CA 91741, USA"
"Palisades Plumbing CO","(310) 454-5548","plumber","4.8","236","http://www.palisadesplumbinginc.com/","16626 Marquez Ave, Pacific Palisades, CA 90272, USA"
"Season Control Heating & Air Conditioning","(818) 275-8487","gas-engineer","4.7","235","https://seasoncontrolhvac.com/?utm_source=google&utm_medium=gmb&utm_campaign=panorama_city","14757 Arminta St, Panorama City, CA 91402, USA"
"DX Plumbing and Hydro Jetting Inc","(818) 398-3310","plumber","5","233","http://www.dxplumbing.com/","10940 Wilshire Blvd Ste 1600-PMB #818, Los Angeles, CA 90024, USA"
"Sherman Oaks Lock & Safe","(818) 817-8008","locksmith","4.7","233","http://www.shermanoakslockandsafe.com/","14762 Ventura Blvd, Sherman Oaks, CA 91403, USA"
"Mauerhan Plumbing Inc","(818) 243-3443","plumber","4.8","231","https://www.mauerhanplumbing.com/","752 W California Ave, Glendale, CA 91203, USA"
"AAA CALVERT Electrical, Heating and Air Conditioning","(562) 429-1546","electrician","4.9","230","https://www.aaacalvert.com/","1348 E 29th St, Signal Hill, CA 90755, USA"
"Service Hero","(714) 439-9157","gas-engineer","4.9","230","https://www.serviceheros.com/orange-county","700 N Harbor Blvd, La Habra, CA 90631, USA"
"Around the Clock Heating and Air Conditioning, Inc.","(310) 274-5525","gas-engineer","4.8","227","http://aroundclock.com/","1123 Lillian Way, Los Angeles, CA 90038, USA"
"Lords of Plumbing","(310) 845-6027","plumber","4.9","226","http://lordsofplumbing.com/?utm_source=google&utm_medium=organic&utm_campaign=googlemybusiness","5301 Beethoven St Ste 133, Los Angeles, CA 90066, USA"
"Sal's Plumbing Company Inc","(310) 782-1978","plumber","4.5","221","http://salsplumbing.com/","20602 Normandie Ave, Torrance, CA 90502, USA"
"Ritz Plumbing","(323) 973-1585","plumber","3.4","220","http://ritzplumbing.com/?utm_campaign=gmb","1355 S La Brea Ave, Los Angeles, CA 90019, USA"
"Lions Heating & Air Conditioning","(310) 496-8890","gas-engineer","4.9","217","https://lionshvac.com/?utm_campaign=gmb","9415 Culver Blvd #339, Culver City, CA 90232, USA"
"The Sewer Company","(626) 900-1815","drain-specialist","4.9","216","","21 Miller Alley, Pasadena, CA 91103, USA"
"Mega Clean Air","(714) 696-9877","gas-engineer","5","213","https://megacleanairpro.com/mega-clean-air","16033 Valley View Ave, Santa Fe Springs, CA 90670, USA"
"Fullerton Ace Hardware","(714) 526-3351","locksmith","4.2","211","https://fullertonace.com/","117 W Commonwealth Ave, Fullerton, CA 92832, USA"
"Oscar's Plumbing & Rooter Service","(818) 208-3603","plumber","4.7","210","http://oscarsplumbingandrooter.com/","10659 Magnolia Blvd, North Hollywood, CA 91601, USA"
"Pioneers Heating and Air","(626) 217-0559","gas-engineer","4.9","209","https://pioneersheatingandair.com/","285 N Hill Ave Suite #206, Pasadena, CA 91106, USA"
"John White Plumbing & Rooter Connection","(310) 397-7305","plumber","4.9","209","https://www.rooterconnection.com/","5726 Bankfield Ave, Culver City, CA 90230, USA"
"SoCal Plumbing & Rooter Inc.","(714) 482-3982","plumber","5","209","https://scalplumbing.com/brea/","420 W Lambert Rd suite f, Brea, CA 92821, USA"
"Locksmith Pros USA","(213) 566-4517","locksmith","4.2","208","https://locksmithprosla.com/","12740 Califa St, Valley Village, CA 91607, USA"
"RF Plumbing Company","(888) 650-3880","plumber","4.8","206","http://www.rfplumbingco.com/","4416 W 234th St, Torrance, CA 90505, USA"
"Rooter and Beyond Plumbing Inc","(562) 332-0996","plumber","4.9","206","https://www.rooterbeyondplumbing.com/","15566 Ryon Ave Suite #A, Bellflower, CA 90706, USA"
"Free Flo Rooter","(818) 934-1144","plumber","5","203","http://www.freeflorooter.com/","9349 Hillrose St, Shadow Hills, CA 91040, USA"
"Full Access Control locksmith","(424) 209-8270","locksmith","5","202","http://www.fullaccesscontrol.com/","154 Le Doux Rd, Beverly Hills, CA 90211, USA"
"A-1 Performance Rooter & Plumbing","(562) 420-6458","plumber","4.9","201","https://fast24hrplumber.com/","4433 E Village Rd, Long Beach, CA 90808, USA"
"Heloh Locksmith","(562) 234-1811","locksmith","3.8","201","https://helohinc.wixsite.com/helohlocksmithsshop","515 Redondo Ave, Long Beach, CA 90804, USA"
"I Love Sewers Rooter And Plumbing Sewer Specialties Inc","(626) 764-2570","plumber","4.9","200","https://ilovesewers.com/","15902 Halliburton Rd, Hacienda Heights, CA 91745, USA"
"E-Z Flow Rooter & Plumbing","(562) 453-7280","plumber","5","198","http://ezflowrooter.com/","5682 Rose Ave, Long Beach, CA 90805, USA"
"Rooter Hero Plumbing & Air of La Habra","(714) 408-2390","plumber","4.7","197","https://rooterhero.com/plumber-la-habra-ca-plumbing-repair-service","700 N Harbor Blvd suite 100, La Habra, CA 90631, USA"
"Pacific Energy Service","(800) 432-9016","gas-engineer","4.9","197","https://pacificenergyservice.com/","9990 Glenoaks Blvd Ste D, Sun Valley, CA 91352, USA"
"California Air Conditioning Systems","(310) 530-0504","gas-engineer","4.6","196","https://www.californiaac.com/preventativemaintenance.php","25217 Narbonne Ave, Lomita, CA 90717, USA"
"LC Heating & Air Conditioning","(325) 252-4822","gas-engineer","5","196","https://lahvaclc.com/","509 N Fairfax Ave, Los Angeles, CA 90036, USA"
"So Cal Plumbing Heating & Air Conditioning","(310) 686-0777","plumber","4.9","196","https://socalphac.com/","4811 Darien St, Torrance, CA 90503, USA"
"Scott Harrison Plumbing and Heating, Inc.","(714) 400-2725","plumber","4.7","194","https://scottharrisonplumbing.com/","10644 Rose St, Stanton, CA 90680, USA"
"Get Pro Locksmith","(818) 900-1017","locksmith","4.9","194","https://www.getprolocksmith.com/","6047 Tampa Ave #107, Tarzana, CA 91356, USA"
"Agent Rooter Plumbing","(818) 441-8024","plumber","5","193","https://agentrooterplumbing.com/","3727 W Magnolia Blvd, Burbank, CA 91505, USA"
"Hollywood Locksmith and Security","(310) 299-9573","locksmith","4.6","192","https://hollywood24hlocksmith.com/?utm_campaign=gmb","1626 Wilcox Ave, Los Angeles, CA 90028, USA"
"Mr. Handyman serving Beverly Hills, Hollywood and the Valley","(818) 860-7347","electrician","4.7","192","https://www.mrhandyman.com/beverly-hills-hollywood-the-valley/?cid=LSTL_MHM000197&utm_source=gmb&utm_campaign=local&utm_medium=organic","15720 Ventura Blvd #304, Encino, CA 91436, USA"
"High Speed Plumbing of Fullerton","(909) 766-2745","plumber","4.9","192","https://www.highspeedplumbing.com/plumber-fullerton-ca","1303 W Valencia Dr #208, Fullerton, CA 92833, USA"
"NELA Locksmith","(323) 472-5625","locksmith","4.9","191","https://nelalocksmith.com/","2838 W Ave 32 Unit 6, Glassell Park, CA 90065, USA"
"American Locksmith 24/7","(626) 499-5665","locksmith","4.6","191","https://americanlocksmith247.com/","850 S Vincent Ave #43c, Azusa, CA 91702, USA"
"On Call Water Heaters","(818) 405-3603","plumber","4.8","191","http://www.oncallwaterheater.com/","3426 Altura Ave, Glendale, CA 91214, USA"
"Alpha Structural, Inc.","(323) 258-5482","roofer","4.8","190","https://www.alphastructural.com/?utm_source=google&utm_medium=organic&utm_campaign=gmb&utm_content=foothill","8334 Foothill Blvd, Sunland, CA 91040, USA"
"Safe Gas Services, Inc","(310) 664-8777","plumber","4.9","190","https://www.safegasservices.com/","3017 Lincoln Blvd, Santa Monica, CA 90405, USA"
"Bryant Heating & Air Conditioning","(626) 995-1019","gas-engineer","4.7","189","https://www.bryantheatandair.com/?utm_source=google&utm_medium=organic&utm_campaign=GMBListing-Pasadena-CA","2075 E Villa St, Pasadena, CA 91107, USA"
"DropStars Plumbing","(818) 275-7114","drain-specialist","4.9","189","https://dropstarsplumbing.com/","207 N Victory Blvd Ste G, Burbank, CA 91502, USA"
"The Family Plumber","(562) 459-6445","plumber","4.9","189","http://www.thefamilyplumber.com/","3613 Briggeman Dr, Los Alamitos, CA 90720, USA"
"James True Value Hardware","(562) 691-1711","locksmith","4.7","186","https://stores.truevalue.com/ca/la-habra/8110","710 S Beach Blvd, La Habra, CA 90631, USA"
"Cut Once Remodeling","(888) 655-0125","roofer","4.4","183","http://www.cutonceremodeling.com/","22828 Lockness Ave, Torrance, CA 90501, USA"
"G S A True Value Hardware","(562) 437-2716","locksmith","4.6","183","https://stores.truevalue.com/ca/long-beach/8066","1541 W Pacific Coast Hwy, Long Beach, CA 90810, USA"
"Airintel HVAC Inc","(818) 961-4379","gas-engineer","5","183","https://www.airintel-hvac.com/","16537 Vanowen St #215, Van Nuys, CA 91406, USA"
"High Speed Plumbing of Arcadia","(626) 493-2671","plumber","4.9","181","https://www.highspeedplumbing.com/plumber-arcadia-ca","440 E Huntington Dr # 300, Arcadia, CA 91006, USA"
"California Locksmith Company","(562) 852-6492","locksmith","4.5","181","http://www.californialocksmithcompany.com/","4101 E Ocean Blvd #8, Long Beach, CA 90803, USA"
"TOTO Air inc","(818) 815-7776","gas-engineer","5","180","https://www.totoairinc.com/","15500 Erwin St, Los Angeles, CA 91411, USA"
"Phills Locksmith Service","(310) 639-3494","locksmith","4.8","179","https://phillslocksmith.com/","11046 Atlantic Ave, Lynwood, CA 90262, USA"
"Soo Hipp Plumbing and Drains of Torrance","(424) 452-0598","plumber","5","177","https://soohippplumbing.com/torrance/","3655 Torrance Blvd STE 300, Torrance, CA 90503, USA"
"Go Pro Electric","(888) 367-6906","electrician","5","176","http://www.gopro-electric.com/","6300 Beeman Ave, North Hollywood, CA 91606, USA"
"Repipe Plumbing Solutions","(562) 939-2125","plumber","4.9","176","https://www.repipeps.com/","15865 Gale Ave Unit C, Hacienda Heights, CA 91745, USA"
"JW Plumbing, Heating & Air","(213) 878-5983","gas-engineer","4.8","175","https://www.jwheatingandair.com/","130 S 1st St, La Puente, CA 91744, USA"
"Antey HVAC and Air Conditioning","(213) 877-3415","electrician","4.9","173","http://antey.us/","10189 Maude Ave, Shadow Hills, CA 91040, USA"
"Secured Locksmith","(562) 228-1010","locksmith","5","171","http://www.securedlocksmith.co/","10656 Rosecrans Ave unit c, Norwalk, CA 90650, USA"
"Manny's Heating & Air Conditioning","(323) 774-4032","gas-engineer","4.8","169","http://mannyshvac.com/","2761 E Slauson Ave, Huntington Park, CA 90255, USA"
"AZ Locksmith and Key Solutions","(310) 844-2365","locksmith","4.7","167","https://www.azlocksmithsonline.com/","821 N Eucalyptus Ave #12, Inglewood, CA 90302, USA"
"Big League Plumbing & Rooter Inc","(424) 205-5063","plumber","4.9","166","https://bigleagueplumbing.com/?utm_source=GMB&utm_medium=organic&utm_campaign=San-Pedro-CA","1215 N Gaffey St, San Pedro, CA 90731, USA"
"Infinity Electrical","(844) 430-7681","electrician","4.9","165","https://infinityelectricalca.com/","19031 Bassett St, Reseda, CA 91335, USA"
"Local Plumbers, Inc.","(855) 505-6225","plumber","5","165","https://localplumbersla.com/","14967 Oswald St, Los Angeles, CA 91342, USA"
"Empire Plumbing, Heating and Cooling","(800) 261-7971","gas-engineer","4.8","165","http://www.empirecares.com/","8349 Katella Ave, Stanton, CA 90680, USA"
"Mr. G Locksmith","(310) 999-1350","locksmith","4.3","164","http://mrglocksmith.com/","12401 Long Beach Blvd, Lynwood, CA 90262, USA"
"Plumbing Service Solutions - Harbor City","(310) 773-0305","plumber","5","164","https://plumbingservicesolutions.com/","25843 Frampton Ave, Harbor City, CA 90710, USA"
"Foothill Lock & Key","(626) 798-0886","locksmith","4.6","164","http://flkpasadena.com/","1761 E Washington Blvd, Pasadena, CA 91104, USA"
"Alpha Heating & Air Conditioning","(310) 489-7977","gas-engineer","5","163","https://www.alphaheatingandac.com/","13031 Villosa Pl APT 417, Playa Vista, CA 90094, USA"
"Mr. Rooter Plumbing of East San Gabriel Valley","(626) 770-4303","plumber","4.6","163","https://www.mrrooter.com/east-san-gabriel-valley/?cid=LSTL_MRR000199&utm_source=gmb&utm_campaign=local&utm_medium=organic","151 S 9th Ave Suite C, La Puente, CA 91746, USA"
"Plumbing Service Solutions - San Pedro Ca","(310) 773-0305","plumber","5","161","https://plumbingservicesolutions.com/","222 W 6th St #400, San Pedro, CA 90731, USA"
"Top Energy Solutions","(323) 310-2654","gas-engineer","5","160","http://www.top-energy-solutions.com/","8265 Sunset Blvd #201, West Hollywood, CA 90046, USA"
"Just One Call, Inc.","(855) 641-8323","gas-engineer","4.5","159","https://www.justonecall.us/?utm_source=google&utm_medium=organic&utm_campaign=gbp","1614 Victory Blvd #105, Glendale, CA 91201, USA"
"CrackerJack Air and Plumbing Pros","(818) 528-5752","plumber","5","159","https://www.crackerjackplumbingpros.com/","8101-11 Orion Ave, Van Nuys, CA 91406, USA"
"SJ Plumbing","(714) 515-8899","plumber","4.9","158","http://www.sjplumbingoc.com/","4652 Katella Ave, Los Alamitos, CA 90720, USA"
"Advance Mechanical Contractors","(562) 426-1725","gas-engineer","4.9","157","https://advancemechanicalcontractors.com/","1301 E Burnett St, Signal Hill, CA 90755, USA"
"Legacy Sewer and Drain","(562) 439-0808","drain-specialist","4.9","156","https://legacysewerpros.com/?utm_source=google&utm_medium=gbp&utm_campaign=maps","1929 E 28th St Suite 101, Signal Hill, CA 90755, USA"
"Mike Diamond Plumbing, HVAC & Electrical - Gardena","(310) 361-0663","plumber","4.8","156","https://mikediamondservices.com/services/?utm_source=google&utm_medium=organic&utm_campaign=gmb-gardena","17420 S Broadway, Gardena, CA 90248, USA"
"Bundy's Lock & Safe Company","(310) 473-8951","locksmith","4.6","155","https://bundyslockandsafe.com/","11662 W Pico Blvd, Los Angeles, CA 90064, USA"
"Kritical Towing Inc.","(626) 223-0733","locksmith","4.8","155","https://kriticaltowinginc.com/","1130 Sandy Hook Ave, La Puente, CA 91744, USA"
"All Pro Locksmith Los Angeles","(888) 276-1949","locksmith","4.8","155","https://allprolocks.com/","1444 N Poinsettia Pl ste 101, Los Angeles, CA 90046, USA"
"Comfort Climate Control","(626) 815-1632","gas-engineer","5","155","http://www.comfortclimate.com/","1017 W Foothill Blvd, Azusa, CA 91702, USA"
"Americana Plumbing Experts Inc.","(800) 572-7375","plumber","5","154","","5129 Circle Vista Ave, La Crescenta-Montrose, CA 91214, USA"
"CK Enterprises Locksmith Inc","(818) 904-2634","locksmith","4.7","154","https://www.cklock.com/","14618 Victory Blvd, Van Nuys, CA 91411, USA"
"SUPER LOCKSMITH 24/7 EMERGENCY","(855) 209-5476","locksmith","4.6","153","https://super247locksmith.com/","21221 Oxnard St, Woodland Hills, CA 91367, USA"
"Green Advisor Inc.","(818) 290-3926","roofer","4.9","153","https://greenadvisorinc.com/","15928 Ventura Blvd Suite #216, Encino, CA 91436, USA"
"L.A. Hydro-Jet","(800) 750-4426","drain-specialist","3.6","151","https://www.lahydrojet.com/","10639 Wixom St, Sun Valley, CA 91352, USA"
"Mike Diamond Plumbing, HVAC & Electrical - Los Angeles","(323) 792-1451","plumber","4.6","149","https://mikediamondservices.com/services/?utm_source=google&utm_medium=organic&utm_campaign=gmb-losangeles","1900 N Cahuenga Blvd, Los Angeles, CA 90068, USA"
"Dial ONE Schilling Plumbing Heating & Air Conditioning","(562) 595-1448","gas-engineer","4.9","149","https://dialoneschilling.com/","3710 Industry Ave, Lakewood, CA 90712, USA"
"EveryDay Locksmith","(310) 906-2534","locksmith","4.5","149","https://www.locksmith-everyday.com/","1411 Highland Ave #302, Los Angeles, CA 90028, USA"
"Sara's Best Plumbing","(949) 208-9785","plumber","5","149","https://www.sarasbestplumbing.com/","4454 W Cerritos Ave, Los Alamitos, CA 90720, USA"
"A Wisdom Electric Co","(818) 776-8662","electrician","4.8","147","http://www.wisdomelectric.com/","4320 Angostura Pl, Tarzana, CA 91356, USA"
"Good Lock & Key","(626) 731-3777","locksmith","4.7","147","","2667 E Colorado Blvd A, Pasadena, CA 91107, USA"
"Help Squad","(310) 496-3892","plumber","4.9","147","https://www.helpsquad.us/location/los_angeles?utm_source=local&utm_medium=organic&utm_campaign=GMB-LA&utm_content=GMB&hsa_cam=GMB-LA&hsa_ad=ad_gmb_la&state=CA","11693 San Vicente Blvd #508, Los Angeles, CA 90049, USA"
"Macmanuel Lock & Key Services","(424) 297-4396","locksmith","4.8","147","http://macmanuellockandkey.com/","13531 Doty Ave, Hawthorne, CA 90250, USA"
"Airflow and EJ Service Air Conditioning & Heating","(818) 786-6561","gas-engineer","4.9","147","https://www.airflowandejservice.com/","14402 Oxnard St, Sherman Oaks, CA 91401, USA"
"Haven Energy","(310) 402-0881","gas-engineer","4.8","146","https://havenenergy.com/","12100 Wilshire Blvd, Los Angeles, CA 90025, USA"
"Keyman Lock","(323) 910-7595","locksmith","4.9","145","https://keymanlockservices.wixsite.com/locksmith","5527 S Vermont Ave, Los Angeles, CA 90037, USA"
"SERVPRO of Redondo Beach/Manhattan Beach","(310) 939-9293","roofer","4.9","145","https://www.servpro.com/locations/ca/servpro-of-redondo-beach-manhattan-beach?utm_medium=yext&utm_source=gmb","1230 Rosecrans Ave #300, Manhattan Beach, CA 90266, USA"
"Best Quality Plumbing Inc","(818) 282-5846","plumber","4.8","145","https://thebestqualityplumbing.com/","15150 Roxford St #406, Sylmar, CA 91342, USA"
"Pro Plumbers Inc Long Beach, CA","(562) 456-0992","plumber","4.9","144","https://www.proplumbersinc.com/service-area/long-beach-ca","5939 Elkport St, Lakewood, CA 90713, USA"
"POWER PRO ELECTRIC & SOLAR","(800) 940-8663","electrician","4.8","143","http://www.powerproelectricsvc.com/","11721 Whittier Blvd, Whittier, CA 90601, USA"
"Mitch Clemmons Plumbing","(714) 707-2771","plumber","4.9","142","http://www.mitchclemmonsplumbing.com/","2003 Raymer Ave suite a, Fullerton, CA 92833, USA"
"Rooter Flushers Plumbing and Drains","(714) 406-6637","plumber","5","142","http://rooterflushers.com/","6782 Stanton Ave suite e, Buena Park, CA 90621, USA"
"New Generation Plumbing","(323) 274-4863","plumber","4.7","141","http://www.newgenerationplumbingcontractor.com/","5113 N Figueroa St, Los Angeles, CA 90042, USA"
"Sonpower Energy","(888) 903-0702","electrician","4.9","141","https://www.sonpowerenergy.com/","14611 Bessemer St, Van Nuys, CA 91411, USA"
"Uc Local Locksmith","(323) 621-2451","locksmith","4.9","140","https://www.uclocallocksmithinc.com/","14955 Saticoy St, Van Nuys, CA 91405, USA"
"Grants True Value Hardware Co.","(626) 444-2452","locksmith","4.7","140","https://stores.truevalue.com/ca/el-monte/8108","10944 Garvey Ave, El Monte, CA 91733, USA"
"Kevin Shaw Plumbing, Inc.","(626) 359-1864","plumber","4.5","140","https://www.kevinshawplumbing.com/?utm_source=google&utm_medium=organic&utm_campaign=gbp","224 E Foothill Blvd, Monrovia, CA 91016, USA"
"Mullen Plumbing Inc.","(562) 543-5383","plumber","5","140","https://www.mullenplumbinglbc.com/?utm_source=Google&utm_medium=GBP&utm_campaign=LongBeach","1390 Newport Ave, Long Beach, CA 90804, USA"
"Blueberry Air","(818) 854-5675","gas-engineer","5","139","https://www.blueberry-air.com/","5115 Lankershim Blvd #534, North Hollywood, CA 91601, USA"
"A1 Best Plumbing - Long Beach Plumbing","(562) 268-5480","plumber","4.9","138","http://www.a1bestplumbing.com/","2480 Brayton Ave Unit 101, Long Beach, CA 90755, USA"
"Day&Night Locksmith","(818) 571-3096","locksmith","4.6","137","https://www.daynightlocksmith.com/","5501 Laurel Canyon Blvd, Valley Village, CA 91607, USA"
"Most Valuable Plumber","(626) 225-3640","plumber","4.8","137","https://mvp-plumbing.com/?utm_source=GBP&utm_medium=organic","171 N Altadena Dr Suite 270, Pasadena, CA 91107, USA"
"Hane True Value Hardware","(323) 758-4025","locksmith","4.5","136","https://stores.truevalue.com/ca/los-angeles/8074","508 E Florence Ave, Los Angeles, CA 90003, USA"
"SERVPRO of Park La Brea","(323) 741-2120","roofer","4.9","135","https://www.servpro.com/locations/ca/servpro-of-park-la-brea?utm_medium=organic&utm_source=gbp","6535 Wilshire Blvd suite 255, Los Angeles, CA 90048, USA"
"Alpha Air Conditioning & Heating","(818) 214-7928","gas-engineer","5","135","https://www.alphaac.net/","7965 Foothill Blvd, Sunland, CA 91040, USA"
"California master key Locksmith","(818) 818-4257","locksmith","5","135","http://www.californiamasterkeylocksmith.com/","1162 Glendale Blvd, Los Angeles, CA 90026, USA"
"2M Electric Inc","(323) 402-6771","electrician","5","134","http://2m-electric.com/","1070 S Corning St, Los Angeles, CA 90035, USA"
"SERVPRO of Whittier","(562) 698-5368","roofer","5","134","https://www.servpro.com/locations/ca/servpro-of-whittier?utm_medium=organic&utm_source=gbp","9245 Santa Fe Springs Rd, Santa Fe Springs, CA 90670, USA"
"Professional Plumbing Services Inc.","(818) 790-7270","plumber","4.9","134","http://professionalplumbingservices.com/","1409 Foothill Blvd, La Cañada Flintridge, CA 91011, USA"
"LA Plumbing Company | Plumber in Torrance Redondo Beach, CA","(424) 677-2359","plumber","4.9","134","http://losangelescaplumbing.com/","609 Amapola Ave, Torrance, CA 90501, USA"
"Accurate Comfort Air Conditioning And Heating","(714) 325-7042","gas-engineer","4.9","133","https://accuratecomforthvac.com/","369 Cliffwood Park St, Brea, CA 92821, USA"
"Los Angeles ❄️ Air Conditioning Service","(424) 459-7191","gas-engineer","4.9","133","","506 N Virgil Ave, Los Angeles, CA 90004, USA"
"Norwalk True Value","(562) 864-0912","locksmith","4.4","133","https://stores.truevalue.com/ca/norwalk/11605","11056 Rosecrans Ave, Norwalk, CA 90650, USA"
"HS Locksmiths - Long Beach","(562) 432-3121","locksmith","4.2","133","http://hs-locksmiths-long-beach.business.site/","421 W Broadway, Long Beach, CA 90802, USA"
"Brea Orange County Plumbing Heating and Air Conditioning","(714) 919-3992","gas-engineer","4.8","132","https://ocplumber.com/","340 N Orange Ave, Brea, CA 92821, USA"
"Hi-Tech Plumbing Services inc.","(818) 941-6741","plumber","5","132","https://hitechplumbingservicesinc.com/?utm_campaign=gmb","20407 Parthenia St, Winnetka, CA 91306, USA"
"Service Squad","(626) 624-4288","plumber","4.9","131","https://www.callservicesquad.com/?utm_source=google&utm_medium=organic&utm_campaign=gbp","680 E Colorado Blvd Suite 180, Pasadena, CA 91101, USA"
"Air Max HVAC Inc.","(424) 600-8386","gas-engineer","4.8","131","https://airmaxexperts.com/beverly-hills-ca/","9465 Wilshire Blvd Suite 300, Beverly Hills, CA 90212, USA"
"Nautilus Plumbing","(323) 629-4627","plumber","4.8","131","https://www.nautilusplumbing.com/","4645 Huntington Dr N, Los Angeles, CA 90032, USA"
"Win Electric Los Angeles","(323) 897-8764","electrician","5","131","","3017 S Figueroa St, Los Angeles, CA 90007, USA"
"V-Max Plumbing","(562) 850-3337","plumber","4.9","130","https://vmaxplumbing.com/","Seal Beach, CA 90740, USA"
"Allied Restoration","(888) 860-1003","roofer","4.8","130","https://alliedrestore.com/","3120 E Garvey Ave S, West Covina, CA 91791, USA"
"Security Locksmith 24/7","(213) 414-6272","locksmith","5","129","https://securitylocksmithca.com/","5011 W Pico Blvd, Los Angeles, CA 90019, USA"
"Shalom Heating & Air","(714) 886-2021","gas-engineer","4.9","129","https://www.shalom2u.com/","9672 Alondra Blvd, Bellflower, CA 90706, USA"
"Courselle Plumbing","(310) 540-5915","plumber","5","128","https://courselleplumbing.com/","12902 Normandie Ave, Gardena, CA 90249, USA"
"74 Degrees Heating & Air, Inc.","(310) 431-4444","gas-engineer","4.9","128","https://www.74degreesheatandair.com/","2367 W 208th St UNIT 7, Torrance, CA 90501, USA"
"Positive Electricians, Inc.","(844) 411-0240","electrician","5","127","https://positivelectricians.com/","14532 Friar St Suite I, Van Nuys, CA 91411, USA"
"Elevate Pro Water Restoration Burbank","(213) 204-6915","roofer","5","127","https://elevateprorestoration.com/","4205 W Burbank Blvd #107, Burbank, CA 91505, USA"
"Pro Plumbers Inc Carson, CA","(424) 728-5944","plumber","4.8","126","","626 W 231st St, Carson, CA 90745, USA"
"THE Water Heater Company","(818) 358-6110","gas-engineer","4.9","126","https://www.thewaterheatercompany.com/","13615 Victory Blvd #108, Van Nuys, CA 91401, USA"
"Blizzard Air Conditioning & Heating","(855) 936-5222","gas-engineer","4.9","125","https://blizzardairconditioning.com/","6400 E Washington Blvd, Commerce, CA 90040, USA"
"Torrance Lock & Security","(310) 320-8840","locksmith","4.4","124","https://torrancelock.com/","2421 Torrance Blvd, Torrance, CA 90501, USA"
"Barrera Family Electricians","(657) 332-2392","electrician","4.8","124","","6271 Ball Rd #6300, Cypress, CA 90630, USA"
"Honeydo plumbing","(562) 556-3603","plumber","5","124","https://www.honeydoplumbers.com/","4851 Hazelbrook Ave, Long Beach, CA 90808, USA"
"24/7 Rooter Service","(213) 281-4751","plumber","5","123","https://www.247rooterservice.com/","211 La Fayette Park Pl #101, Los Angeles, CA 90057, USA"
"V-Max Plumbing Torrance","(310) 614-3579","plumber","5","123","https://vmaxplumbing.com/about/plumber-torrance/","21250 Hawthorne Blvd Suite 500, Torrance, CA 90503, USA"
"Dr Locksmith Services","(213) 507-7125","locksmith","5","122","https://www.drlocksmithservicesla.com/","1260 S Corning St, Los Angeles, CA 90035, USA"
"Clear View Electrical Services","(562) 784-5289","electrician","4.8","122","https://clearviewelectricalservices.com/?utm_source=google&utm_medium=organic&utm_campaign=gbp%20sales","12405 Slauson Ave Suite N, Whittier, CA 90606, USA"
"Mr. Rooter Plumbing of South San Gabriel","(323) 325-5725","plumber","4.8","122","https://www.mrrooter.com/montebello/?cid=LSTL_MRR000199&utm_source=gmb&utm_campaign=local&utm_medium=organic","221 W Pomona Blvd, Monterey Park, CA 91754, USA"
"Soo Hipp Plumbing and Drains of Cerritos","(562) 741-5022","plumber","4.9","121","https://www.soohippplumbing.com/cerritos","20110 State Rd, Cerritos, CA 90703, USA"
"Wintri","(626) 777-7773","gas-engineer","5","121","https://www.wintri.com/","546 E Edna Pl, Covina, CA 91723, USA"
"Gas Company Lofts Apartments","(213) 761-1715","gas-engineer","3.9","120","https://www.essexapartmenthomes.com/apartments/los-angeles/gas-company-lofts?sc_camp=2648D1300BEC431BB11EB86F02F52DBD&utm_source=googlesearch","810 Flower St, Los Angeles, CA 90017, USA"
"Fusion Star Inc.","(818) 340-5500","gas-engineer","4.9","120","http://www.fusionstarinc.com/","21781 Ventura Blvd, Woodland Hills, CA 91364, USA"
"HNZ♨️Heating and Air Conditioning","(323) 271-7939","gas-engineer","5","120","","3883 Martin Luther King Jr Blvd, Lynwood, CA 90262, USA"
"AIRMAKER HVAC INC","(818) 642-5278","gas-engineer","5","119","https://airmakerhvacinc.com/","20620 Hatton St, Winnetka, CA 91306, USA"
"Advantage Air","(800) 709-7297","gas-engineer","4.9","119","http://advantageairca.com/","6285 E Spring St #503, Long Beach, CA 90808, USA"
"Altadena Lock & Key Shop","(626) 797-2606","locksmith","4.4","118","","1371 N Lake Ave, Pasadena, CA 91104, USA"
"Joseph & Sons Plumbing And Drains Inc","(310) 569-1396","plumber","4.9","118","https://josephandsonsplumbing.com/","6080 Center Dr Suite 645, Los Angeles, CA 90045, USA"
"Valencia's Plumbing","(323) 489-9276","plumber","4.9","118","http://www.valenciasplumbingservices.com/","1639 E 87th Pl, Los Angeles, CA 90002, USA"
"Richards Rooter and Plumbing","(310) 853-5200","plumber","5","118","https://plumbingemergencylosangeles.com/","1131 Alta Loma Rd #429, West Hollywood, CA 90069, USA"
"TOP AC Inc LA Air Conditioning Contractors","(818) 392-5444","gas-engineer","4.8","117","https://www.top-ac.com/","21201 Victory Blvd suite 102, Canoga Park, CA 91303, USA"
"All Service Plumbing","(562) 281-4520","plumber","4.6","117","http://allserviceplumbers.com/","10621 Bloomfield St unit 20, Los Alamitos, CA 90720, USA"
"Alex & Alex Electrical Services","(310) 905-5050","electrician","5","117","http://www.alexelectrician.com/","3521 S Bentley Ave, Los Angeles, CA 90034, USA"
"South Park Plumber's","(310) 388-3890","plumber","5","117","https://sounthparkplumbers.com/Torrance-plumbing-services/","1316 Sartori Ave #57b, Torrance, CA 90501, USA"
"Back On Electricians","(213) 808-6074","electrician","4.8","117","","2940 E Olympic Blvd #594, Los Angeles, CA 90023, USA"
"AirPoint Heating & Air Conditioning","(844) 424-7764","gas-engineer","5","116","https://www.airpointhvac.com/?utm_source=google&utm_medium=organic&utm_campaign=gbp","11021 Winners Cir Unit 102, Los Alamitos, CA 90720, USA"
"Contractor Response Plumbing experienced and licensed professionals","(818) 731-5290","plumber","4.9","116","http://contractorresponseplumbing.com/","14519 Wadkins Ave, Gardena, CA 90249, USA"
"California Heat Air Conditioning","(818) 588-7770","gas-engineer","5","116","http://californiaheatac.com/","5404 Whitsett Ave UNIT 229, Valley Village, CA 91607, USA"
"Dr. Ductless Heating & Cooling","(424) 551-2111","gas-engineer","4.8","116","https://www.drductless.com/?utm_source=google&utm_medium=organic&utm_campaign=gbplawndale","15701 Condon Ave, Lawndale, CA 90260, USA"
"LS Locksmith Services","(323) 650-3333","locksmith","4.8","116","https://locksmithservices24-7.com/","7950 CA-2, West Hollywood, CA 90046, USA"
"Service Titan AC & Heating","(818) 696-2277","gas-engineer","4.9","115","","1345 E Colorado St, Glendale, CA 91205, USA"
"Global Lock & Key","(818) 484-6024","locksmith","4.7","114","http://www.globallockandkey.com/","17920 Hatton St, Reseda, CA 91335, USA"
"Dicks True Value Hardware","(310) 397-3220","locksmith","4.1","114","https://stores.truevalue.com/ca/los-angeles/8676/","12216 Venice Blvd., Los Angeles, CA 90066, USA"
"ServiStar Plumbing and HVAC","(818) 873-0613","plumber","4.7","114","https://www.servistarplumbingandhvac.com/?utm_source=gmb&utm_medium=organic&utm_campaign=organic","13351 Riverside Dr Suite #414, Sherman Oaks, CA 91423, USA"
"Car Key Specialist Inc","(818) 893-9270","locksmith","4.8","113","http://www.carkeyinc.com/","14650 Parthenia St, Panorama City, CA 91402, USA"
"Ser Plumbing Inc","(310) 953-3566","plumber","5","113","https://www.serplumbinginc.com/","7530 Alondra Blvd, Paramount, CA 90723, USA"
"Lighthouse Painting Contractors Inc.","(818) 534-8260","roofer","5","113","http://www.lpcpaint.com/","15235 Brand Blvd a108, Mission Hills, CA 91345, USA"
"AC & HVAC Repair","(818) 214-8525","gas-engineer","4.8","112","https://acrepairburbank.co/","2701 N Keystone St, Burbank, CA 91504, USA"
"Air Breeze Inc.","(818) 705-3271","gas-engineer","4.2","112","","7044 1/2, Yarmouth Ave, Reseda, CA 91335, USA"
"24/7 Rescue Plumbing Services inc","(818) 510-1204","plumber","4.9","112","http://rescueplumbingserviceinc.com/","7359 Kester Ave #2, Van Nuys, CA 91405, USA"
"911 Restoration of San Fernando Valley","(747) 297-6341","roofer","4.9","112","https://911restorationsfv.com/","7721 Densmore Ave, Van Nuys, CA 91406, USA"
"South Bay Lock Shop","(310) 542-5625","locksmith","4.6","111","","282 Carson St, Carson, CA 90745, USA"
"California Lock & Safe","(323) 254-5625","locksmith","4.2","109","https://californialock.com/","5718 York Blvd, Los Angeles, CA 90042, USA"
"Papa's Plumbing Inc.","(626) 243-3689","plumber","4.8","109","https://www.papatheplumber.com/?utm_source=gmb&utm_medium=referral","3235 N San Fernando Rd #7B, Los Angeles, CA 90065, USA"
"Mattucci Plumbing","(310) 543-2001","plumber","4.5","108","http://www.mattucciplumbing.com/","13528 S Western Ave, Gardena, CA 90249, USA"
"A-Team Plumbing Services, Inc.","(818) 224-9771","plumber","4.9","108","https://ateamplumbingsquad.com/","11142 Fleetwood St Unit 9, Sun Valley, CA 91352, USA"
"Electricians Service Team","(800) 568-8664","electrician","5","108","https://electriciansserviceteam.com/locations/","1950 San Vicente Blvd, Los Angeles, CA 90049, USA"
"Red Apple Air Conditioning","(310) 532-0522","gas-engineer","4.9","107","https://www.redappleair.com/","25904 Senator Ave, Harbor City, CA 90710, USA"
"The Handy Geeks","(818) 835-0556","electrician","5","106","https://www.thehandygeeks.co/","1219 Steinhart Ave, Redondo Beach, CA 90278, USA"
"Taylor's Lock & Key","(562) 925-6628","locksmith","4.6","106","","16227 Bellflower Blvd, Bellflower, CA 90706, USA"
"Tik Electric ✔️","(805) 300-2552","electrician","5","106","http://www.tikelectric.com/","6667 Wilbur Ave, Reseda, CA 91335, USA"
"Instant Restoration","(818) 486-6546","roofer","5","106","https://instant-restoration.com/","5255 Don Pio Dr, Woodland Hills, CA 91364, USA"
"Payless 4 Plumbing","(800) 220-0209","plumber","4.5","105","http://www.paylessforplumbing.com/","6501 Clara St, Bell Gardens, CA 90201, USA"
"North Hollywood Hardware","(818) 980-2453","locksmith","4.6","105","http://www.northhollywoodhardware.com/","11847 Ventura Blvd, Studio City, CA 91604, USA"
"SERVPRO of Cerritos/Hawaiian Gardens","(562) 916-7646","roofer","4.9","105","https://www.servpro.com/locations/ca/servpro-of-cerritos-hawaiian-gardens?utm_medium=organic&utm_source=gbp","16301 Piuma Ave, Cerritos, CA 90703, USA"
"Make It Right Services","(213) 319-4445","plumber","4.7","105","http://makeitrightsvc.com/?utm_campaign=gmb","609 W Colden Ave, Los Angeles, CA 90044, USA"
"Fast 24 Plumbing","(323) 977-3777","plumber","5","105","https://www.fast24plumbing.com/","19205 Parthenia St unit e, Northridge, CA 91324, USA"
"Drain Force Plumbing","(310) 363-8955","plumber","4.9","104","https://www.drainforceplumbing.com/","1676 Pacific Coast Hwy, Harbor City, CA 90710, USA"
"Long Beach Gas & Water","(562) 570-5700","gas-engineer","2.7","103","https://www.longbeach.gov/utilityservices/","411 W Ocean Blvd, Long Beach, CA 90802, USA"
"Rapid Response Restoration","(818) 975-3795","roofer","5","103","https://rapidresponserestorationla.com/water-damage-restoration/","18375 Ventura Blvd #437, Tarzana, CA 91356, USA"
"Learsi Remodeling HVAC & Plumbing","(818) 618-2605","gas-engineer","5","103","http://www.learsiremodelingairductcleaning.com/","4453 Vesper Ave, Sherman Oaks, CA 91403, USA"
"Sunset West Plumbing & Rooter Inc.","(310) 454-2010","plumber","4.8","102","https://www.sunsetwestplumbing.com/?utm_source=google&utm_medium=organic&utm_campaign=gmb-listing","12004 W Ohio Ave, Los Angeles, CA 90025, USA"
"GR Plumbing","(323) 641-4207","plumber","4.8","102","https://www.gr-plumbing.com/","1233 Hyperion Ave, Los Angeles, CA 90029, USA"
"Marvelous Plumbing","(657) 747-7634","plumber","5","102","http://marvelousplumbinginc.com/","6382 Roland St, Buena Park, CA 90621, USA"
"Father & Son Hydro-Jetting","(818) 900-7493","plumber","5","101","https://fshydrojet.com/","666 Wolfskill St, San Fernando, CA 91340, USA"
"Full Blown Heating And Air Conditioning","(562) 233-7532","gas-engineer","4.9","101","https://www.fullblownhvac.com/","11208 Newcomb Ave, Whittier, CA 90603, USA"
"On Time Rooter And Plumbing","(626) 977-4871","plumber","4.6","101","","3669 San Gabriel River Pkwy, Pico Rivera, CA 90660, USA"
"Fanti Sewer & Drains","(949) 686-7244","gas-engineer","5","101","https://gofantiplumbing.com/","18000 Studebaker Rd # 700, Cerritos, CA 90703, USA"
"Mazdak Electric","(818) 913-0632","electrician","5","100","http://www.mz-electric.com/","16400 Ventura Blvd UNIT 330, Encino, CA 91436, USA"
"Reckon & Reckon Plumbing, Inc.","(877) 473-2566","plumber","4.8","100","http://reckonplumbing.com/","6751 1/2 Hazeltine Ave, Van Nuys, CA 91405, USA"
"LA Wrench Plumber Northridge","(818) 527-2793","plumber","5","100","http://lawrenchplumbing.com/","8834 Reseda Blvd STE 1066, Northridge, CA 91324, USA"
"Smarter Air Heating & Cooling Service","(818) 936-5869","gas-engineer","4.8","99","https://smarterairheatingcoolingservice.com/","1104 E Broadway, Glendale, CA 91205, USA"
"Plumbing Marina Del Rey","(310) 793-6806","plumber","5","99","http://plumbingmdr.com/","13234 Fiji Way, Marina Del Rey, CA 90292, USA"
"Happy Camper Drain Cleaning & Plumbing Repair","(714) 487-0895","drain-specialist","5","98","https://happycamperair.com/fullerton-plumbing-services/?utm_source=google&utm_medium=organic&utm_campaign=gmb","1501 N Harbor Blvd #103, Fullerton, CA 92835, USA"
"Daniels Plumbing & Son","(562) 577-5249","plumber","4.8","98","https://danielsplumbingcompany.com/","1370 Redondo Ave, Long Beach, CA 90804, USA"
"Hawthorne True Value Hardware","(310) 676-2253","locksmith","4","97","https://stores.truevalue.com/ca/hawthorne/8303","13532 Hawthorne Blvd, Hawthorne, CA 90250, USA"
"Omega Electrical Inc","(626) 324-6442","electrician","4.6","96","","Main St, La Puente, CA 91744, USA"
"Bela Development","(310) 359-2430","roofer","4.8","96","https://www.beladevelopment.com/","1023 Abbot Kinney Blvd, Venice, CA 90291, USA"
"North Air","(818) 567-0056","gas-engineer","5","96","http://northairinc.com/","150 S Glenoaks Blvd, Burbank, CA 91502, USA"
"Lucas & Son AC Repair Torrance","(424) 492-2228","gas-engineer","4.9","96","https://modernfamilyairconditioning.com/torrance/","385 Van Ness Ave #182, Torrance, CA 90501, USA"
"Drain King Plumbing Pro Whittier CA","(562) 632-5083","plumber","5","96","https://www.drainkingplumbingprowhittierca.com/","6528 Greenleaf Ave, Whittier, CA 90601, USA"
"Rosecrans HVAC Ladera Heights","(424) 365-9974","gas-engineer","5","96","","5315 W Centinela Ave, Los Angeles, CA 90056, USA"
"R&C Heating and Cooling Service","(310) 893-1871","gas-engineer","5","95","https://www.rchvacservices.com/","2666 34th St, Santa Monica, CA 90405, USA"
"Casey & Sons Plumbing & Electric","(626) 385-4600","plumber","4.9","94","https://caseyplumbingelectric.com/","371 Crosby St, Altadena, CA 91001, USA"
"Lupe's Locksmith Service","(424) 675-4408","locksmith","4.4","94","","12127 Hawthorne Blvd, Hawthorne, CA 90250, USA"
"Anza True Value Hardware","(310) 376-0852","locksmith","4.7","94","https://anzahardware.com/","2441 190th St, Redondo Beach, CA 90278, USA"
"High Tech HVAC - AC Repair & Installation Services in Los Angeles, Ventura County, Orange County, Riverside County","(707) 377-7779","gas-engineer","4.8","94","https://hightech-hvac.com/","10012 Commerce Ave Suite B, Tujunga, CA 91042, USA"
"911 Restoration of Central LA","(424) 369-0894","roofer","5","94","http://www.911restorationcentralla.com/","5801 W Pico Blvd, Los Angeles, CA 90019, USA"
"Drain It Plumbing","(424) 333-8226","plumber","4.9","94","https://drainitplumbers.com/","316 Tejon Pl #338, Palos Verdes Estates, CA 90274, USA"
"Servpro Woodland Hills","(818) 882-4556","roofer","4.8","93","https://www.servpro.com/locations/ca/servpro-of-woodland-hills?utm_medium=organic&utm_source=gbp","21250 Califa St #103, Woodland Hills, CA 91364, USA"
"A/C Geeks Heating & Cooling","(888) 499-4966","gas-engineer","4.7","93","https://acgeeksheatingandcooling.com/?utm_source=gmb","7924 Nagle Ave, North Hollywood, CA 91605, USA"
"HS Secure Lock and Keys LA","(213) 645-7100","locksmith","4.8","93","https://hssecurelockandkeys.com/","11049 Magnolia Blvd #211, North Hollywood, CA 91601, USA"
"Ayce Electric, Inc.","(818) 514-9160","electrician","4.8","93","http://www.ayce-electric.com/","7020 Hayvenhurst Ave # F, Van Nuys, CA 91406, USA"
"Top HVAC","(213) 649-2036","gas-engineer","4.8","93","http://cdyhvacinc.shop/","126 W 111th St, Los Angeles, CA 90061, USA"
"Speedy Plumbing & Heating","(424) 401-5242","plumber","5","92","","21716 N Avalon Blvd #4, Carson, CA 90745, USA"
"Pro Plumbers Inc San Pedro","(424) 577-3935","plumber","4.8","92","https://www.proplumbersinc.com/service-area/san-pedro-ca","1881 N Gaffey St, San Pedro, CA 90731, USA"
"24/7 Towing","(626) 636-6512","locksmith","4.6","92","https://www.towinglapuente.com/","716 B, Glendora Ave, La Puente, CA 91744, USA"
"Tornado HVAC","(818) 740-5813","gas-engineer","5","92","https://tornadohvacca.com/","15115 Califa St, Sherman Oaks, CA 91411, USA"
"Beach Plumbing","(562) 280-7889","plumber","4.9","92","https://www.beachplumbingservices.com/plumber-long-beach-ca/","3450 E Spring St UNIT 114, Long Beach, CA 90806, USA"
"911 Restoration of Southeast LA","(323) 266-9928","roofer","5","92","https://www.911restorationsoutheastla.com/","18000 Studebaker Rd, Cerritos, CA 90703, USA"
"The Happy Key","(626) 201-1655","locksmith","3.8","91","","4285 Maine Ave, Baldwin Park, CA 91706, USA"
"LAC Heating & Air, LLC","(562) 600-4311","gas-engineer","5","91","https://lac-air.co/","933 S Greenwood Ave D, Montebello, CA 90640, USA"
"Castaneda's Plumbing and Rooter","(424) 246-1244","plumber","4.9","91","https://castanedas247.com/","451 Carson Plaza Dr, Carson, CA 90746, USA"
"Zoom Electricians","(310) 388-4067","electrician","5","91","https://zoomelectricians.com/Santa-Monica","1453 25th St #65, Santa Monica, CA 90404, USA"
"Jerez Plumbing | Emergency Plumber, Hydrojetting, Drain Cleaning, and Tankless Water Heater Repair in La Puente, CA","(562) 631-3456","plumber","5","91","https://jerezplumbing.com/?utm_source=google&utm_medium=search_engine&utm_campaign=gmb","448 S 5th Ave, La Puente, CA 91746, USA"
"Yellowstone Keys","(818) 639-0065","locksmith","4.8","90","https://yellowstonekeys.com/","105 S Workman St, San Fernando, CA 91340, USA"
"Home Runners Heating & Air","(626) 499-2828","gas-engineer","5","90","https://callhomerunners.com/","1578 W San Bernardino Rd Suite B, Covina, CA 91722, USA"
"SERVPRO of Southeast Long Beach/Belmont Shores","(562) 491-5339","roofer","5","90","https://www.servpro.com/locations/ca/servpro-of-southeast-long-beach-belmont-shores?utm_medium=organic&utm_source=gbp","3842 E Anaheim St, Long Beach, CA 90804, USA"
"Omar’s Plumbing & Rooter Gas Leak Repair","(323) 803-4139","plumber","4.5","90","http://omarsplumbingca.com/","9500 California Ave f, South Gate, CA 90280, USA"
"Local Trusted Electricians","(562) 276-2419","electrician","4.9","90","https://localtrustedelectricians.com/Long-Beach-electricians/","1405 Olive Ave, Long Beach, CA 90813, USA"
"ABC Jose's Lock & key","(323) 309-8431","locksmith","4.4","89","https://www.abcjoseslockandkey.com/","1803 3/4 E Florence Ave, Los Angeles, CA 90001, USA"
"AMP Master Lock & Key Multi-Service","(323) 728-9005","locksmith","3.2","89","http://www.ampmasterlockandkeys.com/","904 W Whittier Blvd, Montebello, CA 90640, USA"
"Home Upgrade Specialist Inc (TESLA, HVAC, ROOF, SOLAR)","(844) 516-2426","gas-engineer","4.8","89","http://homeupgradespecialist.com/","8727 W 3rd St #204, Los Angeles, CA 90048, USA"
"SERVPRO of Azusa / Covina","(626) 387-4111","roofer","5","89","https://www.servpro.com/locations/ca/servpro-of-azusa-covina?utm_medium=organic&utm_source=gbp","837 N Glendora Ave, Covina, CA 91724, USA"
"Elixir Air Conditioning & Heating","(424) 276-9958","gas-engineer","4.9","89","https://elixirairconditioningheating.biz/wilmington/","744 Wilmington Blvd, Wilmington, CA 90744, USA"
"ABS SubZero & Wolf Appliance Repair","(323) 344-2725","gas-engineer","5","89","https://absappliancerepairs.com/","5545 Carlton Way unit 110, Los Angeles, CA 90028, USA"
"Mobile Mechanic Showtys Auto Repairs","(818) 384-6522","gas-engineer","4.6","89","","19951 Roscoe Blvd, Winnetka, CA 91306, USA"
"CJ Plumbing And Hydro Jetting","(626) 404-6612","plumber","4.9","89","http://cjplumbingandhydrojetting.com/","1225 Ridley Ave, Hacienda Heights, CA 91745, USA"
"Alan's Locksmith","(562) 577-4848","locksmith","4.4","88","https://www.alanlocksmith.com/","13402 Anola St, Whittier, CA 90605, USA"
"SLR Heating and Cooling","(818) 823-4006","gas-engineer","5","88","https://slrheatingandcooling.co/","12530 Huston St, Valley Village, CA 91607, USA"
"Dr Air Conditioning And Heating","(626) 548-3776","gas-engineer","5","88","https://24hvacservices.com/","1300 Wentworth Ave, Pasadena, CA 91106, USA"
"Drymaster Restoration","(323) 487-1065","roofer","5","88","https://drymaster.us/","5007 Eagle View Cir, Los Angeles, CA 90041, USA"
"RHINO AIR","(818) 535-8888","gas-engineer","5","88","http://rhinoair.com/","215 W Palm Ave suite 203, Burbank, CA 91502, USA"
"Evans Heating & Air","(818) 415-8966","gas-engineer","5","87","https://www.evansheatingcooling.com/?utm_source=google&utm_medium=organic&utm_campaign=gbp","2560 Gardner Pl, Glendale, CA 91206, USA"
"Diamond Air Services","(909) 713-6644","gas-engineer","5","87","http://diamondairhvac.com/","5220 4th St Suite #18, Irwindale, CA 91706, USA"
"Altadena Pro Electrician service","(626) 768-1402","electrician","4.9","87","https://altadena-electricians.com/","2408 Lincoln Ave, Altadena, CA 91001, USA"
"LA Standard HVAC","(818) 650-0201","gas-engineer","3.7","87","http://lastandardhvac.com/","8587 Fenwick St #100, Sunland, CA 91040, USA"
"Mike Diamond Plumbing, HVAC & Electrical","(800) 446-6453","gas-engineer","3.5","86","https://mikediamondservices.com/?utm_source=GMBlistingCulverCityHQ&utm_medium=referral","9405 Jefferson Blvd, Culver City, CA 90232, USA"
"Clean Out Plumbing & Rooter","(562) 579-5294","plumber","4.9","86","http://wecleanoutdrains.com/","321 E 4th Ave, La Habra, CA 90631, USA"
"Chavarrie Heating And Air Conditioning","(562) 397-8863","gas-engineer","5","86","https://www.chavarriehvac.com/","2728 Warwood Rd, Lakewood, CA 90712, USA"
"Make It Drain Plumbing & Rooter","(818) 798-3341","plumber","4.8","86","https://makeitdrainplumbing.com/?utm_source=GMB&utm_medium=organic","8221 Langdon Ave, Van Nuys, CA 91406, USA"
"All For You Electricians","(562) 713-5629","electrician","5","86","https://allforyouelectricians.com/","6528 Greenleaf Ave ste 130, Whittier, CA 90601, USA"
"Key Secure Locks INC","(323) 212-8087","locksmith","5","86","https://keysecurelocks.com/","822 1/2 N Las Palmas Ave, Los Angeles, CA 90038, USA"
"Marvel Electricians","(818) 436-6963","electrician","5","86","https://marvelelectricians.com/North-Hollywood/","6422 Farmdale Ave, North Hollywood, CA 91606, USA"
"Eco-Friendly Plumbing","(818) 748-6123","plumber","4.9","85","http://eco-friendlyplumbing.com/","11905 Paso Robles Ave, Granada Hills, CA 91344, USA"
"Global Green Solutions","(310) 507-7172","gas-engineer","4.9","85","https://ggshvac.com/","20746 Clarendon St, Woodland Hills, CA 91367, USA"
"Fox Heating & Air Conditioning Services","(747) 248-0597","gas-engineer","4.6","85","","1020 N Hoover St Suite 226, Los Angeles, CA 90029, USA"
"nonestop locksmith 24","(951) 539-3420","locksmith","4.1","85","http://www.nonestop247-locksmith.com/","12244 Burbank Blvd, Valley Village, CA 91607, USA"
"Fresh Air Conditioning & Heating","(818) 212-9706","gas-engineer","4.9","85","https://freshairconditioningheating.com/","12106 Rossiter Ave, Sylmar, CA 91342, USA"
"Rooter Guy Plumbing","(818) 748-1548","plumber","5","85","https://rooterguyla.com/","1025 S San Fernando Blvd, Burbank, CA 91502, USA"
"Zoom Electricians","(714) 455-3772","electrician","5","85","https://zoomelectricians.com/Brea","750 N Brea Blvd #66, Brea, CA 92821, USA"
"Ford's Plumbing and Heating","(310) 815-1515","plumber","4.6","85","https://www.fordsplumbingandheating.com/","3741 S Robertson Blvd, Culver City, CA 90232, USA"
"South Gate Air Conditioning Services","(562) 442-1892","gas-engineer","4.8","85","https://southgateairconditioningservices.com/","5720 E Imperial Hwy, South Gate, CA 90280, USA"
"Cozy Air Conditioning Today","(424) 279-5727","gas-engineer","4.8","84","https://cozyairconditioningtoday.xyz/santa-monica/","510 Arizona Ave, Santa Monica, CA 90401, USA"
"Liberty Plumbing & Heating","(310) 289-1242","plumber","5","84","http://www.libertyplumbingservices.com/","821 N Formosa Ave APT 304, Los Angeles, CA 90046, USA"
"Speed Rooter","(310) 936-5445","plumber","5","84","https://speedrootersewers.com/","3818 Crenshaw Blvd #361, Los Angeles, CA 90008, USA"
"Elite Services","(626) 869-2889","roofer","5","84","https://elitewaterdamage-restoration.com/pasadena/","155 N Lake Ave, Pasadena, CA 91101, USA"
"Fraser's Plumbing co","(323) 931-9262","plumber","4.7","84","https://www.frasersplumbing.com/","5349 S Crenshaw Blvd #107, Los Angeles, CA 90043, USA"
"Lions Heating & Air Conditioning","(866) 430-3950","gas-engineer","5","84","https://lionshvac.com/","13201 Saticoy St Suite 101, North Hollywood, CA 91605, USA"
"Redmond's Lock & Key","(310) 376-9066","locksmith","4.4","84","http://www.locksmithandsafesredondobeach.com/","2213 Artesia Blvd, Redondo Beach, CA 90278, USA"
"Zoom Electricians","(323) 686-8742","electrician","5","84","https://zoomelectricians.com/Los-Angeles","717 W 9th St, Los Angeles, CA 90015, USA"
"All Season hvac","(818) 818-8764","gas-engineer","5","83","https://www.all-seasonhvac.com/","6924 Canby Ave UNIT 117, Reseda, CA 91335, USA"
"Jcsantos562_drainservicesandrepair","(562) 305-8389","plumber","5","83","","2395 Pasadena Ave, Long Beach, CA 90806, USA"
"LT Generators","(818) 787-1470","gas-engineer","4.2","83","https://ltgenerators.com/","14932 Delano St, Van Nuys, CA 91411, USA"
"Albert's Plumbing","(800) 354-0299","plumber","4.8","83","http://callalbertsplumbing.com/","10923 Nassau Ave, Sunland, CA 91040, USA"
"Eleven Electricians Services","(310) 340-6373","electrician","4.8","83","","3625 N Sepulveda Blvd, Manhattan Beach, CA 90266, USA"
"GIV HVAC Installation & Repair","(818) 744-0534","gas-engineer","5","82","https://givhvac.com/","19509 Runnymede St, Reseda, CA 91335, USA"
"Marvel Electricians","(310) 388-3878","electrician","4.8","82","https://marvelelectricians.com/torrance/","1212 Felbar Ave, Torrance, CA 90503, USA"
"Local Trusted Electricians","(714) 463-1818","electrician","5","82","https://localtrustedelectricians.com/cypress-electricians/","5154 Melbourne Dr, Cypress, CA 90630, USA"
"High Voltage Electrical","(310) 388-3749","electrician","5","82","https://highvoltage-electrical.com/","12867 Hammock Ln, Los Angeles, CA 90094, USA"
"Manchester Lock & Security","(310) 649-6222","locksmith","4.3","82","http://www.manchesterlock.com/","1043 W Manchester Blvd, Inglewood, CA 90301, USA"
"Team Pro Restoration","(213) 462-3990","roofer","5","82","https://team-prorestoration.com/team-pro-sherman-oaks","4435 Stansbury Ave, Sherman Oaks, CA 91423, USA"
"Andes Heating & Air Conditioning","(747) 298-6066","gas-engineer","5","82","http://www.andesacla.com/","7925 Etiwanda Ave, Reseda, CA 91335, USA"
"Coast to Coast Plumbing","(310) 275-5800","plumber","4.9","82","https://www.coasttocoastplumbing.com/","3045 Larga Ave, Los Angeles, CA 90039, USA"
"Zoom Electricians","(213) 408-7895","electrician","5","82","https://zoomelectricians.com/","5600 Pacific Blvd, Huntington Park, CA 90255, USA"
"Noholocksmith","(818) 982-6224","locksmith","4.6","82","","6633 Laurel Canyon Blvd, North Hollywood, CA 91606, USA"
"Drain Great Plumbing Services","(888) 778-4862","plumber","5","81","http://draingreatplumbing.com/?utm_source=GMBmain&utm_medium=organic","219 Los Angeles Ave, Monrovia, CA 91016, USA"
"A.S.A.P Lock & Key Co (24 hour emergency outside service)","(310) 641-2839","locksmith","4.3","81","https://www.asaplockla.com/","8635 Truxton Ave, Los Angeles, CA 90045, USA"
"Belle Air Services","(323) 909-6323","gas-engineer","4.7","81","https://www.belleairservices.com/?utm_source=google&utm_medium=organic&utm_campaign=GMBListing-Playa-Vista-CA","4943 McConnell Ave Suite B, Los Angeles, CA 90066, USA"
"Locksmith Guru","(818) 873-6439","locksmith","4.5","81","","9561 Van Nuys Blvd, Panorama City, CA 91402, USA"
"Rooter Man Plumbing of Covina","(626) 988-4494","plumber","4.9","81","https://www.rootermanla.com/plumber-covina-ca","536 E Rowland St B, Covina, CA 91723, USA"
"Lucky Heating & Air Conditioning","(424) 263-6191","gas-engineer","4.9","81","","2346 Westwood Blvd #56, Los Angeles, CA 90064, USA"
"KeyMe Locksmiths","(310) 923-9594","locksmith","4.3","81","https://key.me/kiosks/california/los-angeles/brentwood/make-keys-brentwood-ca","12057 Wilshire Blvd, Los Angeles, CA 90025, USA"
"Alexa AC Repair & Install","(818) 936-5849","gas-engineer","4.8","81","https://alexaairconditionrepairinstall.repair/","1172 N Maclay Ave, San Fernando, CA 91340, USA"
"Nolasco Plumbing, Inc.","(626) 667-2007","plumber","5","80","https://nolascoplumbing.com/","13073 Francisquito Ave, Baldwin Park, CA 91706, USA"
"Sunland Air Conditioning Repair","(818) 304-9451","gas-engineer","4.8","80","","8138 Foothill Blvd, Sunland, CA 91040, USA"
"KeyMe Locksmiths","(323) 307-7674","locksmith","4.3","80","https://key.me/kiosks/california/monterey-park/monterey-park/make-keys-monterey-park-ca","2230 S Atlantic Blvd, Monterey Park, CA 91754, USA"
"Blue Moon Electrical","(562) 337-3994","electrician","5","80","https://bluemoonelectrical.com/montecito/","4396 Howard Ave, Los Alamitos, CA 90720, USA"
"Cool & Heat Air Conditioning Van Nuys","(818) 304-9659","gas-engineer","4.8","80","","14557 Friar St A3, Van Nuys, CA 91411, USA"
"Electrical Land","(562) 309-4505","electrician","5","80","https://electricalland.com/Long-Beach-electricians/","5530 Cherry Ave #23, Long Beach, CA 90805, USA"
"Elixir Air Conditioning & Heating","(818) 975-2516","gas-engineer","4.8","80","https://elixirairconditioningheating.biz/","7830 Foothill Blvd, Sunland, CA 91040, USA"
"METRIC HVAC","(866) 920-8182","gas-engineer","4.9","80","http://www.metric-hvac.com/","10313 Faywood St, Bellflower, CA 90706, USA"
"AIR NOW HEATING & COOLING INC","(626) 247-4968","gas-engineer","5","80","http://www.airnow4you.com/","1650 E Stuart Ave unit #201, West Covina, CA 91791, USA"
"Rapid Rhino Plumbing","(626) 524-4255","plumber","5","79","https://rapidrhinoplumbing.net/","1521 Pilgrim Way, Monrovia, CA 91016, USA"
"Nextgen Heating and Air","(310) 614-7223","gas-engineer","4.8","79","https://nextgenhvac.com/","13300 Victory Blvd #327, Van Nuys, CA 91401, USA"
"YORK Appliances & HVACR","(323) 255-9760","gas-engineer","4.2","79","http://coolingorheating.com/","6195 N Figueroa St, Los Angeles, CA 90042, USA"
"Verdes Air Conditioning Repair","(424) 276-3155","gas-engineer","4.8","79","","716 Yarmouth Rd #206, Palos Verdes Estates, CA 90274, USA"
"Charlie's Sewer & Drain","(213) 423-5509","plumber","4.9","79","https://charliessewerco.com/?utm_campaign=gmb","1701 N San Fernando Blvd, Burbank, CA 91504, USA"
"Alexa Air Condition Repair & Install","(424) 279-5705","gas-engineer","4.9","79","https://alexaairconditionrepairinstall.repair/san-pedro/","411 N Harbor Blvd #205, San Pedro, CA 90731, USA"
"Electrical Land","(323) 900-0745","electrician","4.9","79","https://electricalland.com/Los-Angeles-electricians/","6904 San Pedro St #12, Los Angeles, CA 90003, USA"
"Karmic Electrical","(562) 479-7567","electrician","5","79","https://karmicelectrical.com/","4216 E 5th St, Long Beach, CA 90814, USA"
"GC Heating and Cooling Inc.","(562) 867-4123","gas-engineer","4.8","78","http://www.gc-heatingandcooling.com/","6940 Knott Ave ste h, Buena Park, CA 90621, USA"
"Controlled Comfort","(310) 387-3310","gas-engineer","5","78","https://www.controlled-comfort.com/","4633 Marine Ave UNIT 231, Lawndale, CA 90260, USA"
"Tony's Plumbing Inc.","(310) 832-9300","plumber","4.8","78","https://www.tonysplumbingpro.com/?utm_source=GMB&utm_medium=organic&utm_campaign=harborcity","25039 Vermont Ave, Harbor City, CA 90710, USA"
"AC Repair & Installation Santa Monica","(310) 697-7102","gas-engineer","4.8","78","","2409 Main St #101, Santa Monica, CA 90405, USA"
"Dover Air Condition Repair & Install","(424) 279-6534","gas-engineer","4.8","78","http://doverairconditionrepairinstall.com/","10800 S Prairie Ave, Inglewood, CA 90303, USA"
"Best AC Repair & Install Company","(818) 936-5620","gas-engineer","4.8","78","https://bestacrepairinstallcompany.com/burbank/","221 W Alameda Ave STE 201, Burbank, CA 91502, USA"
"KeyMe Locksmiths","(323) 615-3242","locksmith","4.2","77","https://key.me/kiosks/california/los-angeles/crenshaw/make-keys-crenshaw-ca","3901 Crenshaw Blvd, Los Angeles, CA 90008, USA"
"Zoom Electricians","(818) 593-0291","electrician","5","77","https://zoomelectricians.com/North-Hollywood","6534 Camellia Ave, North Hollywood, CA 91606, USA"
"Elixir Air Conditioning & Heating","(562) 442-1715","gas-engineer","4.8","77","https://elixirairconditioningheating.biz/pico-rivera/","6505 Rosemead Blvd STE 304, Pico Rivera, CA 90660, USA"
"SERVPRO of Pasadena South/San Marino","(626) 799-1762","roofer","4.9","77","https://www.servpro.com/locations/ca/servpro-of-pasadena-south-san-marino?utm_medium=organic&utm_source=gbp","790 E Colorado Blvd #900, Pasadena, CA 91101, USA"
"SLA Locksmith","(323) 898-5734","locksmith","4.9","77","https://slalocksmith.com/","4211 S Central Ave apt 406, Los Angeles, CA 90011, USA"
"Zoom Electricians Inglewood","(424) 392-7301","electrician","5","77","","226 N Market St #207, Inglewood, CA 90301, USA"
"Zodiac Heating & Air Conditioning, Inc.","(818) 465-8943","gas-engineer","4.6","77","https://zodiachvac.com/?utm_source=gmb&utm_medium=organic","14411 Gilmore St, Van Nuys, CA 91401, USA"
"Greenleaf Heating & Cooling","(562) 698-0201","gas-engineer","4.9","77","https://www.greenleaf-hc.com/","6727 S Greenleaf Ave, Whittier, CA 90601, USA"
"Glendale Wizard Electrician","(747) 240-3952","electrician","4.8","77","","1415 E Colorado St, Glendale, CA 91205, USA"
"Pure AIR LA HVAC contractor","(213) 296-1315","gas-engineer","4.9","77","https://pureairla.com/?utm_source=google&utm_medium=gmb&utm_campaign=1959-grace-ave","1959 Grace Ave #401, Los Angeles, CA 90068, USA"
"Cyclone Plumbing USA","(714) 887-6918","plumber","5","76","https://cycloneplumbingusa.com/","1440 N Harbor Blvd suite 840, Fullerton, CA 92835, USA"
"SERVPRO of Irwindale/Baldwin Park","(626) 337-3374","roofer","5","76","https://www.servpro.com/locations/ca/servpro-of-irwindale-baldwin-park?utm_medium=organic&utm_source=gbp","5102 Gayhurst Ave, Baldwin Park, CA 91706, USA"
"Electrician Near Me Los Angeles","(323) 985-7977","electrician","5","76","","1065 Gayley Ave, Los Angeles, CA 90024, USA"
"JG Plumbing & Rooter Inc","(626) 771-5217","plumber","5","76","https://www.jgplumbingnrooter.com/?utm_source=google&utm_medium=organic&utm_campaign=gbp","165 Calder Dr, Glendora, CA 91741, USA"
"One of a Kind Restoration","(844) 546-3600","roofer","5","76","https://www.oneofakind.pro/?utm_campaign=GoogleMyBusinessNoHo","6505 Lankershim Blvd, North Hollywood, CA 91606, USA"
"Up Electricians Santa Monica","(424) 667-5999","electrician","4.9","76","","2806 Main St, Santa Monica, CA 90405, USA"
"Aqua Concierge Restoration","(424) 485-0045","roofer","5","75","http://aquaconci.com/","500 S Sepulveda Blvd Ste. 410, Los Angeles, CA 90049, USA"
"Reliable Air Conditioning","(818) 308-3742","gas-engineer","4.6","75","","18321 Ventura Blvd # 515, Tarzana, CA 91356, USA"
"A Lighting Inc","(818) 339-8985","electrician","4.9","75","https://www.alightinginc.com/","14559 Bledsoe St, Sylmar, CA 91342, USA"
"Orange HVAC","(818) 936-5449","gas-engineer","4.6","75","https://orangehvac.us/","16000 Ventura Blvd STE 100, Encino, CA 91436, USA"
"Electrical ‎‎G‎‎‎‎a‎‎r‎‎‎‎a‎‎‎‎g‎‎e","(747) 279-3377","electrician","5","75","https://electricalgarage.com/san-fernando/","848 N Alexander St, San Fernando, CA 91340, USA"
"Rooter Hero Plumbing & Air","(747) 238-7041","plumber","4.8","75","https://rooterhero.com/plumber-granada-hills-ca-plumbing-repair-services","17641 Chatsworth St, Granada Hills, CA 91344, USA"
"Ryno Locksmith","(562) 500-4461","locksmith","4.7","74","https://rynolocksmith.com/","6970 Paramount Blvd, Long Beach, CA 90805, USA"
"Electrical Land","(714) 463-1693","electrician","5","74","https://electricalland.com/","485 Apricot Ave, Brea, CA 92821, USA"
"Direct Heating and Air Conditioning","(818) 821-0373","gas-engineer","5","73","","8927 Lankershim Blvd Suite K, Sun Valley, CA 91352, USA"
"VHP AIR CONDITIONING & HEATING, Inc.","(323) 400-0300","gas-engineer","5","73","https://www.vhpairconditioning.com/","819 S Main St Ste A, Burbank, CA 91506, USA"
"Drain Buster Rooter & Plumbing","(866) 335-3967","plumber","4.9","73","https://www.drainbusterrooter.com/","9375 Fern St, South El Monte, CA 91733, USA"
"Emerson's Locksmith Co. inc","(310) 652-7224","locksmith","4.6","73","https://www.emersonslocksmith.com/","Emerson's Locksmith Co Inc, 406 N La Cienega Blvd, West Hollywood, CA 90048, USA"
"Primetime Plumbing & Rooter","(310) 984-0377","plumber","5","73","https://primetimeplumbing.net/","22130 S Vermont Ave Suite C, Torrance, CA 90502, USA"
"Williams Brothers AC and Heat","(626) 240-1710","gas-engineer","4.8","73","https://williamsbrothersacandheat.com/","2330 E Walnut St, Pasadena, CA 91107, USA"
"Louie locksmith","(213) 746-2980","locksmith","4.7","72","http://louielocksmith.com/","438 E Washington Blvd, Los Angeles, CA 90015, USA"
"BluSky Restoration Contractors","(562) 528-8000","roofer","4.9","72","https://www.goblusky.com/locations/greater-los-angeles-ca/","2750 Signal Pkwy, Signal Hill, CA 90755, USA"
"Electricians Service Team","(424) 334-6966","electrician","5","72","https://electriciansserviceteam.com/locations/Santa-Monica","1028 19th St, Santa Monica, CA 90403, USA"
"Flash Electrician Service","(844) 760-2924","electrician","5","72","https://flash-electrician-service.com/","1315 El Prado Ave #315, Torrance, CA 90501, USA"
"New Pro Plumbing","(310) 663-7666","plumber","4.8","72","https://newproplumbing.com/?utm_source=gmb&utm_medium=referral","11356 Charnock Rd, Los Angeles, CA 90066, USA"
"Electrical Land","(626) 247-3015","electrician","4.9","72","https://electricalland.com/Pasadena-electricians/","849 N Lake Ave #8, Pasadena, CA 91104, USA"
"Prime Charge Electric","(323) 610-2171","electrician","5","72","https://linktr.ee/Primechargeelectric","4107 Berenice Ave, Los Angeles, CA 90031, USA"
"Los Angeles Best Electrical Service","(424) 320-6182","electrician","4.8","72","","4460 Huntington Dr S #1882, Los Angeles, CA 90032, USA"
"Zoom Electricians","(562) 242-3406","electrician","4.9","71","https://zoomelectricians.com/Long-Beach","1208 Long Beach Blvd #23, Long Beach, CA 90813, USA"
"My Handyman","(424) 230-3005","drain-specialist","4.9","71","https://myhandymanla.com/","8564 W Pico Blvd, Los Angeles, CA 90035, USA"
"Blue Moon Electrical","(818) 290-8843","electrician","4.9","71","https://bluemoonelectrical.com/Sherman-Oaks","14290 Dickens St #4, Sherman Oaks, CA 91423, USA"
"JC Rooter & Plumbing","(562) 674-5093","plumber","5","71","http://www.jcrooterplumbing.com/","Elaine Ave, Lakewood, CA 90715, USA"
"SERVPRO of Westlake","(213) 315-5136","roofer","4.9","71","https://www.servpro.com/locations/ca/servpro-of-westlake?utm_medium=organic&utm_source=gbp","1022 Venice Blvd., Los Angeles, CA 90015, USA"
"Marvel Electricians","(213) 314-9811","electrician","5","71","https://marvelelectricians.com/culver-city/","5558 Kinston Ave, Culver City, CA 90230, USA"
"Osara HVAC Proz","(818) 936-5643","gas-engineer","4.6","71","https://hvacproz.net/los-angeles/","3330 Cahuenga Blvd W, Los Angeles, CA 90068, USA"
"Antrims Lock and Key, Inc","(626) 795-8661","locksmith","4.7","71","","2051 E Foothill Blvd, Pasadena, CA 91107, USA"
"Absolute Maintenance & Consulting","(310) 909-7146","roofer","4.8","71","https://absolutemaintenanceconsulting.com/?utm_source=google&utm_medium=gbp&utm_campaign=website","3520 Overland Ave #A29, Los Angeles, CA 90034, USA"
"Power Plus Electrical","(213) 784-8952","electrician","4.9","71","http://www.powerplusservices.com/","1917 E 7th St UNIT 3, Los Angeles, CA 90021, USA"
"Electricians Team Reseda","(818) 938-1997","electrician","4.8","71","http://electriciansteamreseda.com/","18422 Gault St, Reseda, CA 91335, USA"
"VHM Plumbing","(626) 746-5732","plumber","5","71","http://vhmplumbing.com/","1415 N Sierra Bonita Ave, Pasadena, CA 91104, USA"
"Five Star Plumbers Anaheim","(657) 295-6054","plumber","5","71","https://www.anaheimcaplumber.com/","930 N Euclid St, Anaheim, CA 92801, USA"
"American Standard HVAC Service","(844) 734-2822","gas-engineer","4.9","70","http://americanstandardhvacservice.com/","18054 Ventura Blvd, Tarzana, CA 91356, USA"
"Baker's Lock & Key Service","(562) 698-8051","locksmith","4.6","70","","14078 Lambert Rd, Whittier, CA 90605, USA"
"Best AC Repair & Install Company","(562) 442-1632","gas-engineer","4.7","70","https://bestacrepairinstallcompany.com/los-alamitos/","10542 Calle Lee, Los Alamitos, CA 90720, USA"
"Fontenot Towing","(310) 933-6964","locksmith","3.7","70","https://comptoncatowing.com/","410 N Bowen Ave, Compton, CA 90221, USA"
"Electrical Land","(818) 423-4024","electrician","4.9","70","https://electricalland.com/Sherman-Oaks-electricians/","4348 Woodman Ave #23, Sherman Oaks, CA 91423, USA"
"SERVPRO of Carson/West Carson","(310) 637-7701","roofer","4.9","70","https://www.servpro.com/locations/ca/servpro-of-carson-west-carson?utm_medium=yext&utm_source=gmb","20830 Leapwood Ave, Carson, CA 90746, USA"
"Zoom Electricians","(626) 415-6175","electrician","5","70","https://zoomelectricians.com/Pasadena","475 E Orange Grove Blvd #62, Pasadena, CA 91104, USA"
"Hamiltons lock and key service","(310) 626-7873","locksmith","4.4","70","http://hamiltons247locksmith.com/torrance-locksmith/","1673 Cravens Ave, Torrance, CA 90501, USA"
"Best AC Repair & Install Company","(424) 276-9647","gas-engineer","4.8","70","https://bestacrepairinstallcompany.com/los-angeles/","5401 Alvern Cir, Los Angeles, CA 90045, USA"
"Rama Air & Heating & Cooling","(424) 279-6645","gas-engineer","4.9","70","https://ramaheatingcooling.com/","14112 Crenshaw Blvd, Gardena, CA 90249, USA"
"KeyMe Locksmiths","(323) 892-2580","locksmith","4.1","69","https://key.me/kiosks/california/los-angeles/baldwin-village/copy-keys-baldwin-village-ca","5080 Obama Blvd, Los Angeles, CA 90016, USA"
"Burbank SJ Locksmith","(818) 486-4343","locksmith","3.7","69","http://www.burbank-locksmith-service.com/","11107 Burbank Blvd, North Hollywood, CA 91601, USA"
"KeyMe Locksmiths","(310) 982-2475","locksmith","4.5","69","https://key.me/kiosks/california/marina-del-ray/marina-del-ray/key-copy-marina-del-ray-ralphs-90292-california","4700 Admiralty Way, Marina Del Rey, CA 90292, USA"
"AA Power Electrician","(424) 329-6133","electrician","4.9","69","","504 W Olympic Blvd, Los Angeles, CA 90015, USA"
"Cyclops Electric - South Los Angeles","(323) 677-2363","electrician","5","69","","1/2 2926 Walton Ave, Los Angeles, CA 90007, USA"
"Smart-Air Repair Seal Beach","(562) 442-1687","gas-engineer","4.8","68","https://smartairrepair.com/seal-beach/","12800 Seal Beach Blvd, Seal Beach, CA 90740, USA"
"Blue Moon Electrical","(562) 358-5959","electrician","4.8","68","https://bluemoonelectrical.com/los-angeles/","1531 W Imperial Hwy #9, La Habra, CA 90631, USA"
"Inglewood True Value Hardware & Supply","(323) 678-6261","locksmith","4.6","68","https://stores.truevalue.com/ca/lennox/8355","10600 Hawthorne Blvd, Lennox, CA 90304, USA"
"Finest Rooter & Plumbing","(626) 696-8298","plumber","4.8","68","https://finestrooter.com/?utm_source=gbp","1117 W Foothill Blvd, Azusa, CA 91702, USA"
"Kirman Plumbing Company","(213) 886-8914","plumber","4.8","68","https://kirmanplumbingco.com/?utm_source=GBP","127 E 157th St, Gardena, CA 90248, USA"
"A + Electric & Plumbing","(818) 421-5290","plumber","5","68","https://elecplumb.com/","7215 Summitrose St, Tujunga, CA 91042, USA"
"Red Electricians","(626) 247-3860","electrician","5","68","https://redelectricians.com/Pasadena-electrician/","1330 N Lake Ave #453, Pasadena, CA 91104, USA"
"Electrical ‎‎G‎‎‎‎a‎‎r‎‎‎‎a‎‎‎‎g‎‎e","(310) 929-6469","electrician","5","68","https://electricalgarage.com/culver-city/","4460 Overland Ave, Culver City, CA 90230, USA"
"PuroClean of Rowland Heights","(626) 923-9992","roofer","5","68","https://www.puroclean.com/rowland-heights-ca-puroclean-rowland-heights","19223 Colima Rd, Rowland Heights, CA 91748, USA"
"Michael Lawrence Electric, Inc","(213) 591-0829","electrician","4.7","68","https://mlawrenceelectric.com/","3409 Sandoval Ave, Pico Rivera, CA 90660, USA"
"Green Air Conditioning Service","(562) 442-1487","gas-engineer","4.8","68","","275 Magnolia Ave, Long Beach, CA 90802, USA"
"Guardian Angel Locksmith","(818) 305-3455","locksmith","5","68","https://www.guardianangellocksmith.com/","14445 Moorpark St, Sherman Oaks, CA 91403, USA"
"Hard Hat Rooter and plumbing","(818) 515-6233","plumber","5","67","http://hardhatrooter.com/","416 E Cypress Ave, Burbank, CA 91501, USA"
"Strong Beach Plumbing","(562) 415-6866","plumber","5","67","https://strongbeachplumbing.com/","505 E 4th St, Long Beach, CA 90802, USA"
"Marvel Electricians","(818) 643-4787","electrician","4.9","67","https://marvelelectricians.com/sherman-oaks/","4432 Lennox Ave, Sherman Oaks, CA 91423, USA"
"Glendale Electrical Pro","(747) 302-4405","electrician","5","67","","207 N Goode Ave, Glendale, CA 91203, USA"
"Pasadena Electrician Masters","(626) 768-9548","electrician","4.7","67","http://pasadena-electrician-masters.com/","40 N Altadena Dr, Pasadena, CA 91107, USA"
"AJ HVAC & Air Duct Cleaning","(424) 367-0313","gas-engineer","5","67","https://www.ajhvacandairductcleaning.com/","14044 Panay Way, Marina Del Rey, CA 90292, USA"
"FreonX Air Conditioning and Heating","(818) 900-2442","gas-engineer","5","67","https://www.freonx.com/","215 W Palm Ave Suite 103, Burbank, CA 91502, USA"
"Long Beach Electric","(562) 554-6960","electrician","4.9","66","","2810A E Anaheim St 4th floor, Long Beach, CA 90804, USA"
"Smart Choice Rooter","(626) 361-8237","plumber","5","66","https://www.smartchoicerooter.com/","2408 Maynard Dr, Duarte, CA 91010, USA"
"Local Air Heating & Cooling Service","(424) 279-6451","gas-engineer","4.7","66","http://localairheatingcoolingservice.com/","525 S Douglas St, El Segundo, CA 90245, USA"
"KeyMe Locksmiths","(626) 784-4126","locksmith","3.9","66","https://key.me/kiosks/california/south-pasadena/south-pasadena/make-keys-south-pasadena-ca","1745 Garfield Ave, South Pasadena, CA 91030, USA"
"Green Planet Heating and Air","(818) 383-6516","gas-engineer","5","66","https://greenplanet-hvac.com/","2219 W Olive Ave #227, Burbank, CA 91506, USA"
"Zoom Electricians","(562) 379-6611","electrician","4.9","65","https://zoomelectricians.com/Cerritos","18915 Alfred Ave, Cerritos, CA 90703, USA"
"Rush Electrical Service","(310) 388-3982","electrician","5","65","https://rushelectricalservice.com/santa-monica/","719 Santa Monica Blvd #453, Santa Monica, CA 90401, USA"
"Oasis Plumber's","(310) 818-7582","plumber","4.6","65","https://oasisplumbers.com/Santa-Monica","701 Pico Blvd #551, Santa Monica, CA 90405, USA"
"Freedom Locksmith","(818) 534-6981","locksmith","4.9","65","http://locallocksmith24.com/","12606 Collins St, North Hollywood, CA 91607, USA"
"Fuse HVAC, Electrical & Appliance Repair Pasadena","(626) 649-5909","gas-engineer","5","65","https://fusepasadena.com/","4150 Arch Dr Apt. 313, Studio City, CA 91604, USA"
"Green Air Conditioning Service","(818) 936-5779","gas-engineer","4.9","65","https://triaairconditioningpros.com/north-hills/","8846 Sepulveda Blvd, North Hills, CA 91343, USA"
"Alberto's Plumbing","(626) 386-3714","plumber","4.7","64","https://www.albertosplumbing.com/","1045 Charvers Ave, Glendora, CA 91740, USA"
"T.A Locksmith","(323) 297-9515","locksmith","5","64","https://talocksmith.com/","11520 Jefferson Blvd Ste 202, Culver City, CA 90230, USA"
"Streamline Plumbing","(714) 612-6379","plumber","4.9","64","http://www.streamlineplumbing.org/","5471 Amy Ave, Garden Grove, CA 92845, USA"
"Highway HVAC Services & Remodeling Group","(818) 873-2818","gas-engineer","4.8","64","https://highwayacservices.com/","14400 Friar St unit #208, Van Nuys, CA 91401, USA"
"Pros Air Conditioning","(424) 279-5687","gas-engineer","4.9","64","https://prosairconditioning.net/harbor/","1685 W Pacific Coast Hwy A, Harbor City, CA 90710, USA"
"Furnace Repair","(424) 494-1305","gas-engineer","4.9","64","","1500 N Connell Pl, Los Angeles, CA 90063, USA"
"AM PM HVAC","(844) 410-1125","gas-engineer","5","64","https://ampmhvacservice.com/","12818 Victory Blvd, North Hollywood, CA 91606, USA"
"Ray Loyas Plumbing","(424) 258-5376","plumber","4.8","64","http://www.rayloyasplumbing.com/","7711 Brunache St, Downey, CA 90242, USA"
"HeX HVAC","(562) 568-8400","gas-engineer","5","63","https://www.hexhvac.com/","3217 E Carson St Ste151, Lakewood, CA 90712, USA"
"Beverly Air Conditioning & Heating","(424) 279-6379","gas-engineer","4.8","63","https://airtronicsairconditioningcorporation.com/beverly-hills/","8840 Wilshire Blvd, Beverly Hills, CA 90211, USA"
"Plumber's Kingdom","(626) 774-7952","plumber","4.9","63","https://plumbingkingdom.com/Pasadena","160 Orange Grove Blvd #456, Pasadena, CA 91105, USA"
"Pros El Monte Air Conditioning","(562) 442-1628","gas-engineer","4.8","63","https://prosairconditioning.net/el-monte/","968 Durfee Ave, South El Monte, CA 91733, USA"
"Drip Too Hard Plumbing","(818) 334-9399","plumber","5","63","https://driptoohardplumbing.com/glendale-plumber","340 Arden Ave Ste 231, Glendale, CA 91203, USA"
"Orange HVAC","(562) 442-1903","gas-engineer","4.8","63","","8130 Florence Ave, Downey, CA 90240, USA"
"Advance Lock & Key (2524 1/2 Lincoln Blvd)","(310) 306-8248","locksmith","4.6","63","","2524 1/2 Lincoln Blvd, Venice, CA 90291, USA"
"Los Angeles Electric","(213) 898-2976","electrician","4.9","63","","1041 Glendon Ave #2186, Los Angeles, CA 90024, USA"
"Cozy Air Conditioning","(818) 949-6062","gas-engineer","4.8","63","https://cozyairconditioningtoday.xyz/montrose/","4105 Ocean View Blvd # A, Montrose, CA 91020, USA"
"24/7 Pro-Rooter/Plumbing","(310) 346-0898","plumber","4.7","63","","13008 S Harris Ave, Compton, CA 90221, USA"
"Beverly Hills Electrician Pros","(424) 281-6513","electrician","4.9","63","http://beverly-hills-electrician-pros.com/","818 S Robertson Blvd, Los Angeles, CA 90035, USA"
"Prime Mold Inspections - Mold Detection Company","(818) 650-2960","roofer","5","63","https://primemoldinspection.com/burbank/","1520 N Edison Blvd E, Burbank, CA 91505, USA"
"3 Ten Plumbing","(310) 461-9691","plumber","4.9","63","http://www.3tenplumbing.com/","2802 Winlock Rd, Torrance, CA 90505, USA"
"Plumbing Heroes: 24/7 Commercial Plumbers La Puente - Sewer Services","(626) 669-7891","plumber","4.2","63","http://plumberheroes.com/","16258 Bluebonnet St, La Puente, CA 91744, USA"
"Rolling AC Repair & Install","(310) 986-2243","gas-engineer","4.8","63","","734 Silver Spur Rd #300, Rolling Hills Estates, CA 90274, USA"
"Westside Locksmith Services","(310) 928-6682","locksmith","5","62","https://westsidelocksmithservices.com/?utm_source=google_profile&utm_campaign=localo&utm_medium=mainlink","824 16th St, Santa Monica, CA 90403, USA"
"K & L HVAC & Construction Services","(424) 258-5596","gas-engineer","5","62","https://www.kandlhvacandconstructionservices.com/","537 CA-1, Redondo Beach, CA 90277, USA"
"Speedy Plumbers Long Beach CA","(562) 684-6522","plumber","4.9","62","https://speedyplumberslongbeachca.com/","904 Daisy Ave, Long Beach, CA 90813, USA"
"Zoom Electricians","(310) 388-4068","electrician","5","62","https://zoomelectricians.com/Topanga","282 N Topanga Canyon Blvd #43, Topanga, CA 90290, USA"
"KeyMe Locksmiths","(562) 521-8979","locksmith","4.2","62","https://key.me/kiosks/california/whittier/whittier-marketplace/make-keys-whittier-marketplace-ca","11825 Whittier Blvd, Whittier, CA 90601, USA"
"Duarte Heating & Air Conditioning","(626) 470-6107","gas-engineer","5","62","http://duarte-ac-repair.com/","1800 Highland Ave, Duarte, CA 91010, USA"
"Venice Electricians Repair","(424) 341-6673","electrician","4.9","62","http://venice-electricians.com/","513 Victoria Ave, Venice, CA 90291, USA"
"HVAC Contractor - American Cool and Heat","(818) 722-8634","gas-engineer","4.9","62","https://americancoolandheat.com/","1349 N Columbus Ave, Glendale, CA 91202, USA"
"Mr. Speedy Plumbing West Hollywood","(323) 928-3002","plumber","4.9","62","https://www.mrspeedyplumbing.com/plumber/west-hollywood-ca/","7905 Beverly Blvd, Los Angeles, CA 90048, USA"
"Fast Affordable Electricians of Alhambra","(626) 323-9879","electrician","5","62","","1411 S Garfield Ave #200B, Alhambra, CA 91801, USA"
"Alliance Residential Services Inc.","(310) 868-0747","gas-engineer","4.9","62","http://alliance-hvac.com/Burbank","527 E Cypress Ave, Burbank, CA 91501, USA"
"Abe's Lock and Key","(818) 249-5128","locksmith","4.7","61","http://abeslock.com/","2820 Honolulu Ave Suite A, Verdugo City, CA 91046, USA"
"Blue Moon Electrical","(310) 893-5107","electrician","5","61","https://bluemoonelectrical.com/Santa-Monica","1530 7th St #2, Santa Monica, CA 90401, USA"
"Electrical Work Any","(562) 856-9010","electrician","4.3","61","http://www.electricalworkany.com/","2405 E 6th St, Long Beach, CA 90814, USA"
"SERVPRO of Hacienda Heights/Rowland Heights","(626) 964-7700","roofer","4.8","61","https://www.servpro.com/locations/ca/servpro-of-hacienda-heights-rowland-heights?utm_medium=organic&utm_source=gbp","17128 Colima Rd Suite 118, Hacienda Heights, CA 91745, USA"
"John & Son HVAC Service","(424) 330-2313","gas-engineer","4.9","61","","124 W 67th St, Los Angeles, CA 90003, USA"
"Plumber Torrance","(424) 360-2451","plumber","4.7","61","http://plumbertorranceco.com/","20500 Hawthorne Blvd, Torrance, CA 90503, USA"
"Rooter & Plumbing Masters","(888) 855-6680","plumber","4.5","60","https://www.rpmplumbers.com/?utm_source=GMB&utm_medium=organic&utm_campaign=montebello","1601 Paramount Blvd, Montebello, CA 90640, USA"
"Electrical Land","(562) 358-5911","electrician","4.9","60","https://electricalland.com/cerritos-electricians/","13241 Semora Pl, Cerritos, CA 90703, USA"
"911 Restoration of South Bay LA","(424) 369-0841","roofer","5","60","https://www.911restorationsouthbayla.com/","403 Torrance Blvd, Redondo Beach, CA 90277, USA"
"SERVPRO of Tarzana/Reseda","(818) 881-3636","roofer","5","60","https://www.servpro.com/locations/ca/servpro-of-tarzana-reseda?utm_medium=organic&utm_source=gbp","21250 Califa St #103, Woodland Hills, CA 91367, USA"
"Electrician Near Me Encino","(747) 302-4535","electrician","5","60","https://jgelectricwoodlandhills.com/about","17019 Ventura Blvd, Encino, CA 91316, USA"
"One Stop Heating and Cooling Inc.","(323) 344-2555","gas-engineer","5","60","https://www.one-stop-hvac.com/","13915 Artesia Blvd, Cerritos, CA 90703, USA"
"Keymasters LA Inc","(818) 482-9879","locksmith","4.7","60","https://keymasterslaca.com/","333 E Fairview Ave APT 108, Glendale, CA 91207, USA"
"Supreme Mechanical Heating & Air Conditioning","(818) 648-7515","gas-engineer","5","60","http://www.supreme-mechanical.com/","8023 Limerick Ave, Winnetka, CA 91306, USA"
"GMC Plumbing Inc","(818) 312-9453","plumber","4.8","60","https://www.gmcplumbinginc.com/","14536 Friar St, Van Nuys, CA 91411, USA"
"Dan's Air Conditioning & Heating Inc.","(818) 355-7788","gas-engineer","5","60","https://www.dansairandheating.com/","12141 Miranda St, North Hollywood, CA 91607, USA"
"Pros Air Conditioning Hermosa","(424) 279-5976","gas-engineer","4.9","60","https://prosairconditioning.net/hermosa/","57 Pier Ave, Hermosa Beach, CA 90254, USA"
"Jack Hammer Locksmith","(818) 860-2336","locksmith","5","60","https://jackhammerlocksmith.com/","1731 Gramercy Ave, Torrance, CA 90501, USA"
"Marina del Rey Top Electricians","(424) 365-8015","electrician","4.8","59","http://marinadelreytopelectricians.com/","155 Washington Blvd #46, Marina Del Rey, CA 90292, USA"
"Blue Moon Electrical","(310) 388-3860","electrician","5","59","https://bluemoonelectrical.com/Topanga","22062 Topanga School Rd #6, Topanga, CA 90290, USA"
"Master Electrician Culver City","(213) 292-9309","electrician","4.8","59","http://bkelectricservices.com/","11117 Washington Blvd, Culver City, CA 90232, USA"
"Premier cooling and heating","(818) 274-1971","gas-engineer","5","59","https://www.premiercoolingandheating.com/","7018 Tyrone Ave, Van Nuys, CA 91405, USA"
"High Voltage Electrical","(562) 553-6736","electrician","5","59","https://highvoltage-electrical.com/long-beach/","2091 N Bellflower Blvd, Long Beach, CA 90815, USA"
"Here For You Locksmith","(951) 946-8838","locksmith","4.8","59","","12360 Riverside Dr Apt 316, Valley Village, CA 91607, USA"
"Smart Air & Repair Lomita","(424) 276-9934","gas-engineer","4.9","59","https://smartairrepair.com/lomita/","1901 Pacific Coast Hwy, Lomita, CA 90717, USA"
"Vs Group Corp Electric","(818) 245-2916","electrician","5","59","https://vsgroupcorp.godaddysites.com/","1124 E Maple St Unit A, Glendale, CA 91205, USA"
"Pride Plumbing And Rooter","(818) 433-1691","plumber","4.9","59","https://prideplumbingandrooter.com/","12164 Lull St, North Hollywood, CA 91605, USA"
"Urgent Rooter Plumbing & Hydro Jetting","(844) 760-8005","plumber","4.8","59","https://www.urgentrooter.com/","7949 Ajay Dr, Sun Valley, CA 91352, USA"
"Best AC Repair & Install Company","(562) 442-1753","gas-engineer","4.8","59","https://bestacrepairinstallcompany.com/bellflower/","14379 Clark Ave, Bellflower, CA 90706, USA"
"SLE ELECTRIC INC","(818) 257-6127","electrician","5","59","https://www.sleelectricinc.com/","15125 Nordhoff St UNIT 5, North Hills, CA 91343, USA"
"Glendale Electrician services","(747) 837-2335","electrician","5","59","","715 N Central Ave, Glendale, CA 91203, USA"
"Fast Water ‎‎‎‎‎‎‎ H‎‎‎‎‎‎‎e‎‎‎‎‎‎‎a‎‎‎‎‎‎‎t‎‎‎‎‎‎‎e‎‎‎‎‎‎‎r‎‎‎‎‎‎‎ ‎‎‎‎‎‎‎","(213) 319-6087","plumber","5","59","","6366 Pacific Blvd #52, Huntington Park, CA 90255, USA"
"Electrical ‎‎G‎‎‎‎a‎‎r‎‎‎‎a‎‎‎‎g‎‎e","(213) 348-6148","electrician","4.9","59","https://electricalgarage.com/los-feliz/","1941 N Commonwealth Ave, Los Angeles, CA 90027, USA"
"ARZ Plumbing Services","(323) 615-1117","plumber","4.7","59","http://plumbergranadahills247.com/","17075 Horace St, Granada Hills, CA 91344, USA"
"High Voltage Electrical","(714) 463-1799","electrician","4.9","58","https://highvoltage-electrical.com/brea/","636 E Ash St, Brea, CA 92821, USA"
"USA Electrician - Tarzana","(818) 705-0893","electrician","4.8","58","https://www.usaelectric.com/tarzana/","19528 Ventura Blvd, Tarzana, CA 91356, USA"
"Electricians Service Team","(424) 349-7844","electrician","4.9","58","https://electriciansserviceteam.com/locations/Torrance","1005 Hickory Ave, Torrance, CA 90503, USA"
"Mojicas drain cleaning experts and leak detection","(626) 343-4164","plumber","4.9","58","http://www.mojicasplumbing.com/","931 E Mauna Loa Ave, Azusa, CA 91702, USA"
"San Pedro Lock & Key","(310) 519-8078","locksmith","4","58","","464 W 7th St, San Pedro, CA 90731, USA"
"SERVPRO of Highland Park","(323) 818-0949","roofer","5","58","https://www.servpro.com/locations/ca/servpro-of-highland-park?utm_medium=organic&utm_source=gbp","1919 Vineburn Ave #03, Los Angeles, CA 90032, USA"
"J's One Stop Plumbing","(323) 789-9641","plumber","5","58","https://josp.riversideimprovements.com/","9028 Laurel St, Bellflower, CA 90706, USA"
"Plumber's Kingdom","(310) 388-4002","plumber","5","58","https://plumbingkingdom.com/Torrance","23473 Hawthorne Blvd, Torrance, CA 90505, USA"
"High Voltage Electrical","(626) 714-2452","electrician","5","58","https://highvoltage-electrical.com/Arcadia","1004 S Baldwin Ave, Arcadia, CA 91007, USA"
"Smith's Lock & Safe","(310) 530-2364","locksmith","4.8","58","https://smithslockandsafe.com/","2069 Pacific Coast Hwy, Lomita, CA 90717, USA"
"TipTop Heating & Air Conditioning Sherman Oaks","(747) 307-6258","gas-engineer","4.5","57","","15030 Ventura Blvd Suite 238, Sherman Oaks, CA 91403, USA"
"Pompa Plumbing North Hollywood","(818) 459-4645","plumber","5","57","http://plumberinnorthhollywood.com/","6216 Cleon Ave, North Hollywood, CA 91606, USA"
"A-Plus Plumbers Long beach","(562) 534-9470","plumber","5","57","http://plumberslongbeachca.com/","219 N Waite Ct, Long Beach, CA 90802, USA"
"REAL LOCK & GATE","(626) 777-1010","locksmith","4.8","57","http://www.reallockkey.com/","302 N 1st Ave #4, Arcadia, CA 91006, USA"
"Plumber Rafael Signal Hill","(562) 800-3050","plumber","5","57","http://plumbingsignalhill.com/","2061 St Louis Ave, Signal Hill, CA 90755, USA"
"Willy's Locksmith","(714) 699-1618","locksmith","4.5","57","https://www.willyslocksmithllc.com/","10621 Beach Blvd, Stanton, CA 90680, USA"
"Best AC Repair & Install Company","(818) 936-5305","gas-engineer","4.8","57","","17246 Vanowen St ste d, Van Nuys, CA 91406, USA"
"Top Air Heating & A/C","(844) 296-2325","gas-engineer","4.8","57","http://www.topairsocal.com/?utm_source=google&utm_medium=organic&utm_campaign=GMBListing-West-Covina-CA","1050 Lakes Dr #225, West Covina, CA 91790, USA"
"AC and Heating Experts","(424) 365-8428","gas-engineer","4.9","57","http://ac-and-heating-experts.com/","3349 Cahuenga Blvd, Los Angeles, CA 90068, USA"
"Eagle Rock Electricians","(323) 405-3819","electrician","4.8","57","http://eaglerockelectricians.com/","4946 Argus Dr, Eagle Rock, CA 90041, USA"
"Americano Electrical Solutions LLC","(213) 400-2567","electrician","5","57","http://americanoelectrical.com/","1036 E 22nd St, Los Angeles, CA 90011, USA"
"DA Auto repair & Towing","(714) 902-8483","locksmith","5","57","","631 W Whittier Blvd #A2, La Habra, CA 90631, USA"
"Culver City Air Conditioning Repair","(310) 634-0172","gas-engineer","4.8","57","","11604 Washington Pl, Los Angeles, CA 90066, USA"
"Security Unlimited Locksmith","(818) 892-1109","locksmith","4.6","56","http://www.securityunlimitedlocksmithla.com/","15339 Parthenia St, North Hills, CA 91343, USA"
"Best Plumbing Services","(818) 686-5709","plumber","4.9","56","","1198-1042, Lavender Ln, La Cañada Flintridge, CA 91011, USA"
"Industrial Lock and Security","(310) 322-3252","locksmith","4.8","56","https://industriallock.com/","401 Main St, El Segundo, CA 90245, USA"
"SERVPRO of Chatsworth/Stevenson Ranch","(818) 709-6090","roofer","5","56","https://www.servpro.com/locations/ca/servpro-of-chatsworth-stevenson-ranch?utm_medium=organic&utm_source=gbp","12847 Arroyo St, Sylmar, CA 91342, USA"
"Wave 9 Air Inc.","(562) 781-1105","gas-engineer","5","56","https://www.wave9air.com/","12051 Rivera Rd 2nd Floor, Santa Fe Springs, CA 90670, USA"
"Quick Mobile Lock and Key","(888) 253-4719","locksmith","4.4","56","http://www.quickmobilelockandkeys.com/","213 Vine Ave, Fullerton, CA 92833, USA"
"TES - Heating & Cooling","(424) 400-6692","gas-engineer","5","56","https://www.tes-hvac.com/","13924 Marquesas Way, Marina Del Rey, CA 90292, USA"
"911 Construction & Electric Inc.","(747) 255-8595","electrician","5","56","http://911electrics.com/","10526 Leolang Ave, Sunland, CA 91040, USA"
"DNA Heating & Cooling, Inc.","(818) 806-7750","gas-engineer","5","56","https://dna-heating-cooling.com/","14833 Willard St, Panorama City, CA 91402, USA"
"‎‎M‎‎‎‎a‎‎r‎‎‎‎v‎‎e‎‎‎‎l E‎‎l‎‎e‎‎‎‎c‎‎t‎‎r‎‎i‎‎c‎‎i‎‎a‎‎‎‎ns","(310) 818-7604","electrician","5","56","https://marvelelectricians.com/santa-monica/","2106 California Ave #3, Santa Monica, CA 90403, USA"
"Martin’s AC & Heating Services","(626) 719-2301","gas-engineer","4.6","56","http://www.martinac.net/","1187 E 50th St, Los Angeles, CA 90011, USA"
"Electric Wire Services","(213) 238-6352","electrician","5","56","https://electricwireservices.com/Beverly-Hills","711 N Maple Dr, Beverly Hills, CA 90210, USA"
"Pro HVAC Service El Monte","(626) 275-9386","gas-engineer","5","56","","9619 Valley Blvd A, El Monte, CA 91731, USA"
"My Locksmith","(818) 223-1585","locksmith","5","56","http://www.mylocksmithla.com/","5307 Sepulveda Blvd, Sherman Oaks, CA 91411, USA"
"Rhino Rooter Plumbing","(310) 802-9269","plumber","4.6","56","https://www.rhinorooterplumbing.info/","21515 Hawthorne Blvd Suite 200, Torrance, CA 90503, USA"
"SERVPRO of Buena Park","(714) 523-9119","roofer","5","56","https://www.servpro.com/locations/ca/servpro-of-buena-park?utm_medium=organic&utm_source=gbp","6910 Oslo Cir Unit 204, Buena Park, CA 90621, USA"
"Mr Drain Saver Plumbing & Rooter.","(626) 320-2888","plumber","5","56","https://rplu6.linknowpreview.com/?id=108033141","1148 Knoll Dr, Monterey Park, CA 91754, USA"
"Aqua Air HVAC","(424) 458-7588","gas-engineer","5","56","","15235 La Cruz Dr 1st floor, Pacific Palisades, CA 90272, USA"
"Whittier Plumbing & Drain Clean","(562) 600-3480","plumber","5","56","https://whittierplumbinnganddrain.com/","13234 Meyer Rd, Whittier, CA 90605, USA"
"Precision USA Plumbing & Heating","(424) 321-4411","plumber","4.9","56","https://precisionusaph.com/","6714 Los Verdes Dr, Rancho Palos Verdes, CA 90275, USA"
"Super Star Plumbing","(626) 940-9371","plumber","4.7","55","https://www.superstarplumbers.com/","6447 Clara St, Bell Gardens, CA 90201, USA"
"Next Plumbing & Heating","(323) 622-7186","plumber","4.9","55","","200 E Beverly Blvd #123, Montebello, CA 90640, USA"
"Locks Etc","(310) 990-4985","locksmith","4.8","55","https://www.locksetc.com/","10350 Venice Blvd. #A, Culver City, CA 90232, USA"
"Midway Locksmith Service","(323) 653-7373","locksmith","4.1","55","https://midwaylocksmithservice.com/","405 S Fairfax Ave, Los Angeles, CA 90036, USA"
"Top Heating AC","(213) 649-2606","gas-engineer","4.7","55","http://mbjplumbingheatingac.shop/","8301 Hickory St, Los Angeles, CA 90001, USA"
"Happy Family Handyman | Electrical, Plumbing, Home Repairs","(626) 361-0593","plumber","5","55","http://happyfamilyhandyman.com/","515 N Nicholson Ave apt B, Monterey Park, CA 91755, USA"
"Blue Moon Electrical","(818) 532-5473","electrician","4.9","55","https://bluemoonelectrical.com/North-Hollywood","11350 Victory Blvd #5, North Hollywood, CA 91606, USA"
"Galindo Lock & Key Services","(310) 508-6481","locksmith","4.2","55","","1900 N Long Beach Blvd #107, Compton, CA 90221, USA"
"Fix Inc.","(747) 277-7677","roofer","5","55","https://fixnrestore.com/","4100 W Alameda Ave #300, Burbank, CA 91505, USA"
"Expo Fremont Locksmith MH","(818) 495-5838","locksmith","4.3","55","http://www.expofremontlocksmithmh.com/","15426 1, 2 Chatsworth St, Mission Hills, CA 91345, USA"
"Dynamic Power Group","(800) 857-7554","electrician","5","55","https://dpgcontractors.com/","3747 Kelton Ave, Los Angeles, CA 90034, USA"
"Moore Air Inc","(310) 837-8000","gas-engineer","4.5","55","http://www.mooreairinc.com/","4489 W Pico Blvd, Los Angeles, CA 90019, USA"
"Marvel Electricians","(626) 467-5038","electrician","5","55","https://marvelelectricians.com/pasadena/","841 N El Molino Ave, Pasadena, CA 91104, USA"
"Electricians Service Team","(626) 240-5464","electrician","4.9","55","https://electriciansserviceteam.com/locations/Pasadena","777 E Villa St, Pasadena, CA 91101, USA"
"All N' One Plumbing, Inc.","(833) 255-6663","plumber","4.7","55","","6320 Canoga Ave # 1500, Woodland Hills, CA 91367, USA"
"Payless 4 Plumbing Inc","(800) 220-0209","plumber","4.2","55","https://www.paylessforplumbing.com/","8129 Firestone Blvd, Downey, CA 90241, USA"
"Orange HVAC","(562) 442-1578","gas-engineer","4.6","55","","14930 Leffingwell Rd, La Mirada, CA 90638, USA"
"Tom's Plumbing Service TPS - La Habra","(714) 448-7190","plumber","4.2","54","https://www.tomsplumbinganddrain.com/","431 S Harbor Blvd, La Habra, CA 90631, USA"
"KeyMe Locksmiths","(323) 688-3764","locksmith","4.3","54","https://key.me/kiosks/california/los-angeles/westchester/make-keys-westchester-ca","8824 S Sepulveda Blvd, Los Angeles, CA 90045, USA"
"JMS Express Plumbing West Los Angeles","(310) 882-7967","plumber","5","54","https://jmwatersewerandrepipeservices.com/","11728 Wilshire Blvd, Los Angeles, CA 90025, USA"
"Titans Natural Stone Restoration","(866) 686-1637","roofer","4.9","54","https://www.titansrestore.com/","1433 Marcelina Ave Suite 701, Torrance, CA 90501, USA"
"Amerimar HVAC Care","(424) 396-2717","gas-engineer","4.9","54","https://www.amerimarhvac.com/","244 S Sepulveda Blvd, Manhattan Beach, CA 90266, USA"
"SERVPRO of Van Nuys South","(818) 780-7111","roofer","5","54","https://www.servpro.com/locations/ca/servpro-of-van-nuys-south?utm_medium=organic&utm_source=gbp","15500 Erwin St Unit 1097, Van Nuys, CA 91411, USA"
"Zoom Electricians","(310) 928-6178","electrician","5","54","https://zoomelectricians.com/Playa-Vista","12871 W Runway Rd #78, Los Angeles, CA 90094, USA"
"Electrical Land","(310) 736-1736","electrician","5","54","https://electricalland.com/Culver-City-electricians/","5359 Sepulveda Blvd #3, Culver City, CA 90230, USA"
"KeyMe Locksmiths","(323) 508-2573","locksmith","4.4","54","https://key.me/kiosks/california/los-angeles/brooklyn-heights/make-cut-keys-brooklyn-heights-ca","2750 1st St, Los Angeles, CA 90033, USA"
"Mike Diamond Plumbing, HVAC & Electrical - Inglewood","(310) 775-2743","plumber","4.7","54","https://mikediamondservices.com/services/?utm_source=google&utm_medium=organic&utm_campaign=gmb-inglewood","8295 S La Cienega Blvd, Inglewood, CA 90301, USA"
"Shine Air Conditioner Service","(818) 474-9984","gas-engineer","4.9","54","https://jahvac.site/","1114 Evergreen St, Burbank, CA 91505, USA"
"Al Garcia's Plumbing, Heating & Air Conditioning Inc.","(310) 533-9325","plumber","4.4","54","https://algarciasplumbing.com/","1319 W 228th St, Torrance, CA 90501, USA"
"ABM Lock & Key Service","(310) 473-8292","locksmith","3.9","54","http://abmlockandkey.com/","11287 Santa Monica Blvd, Los Angeles, CA 90025, USA"
"Best HVAC","(323) 659-4391","gas-engineer","4.7","54","http://rudysmechanicalplumbing.shop/","256 S Ave 54, Los Angeles, CA 90042, USA"
"KeyMe Locksmiths","(858) 703-5750","locksmith","4.3","53","https://key.me/kiosks/california/los-angeles/south-los-angeles/key-copy-south-los-angeles-california","1820 W Slauson Ave, Los Angeles, CA 90047, USA"
"B.K. Electric Services","(310) 882-1182","electrician","3.8","53","http://www.bkelectricservices.com/","14320 Ventura Blvd UNIT 240, Sherman Oaks, CA 91423, USA"
"Pyramid Heating & Cooling Inc","(909) 999-9905","gas-engineer","5","53","http://pyramidhvac-inc.com/","4871 Klump Ave APT 204, North Hollywood, CA 91601, USA"
"John's Lock and Key","(323) 221-5248","locksmith","4.7","53","","2229 Daly St, Los Angeles, CA 90031, USA"
"Team Plumbing West Los Angeles","(323) 617-5197","plumber","5","53","http://plumbing-losangeles-ca.com/","1922 Kelton Ave, Los Angeles, CA 90025, USA"
"Mrs Keys","(562) 423-8304","locksmith","4.1","53","","4710 Cherry Ave, Long Beach, CA 90807, USA"
"Pro Tech Electric","(213) 510-2803","electrician","5","53","","921 N Gardner St, West Hollywood, CA 90046, USA"
"MAP Plumbing and Rooter","(323) 900-5201","plumber","5","53","https://mapplumbingandrooter.com/","8359 Katherine Ave, Panorama City, CA 91402, USA"
"Paul Davis Restoration of West Los Angeles","(424) 588-3725","roofer","4.9","53","https://westlosangeles.pauldavis.com/?utm_campaign=gmb&utm_medium=organic&utm_source=google","5345 McConnell Ave, Los Angeles, CA 90066, USA"
"Victor And Sons Drain Solutions","(310) 290-5200","plumber","5","53","http://www.victorandsons.com/","20710 Manhattan Pl Ste. 124, Torrance, CA 90501, USA"
"Alexa Air Condition Repair & Install","(424) 276-9717","gas-engineer","4.7","53","https://alexaairconditionrepairinstall.repair/marina-del-rey/","4049 Lincoln Blvd, Marina Del Rey, CA 90292, USA"
"RHS Plumbing & Drains.","(626) 800-5580","plumber","5","53","https://richardshomeservice.com/","15810 Gale Ave Suite 264, Hacienda Heights, CA 91745, USA"
"EZ Pro Electrician Los Angeles","(213) 668-5880","electrician","5","53","","3142 W Pico Blvd #806, Los Angeles, CA 90019, USA"
"Siles Locksmith","(323) 200-8689","locksmith","4.6","52","","3146 W Florence Ave, Los Angeles, CA 90043, USA"
"L S Plumbing - Emergency plumber - Sunland/Tujunga","(818) 306-0929","plumber","4.9","52","http://www.lsplumbingla.com/","10040 Tujunga Canyon Blvd, Tujunga, CA 91042, USA"
"Best HVAC Repair Service Company","(562) 442-1822","gas-engineer","4.7","52","https://besthvacrepairservicecompany.com/","3524 Greenwood Ave, Commerce, CA 90040, USA"
"TM Electrical LLC","(562) 370-0357","electrician","4.9","52","https://tmelectrical-llc.com/","10022 Flower St unit 6, Bellflower, CA 90706, USA"
"Velavi Heating & Cooling Inc.","(562) 449-4363","gas-engineer","4.6","52","http://velavihvac.com/","13821 San Antonio Dr, Norwalk, CA 90650, USA"
"Connor Air Conditioning & Heating","(626) 286-3157","gas-engineer","4.8","52","https://connorair.com/","4931 Encinita Ave, Temple City, CA 91780, USA"
"Quality Affordable San Marino Electricians","(626) 618-7374","electrician","5","52","","2485 Huntington Dr #201b, San Marino, CA 91108, USA"
"Temp Kings Air","(626) 400-5300","gas-engineer","5","52","https://tempkingsair.com/","145 N Sierra Madre Blvd, Pasadena, CA 91107, USA"
"Pro Plumber Redondo Beach","(424) 317-8522","plumber","5","52","http://proplumberredondobeach.com/","1906 MacKay Ln, Redondo Beach, CA 90278, USA"
"Los Angeles Plumbing Pros","(310) 861-9785","plumber","5","52","","1901 E Gage Ave, Los Angeles, CA 90001, USA"
"Velvet Plumbing","(323) 746-8035","plumber","4.9","51","https://velvetplumbing.com/Los-Angeles","951 S Olive St, Los Angeles, CA 90015, USA"
"Locksmith Blue Santa M","(310) 362-5771","locksmith","5","51","https://locksmithbluesantam.com/?utm_source=GBP&utm_medium=organic&utm_campaign=office","270 26th St, Santa Monica, CA 90402, USA"
"‎‎M‎‎‎‎a‎‎r‎‎‎‎v‎‎e‎‎‎‎l E‎‎l‎‎e‎‎‎‎c‎‎t‎‎r‎‎i‎‎c‎‎i‎‎a‎‎‎‎ns","(714) 477-7303","electrician","5","51","https://marvelelectricians.com/fullerton/","1805 N Euclid St #9, Fullerton, CA 92835, USA"
"Highland Plumbing","(818) 636-9334","plumber","5","51","http://highlandplumbing.us/","1501 E Alameda Ave, Burbank, CA 91501, USA"
"VK Plumbing And Rooter Service","(562) 313-9859","plumber","5","51","http://vkplumbingrooter.com/","2071 Long Beach Blvd unit A, Long Beach, CA 90806, USA"
"Electrical Land","(310) 388-3910","electrician","5","51","https://electricalland.com/Playa-Vista-electricians/","12858 N Seaglass Cir #5, Playa Vista, CA 90094, USA"
"A Plus Plumbing Service Van Nuys","(747) 223-8245","plumber","4.9","51","http://aplumbervannuys.com/","5812 Norwich Ave, Van Nuys, CA 91411, USA"
"Flam's Lock & Key","(818) 789-5024","locksmith","4.4","51","https://www.flamslockandkey.com/","4521 Van Nuys Blvd UNIT A, Sherman Oaks, CA 91403, USA"
"Second City Plumbing","(310) 738-7094","plumber","4.8","51","https://scplumbing.com/","525 E Mariposa Ave, El Segundo, CA 90245, USA"
"Electrical G‎‎a‎‎r‎‎‎‎a‎‎g‎‎e","(844) 502-1411","electrician","5","51","https://electricalgarage.com/","111 N Central Ave #753, Los Angeles, CA 90012, USA"
"Safe Cali Plumbing","(818) 830-4962","plumber","4.8","51","https://safecaliplumbing.com/","19209 Parthenia St Ste D, Northridge, CA 91324, USA"
"Green Water Damage & Mold Expert","(562) 513-1513","plumber","5","51","https://waterdamagerestorationcypress.shop/","5265 Canterbury Dr #574, Cypress, CA 90630, USA"
"Professional Plumbing Anaheim Co.","(657) 295-1024","plumber","4.9","51","","3055 W Orange Ave Ste 200, Anaheim, CA 92804, USA"
"Fix My Home","(424) 201-5049","roofer","5","50","https://fixmyhomeinc.com/","2018 Lomita Blvd Suite 3, Lomita, CA 90717, USA"
"LA HVAC Pro","(213) 290-9201","gas-engineer","4.9","50","http://losangeles-heatingairconditioning.com/about-us/","5460 Sierra Vista Ave, Los Angeles, CA 90038, USA"
"KeyMe Locksmiths","(626) 317-8409","locksmith","4","50","https://key.me/kiosks/california/monrovia/monrovia/make-keys-monrovia-ca","130 W Foothill Blvd, Monrovia, CA 91016, USA"
"One Hour Heating & Air Conditioning","(714) 415-4342","gas-engineer","5","50","https://www.onehourheatandair.com/fullerton/","4060 N Palm St STE. 602, Fullerton, CA 92835, USA"
"Jackteck Plumbing Services","(818) 421-2066","plumber","5","50","http://www.jackteck.com/","9742 Cabanas Ave, Tujunga, CA 91042, USA"
"Electrician Today Toluca Lake","(818) 616-6992","electrician","5","50","http://tolucalakeelectrician.com/","10055 Riverside Dr, Toluca Lake, CA 91602, USA"
"Your Home Service","(562) 383-1916","plumber","4.8","50","https://yourhomeservice.com/","9618 Santa Fe Springs Rd Unit 12, Santa Fe Springs, CA 90670, USA"
"K & L HVAC & Construction","(424) 258-0945","gas-engineer","5","50","https://www.kandlhvacandconstruction.com/","3525 W Carson St, Torrance, CA 90503, USA"
"First Touch Locksmith","(818) 415-0506","locksmith","4.9","50","https://firsttouchlocksmith.com/","18034 Ventura Blvd Unit 290, Encino, CA 91316, USA"
"First to Respond","(818) 654-4195","roofer","4.8","50","https://www.first2respond.com/?utm_campaign=gmb","18412 Gault St, Reseda, CA 91335, USA"
"Blue Moon Electrical","(323) 747-7122","electrician","5","50","","360 S Broadway #60, Los Angeles, CA 90013, USA"
"Sandoval Plumbing","(818) 445-9354","plumber","5","50","","1332 Hewitt St, San Fernando, CA 91340, USA"
"Weinstein Construction | Los Angeles Foundation Repair","(818) 600-0699","roofer","4.6","50","https://weinsteinconstruction.com/?utm_campaign=gmb","15102 Raymer St, Van Nuys, CA 91405, USA"
"Rush Plumbing","(818) 344-1111","plumber","4.5","50","http://rushplumbingla.com/","4201 Topanga Canyon Blvd SPC 36, Woodland Hills, CA 91364, USA"
"ASAP Plumbing Solutions","(310) 627-2515","plumber","5","50","http://plumbingsanpedro.com/","1008 S Pacific Ave Unit 202, San Pedro, CA 90731, USA"
"Tight Grip Plumbing","(818) 300-7929","plumber","5","49","http://tightgripplumbing.com/","8639 Hayvenhurst Ave, North Hills, CA 91343, USA"
"Plumbing Services Tarzana","(818) 839-7927","plumber","4.8","49","http://plumberservicetarzana.com/","5155 Mecca Ave, Tarzana, CA 91356, USA"
"Perez Appliance and Plumbing Repair","(323) 249-1140","gas-engineer","4.4","49","http://www.perezplumbing.net/","8953 Atlantic Ave, South Gate, CA 90280, USA"
"Gold Keys Locksmith Inc","(424) 332-9291","locksmith","4.5","49","https://gold-keys-locksmith.com/","11011 Otsego St UNIT# 516, North Hollywood, CA 91601, USA"
"Affordable Electrical Pros of Torrance","(562) 512-5693","electrician","5","49","","20285 S Western Ave #204c, Torrance, CA 90501, USA"
"AMP Locksmith","(818) 305-5405","locksmith","4.8","49","","12813 Burbank Blvd, Valley Village, CA 91607, USA"
"Electric Wire Services","(310) 388-4060","electrician","4.9","49","https://electricwireservices.com/Santa-Monica","1413 Lincoln Blvd, Santa Monica, CA 90401, USA"
"Notary And Ship Store","(818) 241-4011","locksmith","4.6","49","http://notaryandshipstore.com/","1146 N Central Ave, Glendale, CA 91202, USA"
"Local Trusted Electricians","(562) 456-3053","electrician","5","49","https://localtrustedelectricians.com/la-habra-electricians/","231 S Walnut St, La Habra, CA 90631, USA"
"New Flow Plumbing","(818) 538-4958","plumber","4.7","49","https://newflowplumbing.com/sewer-repair-and-camera-inspection-plumbing-in-van-nuys/","6718 Katherine Ave, Van Nuys, CA 91405, USA"
"LC Heating & Air Conditioning","(213) 699-5333","gas-engineer","5","49","https://lahvaclc.com/","1308 E Colorado Blvd Ste 2302, Pasadena, CA 91106, USA"
"Express Key Shop","(562) 551-1710","locksmith","4.9","49","https://expresskeyshop.com/","9520 Whittier Blvd, Pico Rivera, CA 90660, USA"
"F & M Plumbing","(626) 296-1060","plumber","4.5","48","http://www.fandmplumbing.com/","1493 Lincoln Ave, Pasadena, CA 91103, USA"
"Rite-A-Way Plumbing & Rooting","(818) 352-1366","plumber","4.8","48","","9837 Sunland Blvd, Shadow Hills, CA 91040, USA"
"Instant Air Solutions","(747) 307-6363","gas-engineer","5","48","https://instantairsolutions.com/","412 W Dryden St APT 6, Glendale, CA 91202, USA"
"Right Price Rooter and Plumbing","(866) 766-8374","plumber","5","48","http://rightpricerooter.com/","540 N Central Ave b318, Glendale, CA 91203, USA"
"Plumb Inc - Plumber","(818) 722-8231","plumber","4.9","48","https://plumbinc.net/?utm_source=google+business+profile","8101 Orion Ave #8, Van Nuys, CA 91406, USA"
"Target Plumbers","(562) 242-3929","plumber","5","48","https://targetplumbingservices.com/Long-Beach","4400 E 4th St, Long Beach, CA 90814, USA"
"Kessler Plumbing & Heating Inc","(323) 208-5394","plumber","4.7","48","http://kesslercrew.com/","1940 Riverside Dr, Los Angeles, CA 90039, USA"
"Arirang Locksmith","(213) 999-2530","locksmith","4.5","48","http://ariranglocksmithla.com/","1901 W 8th St #L, Los Angeles, CA 90057, USA"
"Saiyan Electric Inc","(310) 810-3243","electrician","4.9","48","https://saiyanelectric.com/","9702 Washburn Rd, Downey, CA 90241, USA"
"HVAC Expert - Heating & Air Conditioning","(310) 861-4144","gas-engineer","4.7","48","https://hvacallianceexpert.com/locations/torrance/","22255 S Western Ave, Torrance, CA 90501, USA"
"Robby's Rooter Inc.","(323) 855-7873","plumber","4.8","48","https://www.robbysrooterinc.com/","5506 York Blvd, Los Angeles, CA 90042, USA"
"Leon Plumbing","(818) 326-0780","plumber","4.9","48","http://www.leonplumbingsocal.com/","10623 Sherman Grove Ave Unit 200, Sunland, CA 91040, USA"
"Golden Plumber Los Angeles","(323) 499-4161","plumber","4.8","48","http://goplumberlosangeles.com/","3328 W 27th St, Los Angeles, CA 90018, USA"
"Drain EZ Plumbing","(310) 628-7828","plumber","5","48","https://www.drainezplumbing.com/","2428 Lomita Blvd, Lomita, CA 90717, USA"
"HandyMaestro","(626) 325-2617","roofer","5","48","https://handymaestro.com/","832 S Ynez Ave, Monterey Park, CA 91754, USA"
"E&L Electric","(626) 669-1655","electrician","5","48","","3113 N Raymond Ave b, Altadena, CA 91001, USA"
"Mendez Electrical Maintenance","(323) 897-1980","electrician","5","48","","6232 Albany St, Huntington Park, CA 90255, USA"
"C&M Air Conditioning And Heating Inc","(213) 884-7183","gas-engineer","5","47","https://cm-hvacservice.com/","125 E St Joseph St Apt E, Arcadia, CA 91006, USA"
"KeyMe Locksmiths","(323) 736-4437","locksmith","3.8","47","https://key.me/kiosks/california/los-angeles/s-vermont-ave/make-keys-s-vermont-ave-ca","11922 S Vermont Ave, Los Angeles, CA 90044, USA"
"Lock Solutions, Inc","(818) 824-8130","locksmith","4.6","47","https://www.locksolutionsinc.net/","6735 Sepulveda Blvd, Van Nuys, CA 91411, USA"
"Red Electricians","(818) 869-2791","electrician","4.9","47","https://redelectricians.com/","4528 Van Nuys Blvd #762, Sherman Oaks, CA 91403, USA"
"First Electric","(657) 239-6331","electrician","4.9","47","https://firstelectric.pro/","12310 La Pomelo Rd, La Mirada, CA 90638, USA"
"Rush Electrical Service Burbank","(747) 236-6810","electrician","5","47","https://rushelectricalservice.com/about-us/","108 Palm Ave #153, Burbank, CA 91502, USA"
"Smart Residential Services Inc.","(310) 919-0626","gas-engineer","4.9","47","https://smarthomeairandheating.com/Torrance","1645 Juniper Ave, Torrance, CA 90503, USA"
"AirOstat, Inc.","(844) 247-6782","gas-engineer","4.9","47","https://airostat.com/","16911 San Fernando Mission Blvd #166, Los Angeles, CA 91344, USA"
"Blue Moon Electrical","(213) 322-0128","electrician","4.9","47","https://bluemoonelectrical.com/Beverly-Hills","855 Loma Vista Dr #2, Beverly Hills, CA 90210, USA"
"Fuse HVAC & Appliance Repair Los Angeles","(213) 510-3004","gas-engineer","4.9","47","https://fuselac.com/","6170 Canterbury Dr Ste 124, Culver City, CA 90230, USA"
"SERVPRO of Torrance","(310) 320-2112","roofer","5","47","https://www.servpro.com/locations/ca/servpro-of-torrance?utm_medium=organic&utm_source=gbp","2808 Oregon Ct ste l-9, Torrance, CA 90503, USA"
"Huntington Park Electric","(323) 375-1995","electrician","5","47","","2550 E 55th St, Huntington Park, CA 90255, USA"
"SERVPRO of Hawthorne/Lawndale","(310) 214-6813","roofer","5","46","https://www.servpro.com/locations/ca/servpro-of-hawthorne-lawndale?utm_medium=organic&utm_source=gbp","13750 S Prairie Ave Unit 2, Hawthorne, CA 90250, USA"
"Jon's Plumbing and Rooter","(818) 905-9055","plumber","5","46","","4930 Balboa Blvd, Encino, CA 91436, USA"
"Plumbing Boys","(818) 823-7522","plumber","4.8","46","https://plumbingboys.com/","2241 N Parish Pl, Burbank, CA 91504, USA"
"KeyMe Locksmiths","(818) 629-0424","locksmith","4.2","46","https://key.me/kiosks/california/van-nuys/van-nuys/duplicate-keys-van-nuys-ca","17250 Saticoy St, Van Nuys, CA 91406, USA"
"Electrical Land","(310) 388-4026","electrician","4.9","46","https://electricalland.com/Santa-Monica-electricians/","505 Colorado Ave #14, Santa Monica, CA 90401, USA"
"Expert Electrical Solutions","(929) 308-7410","electrician","5","46","http://www.expertelectricalsolution.com/","2501 Pico Blvd, Santa Monica, CA 90405, USA"
"Mongo Plumbers","(424) 260-0200","plumber","4.7","46","http://plumber-santamonica-ca.com/","2450 Broadway, Santa Monica, CA 90404, USA"
"CSI Electrical Contractors, Inc.","(562) 946-0700","electrician","4.5","46","http://www.csielectric.com/","10623 Fulton Wells Ave, Santa Fe Springs, CA 90670, USA"
"KeyMe Locksmiths","(310) 935-1824","locksmith","4.5","46","https://key.me/kiosks/california/carson/carson/make-keys-carson-ca","650 E Carson St, Carson, CA 90745, USA"
"All Time AC And Heating Management Services","(310) 759-3745","gas-engineer","4.9","46","","11182 Tuxford St, Sun Valley, CA 91352, USA"
"AKW Locksmith Inc","(909) 787-5888","locksmith","4.4","46","","707 S Atlantic Blvd, Alhambra, CA 91803, USA"
"Electric Wire Services","(626) 774-8048","electrician","5","46","https://electricwireservices.com/Pasadena","1187 N Lake Ave #28, Pasadena, CA 91104, USA"
"Electrical ‎‎G‎‎‎‎a‎‎r‎‎‎‎a‎‎‎‎g‎‎e","(213) 955-7441","electrician","5","46","https://electricalgarage.com/beverly-hills/","520 Elm Dr, Beverly Hills, CA 90210, USA"
"Angel Locksmith","(323) 737-7500","locksmith","4.6","46","http://angel-locksmith.com/","914 N Vine St, Los Angeles, CA 90038, USA"
"Prime Plumbers Whittier","(562) 358-5607","plumber","5","46","","15022 La Mirada Blvd, Whittier, CA 90604, USA"
"Rapid Response Restoration of Pasadena","(626) 714-6793","roofer","5","46","https://rapidresponserestorationla.com/pasadena/","169 S Mentor Ave, Pasadena, CA 91101, USA"
"Fresh Air Conditioning & Heater Repair Montebello","(323) 955-4437","gas-engineer","5","46","","1493 N Montebello Blvd Suite E, Montebello, CA 90640, USA"
"Hoag Plumbing & Drain Cleaning","(626) 975-8382","plumber","4.7","45","https://www.hoagplumbing.com/","4502 N Lark Ellen Ave, Covina, CA 91722, USA"
"Banner Heating & Air Conditioning Company","(818) 988-7101","gas-engineer","5","45","https://www.banneraircon.com/","14717 1/2 Oxnard St, Van Nuys, CA 91411, USA"
"Trusty Plumber North Hollywood","(213) 720-8347","plumber","5","45","http://trustyplumbernorthhollywood.com/","6310 Colfax Ave, North Hollywood, CA 91606, USA"
"Advance Electrical Service","(818) 416-3736","electrician","4.7","45","http://advanceelectricalpro.com/","7916 Wentworth St, Sunland, CA 91040, USA"
"Quick Fix Plumbing Studio City","(213) 531-5865","plumber","5","45","http://quickfixstudiocityplumbing.com/","11618 Moorpark St, Studio City, CA 91602, USA"
"Trenchless Sewer Plumbing Inc.","(323) 615-3843","gas-engineer","4.6","45","https://www.losangelestrenchlesssewer.com/?utm_campaign=gmb","5003 Loleta Ave, Los Angeles, CA 90041, USA"
"Target Plumbers","(562) 414-4415","plumber","4.9","45","","18128 Pioneer Blvd #648, Artesia, CA 90701, USA"
"SERVPRO of North Hollywood","(818) 754-0050","roofer","4.5","45","https://www.servpro.com/locations/ca/servpro-of-north-hollywood?utm_medium=organic&utm_source=gbp","12128 Sherman Way, North Hollywood, CA 91605, USA"
"Water Damage & Mold by Drypro","(818) 452-4480","roofer","4.9","45","https://www.drypro.com/","2214 Magnolia Blvd Unit B, Burbank, CA 91506, USA"
"American Drain Works and Plumbing Company","(310) 390-3180","drain-specialist","5","45","https://americandrainworks.com/","11319 Washington Blvd Suite A, Los Angeles, CA 90066, USA"
"Extra Heating and Air of San Pedro","(424) 364-1950","gas-engineer","5","45","http://extraacrepairsanpedro.com/","700 S Gaffey St, San Pedro, CA 90731, USA"
"Ray's Key & Lock","(310) 800-3773","locksmith","4.9","45","http://rayskeysandlocks.com/","24211 Hawthorne Blvd, Torrance, CA 90505, USA"
"Green Air Conditioning Service","(818) 936-5625","gas-engineer","4.8","45","https://greenairconditioningservice.com/sun-valley/","8416 Lankershim Blvd, Sun Valley, CA 91352, USA"
"Studio City Air Conditioning","(747) 837-7697","gas-engineer","4.9","45","","13052 Bloomfield St, Studio City, CA 91604, USA"
"Gold Star AC & Heating","(323) 333-7982","gas-engineer","4.8","45","https://www.goldhvacservice.com/","3654 Barham Blvd, Los Angeles, CA 90068, USA"
"HD Electric","(747) 677-0754","electrician","5","44","https://www.hdelectric.org/","7662 Genesta Ave, Van Nuys, CA 91406, USA"
"locksmith & car key 4U","(619) 257-1298","locksmith","4.3","44","https://locksmithcarkey4u.com/","1611 N Formosa Ave, Los Angeles, CA 90046, USA"
"SERVPRO of Monterey Park","(626) 656-6577","roofer","4.9","44","https://www.servpro.com/locations/ca/servpro-of-monterey-park?utm_medium=organic&utm_source=gbp","670 Monterey Pass Rd Ste 188E, Monterey Park, CA 91754, USA"
"AIRTOPIA","(213) 255-4373","gas-engineer","5","44","http://www.theairtopia.com/","20022 State Rd, Cerritos, CA 90703, USA"
"Secure Electric","(818) 214-7303","electrician","5","44","https://www.secureelectricgroup.com/?utm_campaign=gmb","422 E Tujunga Ave #101, Burbank, CA 91501, USA"
"Five Star Plumbers Los Angeles","(424) 722-9342","plumber","5","44","http://losangelescaplumbers.com/","949 E 31st St, Los Angeles, CA 90011, USA"
"Just For You Plumbing and Heating","(310) 982-6461","plumber","5","44","https://justforyouplumbers.com/lawndale-ca/","15900 Hawthorne Blvd #232, Lawndale, CA 90260, USA"
"GR Air Conditioning","(213) 469-8632","gas-engineer","5","44","http://grairconditioning.com/","2440 Chelsea St, Los Angeles, CA 90033, USA"
"Drain & Jetting Solutions","(562) 549-8179","plumber","5","44","https://www.drainandjetting.com/","4215 Alderson Ave Unit #E, Baldwin Park, CA 91706, USA"
"Around the Clock Plumbing & Construction, Inc","(818) 994-0848","plumber","4.8","44","http://www.atcplumbing.com/","6360 Van Nuys Blvd, Van Nuys, CA 91401, USA"
"Sewer Heroes Inc Glendale Plumbing & Sewer Services","(818) 888-6886","plumber","4.9","44","https://sewerheroesinc.com/glendale-ca/","464 W Windsor Rd, Glendale, CA 91204, USA"
"Greg's Sewer & Drains","(818) 267-6756","plumber","5","44","https://www.gregsseweranddrains.com/","8902 Murietta Ave, Panorama City, CA 91402, USA"
"KeyMe Locksmiths","(310) 928-9133","locksmith","4.4","44","https://key.me/kiosks/california/pico-rivera/pico-rivera/locksmith-key-copy-pico-rivera-food-4-less-90660-california","8620 Whittier Blvd, Pico Rivera, CA 90660, USA"
"SERVPRO of Encino/Sherman Oaks","(818) 995-6444","roofer","4.7","44","https://www.servpro.com/locations/ca/servpro-of-encino-sherman-oaks?utm_medium=organic&utm_source=gbp","16601 Ventura Blvd 4th Floor, Encino, CA 91436, USA"
"American Electric Services","(800) 237-0009","electrician","4.5","43","https://theamericanelectricservice.com/","6924 Canby Ave #101, Reseda, CA 91335, USA"
"Dr. Drain Rooter and Hydro Jett","(661) 505-3277","drain-specialist","5","43","","212 W Linden Ave unit D, Burbank, CA 91502, USA"
"Hybrid Air, Air Conditioning & Heating","(562) 544-2025","gas-engineer","4.8","43","https://www.hybridairandheating.com/?utm_source=google&utm_medium=organic&utm_campaign=gbp","7524 Pico Vista Rd, Pico Rivera, CA 90660, USA"
"Nc electric","(562) 713-1555","electrician","5","43","https://prime.apntech.io/business-listing/60008/view-details","951 Momax St, Azusa, CA 91702, USA"
"Tankless Pro","(424) 410-3111","plumber","4.8","43","http://tanklesspro.com/","360 N Pacific Coast Hwy Suite 2000, El Segundo, CA 90245, USA"
"Pipe Doctor Rooter & Plumbing Company","(323) 864-1013","plumber","5","43","http://pipedoctor24.com/","3312 Floyd Terrace, Los Angeles, CA 90068, USA"
"Electrical ‎‎G‎‎‎‎a‎‎r‎‎‎‎a‎‎‎‎g‎‎e","(310) 620-1990","electrician","5","43","https://electricalgarage.com/santa-monica/","1492 9th St #65, Santa Monica, CA 90401, USA"
"Lazimi Locksmith / Palos Verdes Lock & Key","(310) 378-1263","locksmith","4.3","43","http://lazimilocksmith.com/","4259 Pacific Coast Hwy, Torrance, CA 90505, USA"
"Next Plumbing & Heating","(323) 405-9808","plumber","5","43","","9836 Atlantic Ave #110, South Gate, CA 90280, USA"
"Comfort Zone Heating And Air Plus","(818) 484-7773","gas-engineer","3.7","43","https://www.comfortairplus.com/","125 S Louise St #118, Glendale, CA 91205, USA"
"Vista Rooter & Plumbing","(562) 379-4699","plumber","5","43","http://plumber-downey.com/","9454 Imperial Hwy., Downey, CA 90242, USA"
"KeyMe Locksmiths","(310) 597-4508","locksmith","4.1","43","https://key.me/kiosks/california/gardena/gardena/make-cut-keys-gardena-ca","1260 W Redondo Beach Blvd, Gardena, CA 90247, USA"
"The Plumbing Expert","(626) 737-2936","plumber","4.9","42","http://aaltadenaplumber.com/","2470 Santa Anita Ave, Altadena, CA 91001, USA"
"Premier Plumber Pasadena","(626) 240-1320","plumber","5","42","http://premierplumberpasadena.com/","21 E Colorado Blvd, Pasadena, CA 91105, USA"
"Rick's HVAC & Water Heating Repair Sherman Oaks","(747) 977-8168","gas-engineer","4.9","42","","15233 Ventura Blvd Suite 503, Sherman Oaks, CA 91403, USA"
"ARK PLUMBING HANDYMAN SERVICES","(818) 818-0446","plumber","4.2","42","","2756 N Kenneth Rd, Burbank, CA 91504, USA"
"Handyman Creative Solutions","(917) 903-8738","plumber","5","42","http://www.handymancreativesolutions.com/","109 Paloma Ave unit A, Venice, CA 90291, USA"
"5 Star Los Angeles AC repair","(213) 464-0295","gas-engineer","4.9","42","http://5starlosangelesacrepair.com/","509 East 4th St, Los Angeles, CA 90013, USA"
"KeyMe Locksmiths","(661) 463-3785","locksmith","3.8","42","https://key.me/kiosks/california/sylmar/sylmar/locksmith-key-copy-sylmar-food-4-less-91342-california","12689 Glenoaks Blvd, Sylmar, CA 91342, USA"
"Hotline Plumbing","(818) 270-8271","plumber","5","42","http://www.hotlineplumbing.com/","#1, Burbank, CA 91505, USA"
"Fresh Air Heating & AC Repair Rosemead","(626) 779-3916","gas-engineer","5","42","","8450 Garvey Ave #122, Rosemead, CA 91770, USA"
"Tria Air conditioning Pros","(562) 442-1932","gas-engineer","4.9","42","https://triaairconditioningpros.com/fullerton/","1400 N Harbor Blvd, Fullerton, CA 92835, USA"
"Golden Plumber Buena Park","(714) 266-1661","plumber","5","42","http://goldenplumberbuenapark.com/","7316 Melrose St, Buena Park, CA 90621, USA"
"Electrician Santa Monica","(424) 484-8108","electrician","5","42","","11917 Iowa Ave, Los Angeles, CA 90025, USA"
"Jacob & Sons Plumbers","(323) 375-3500","plumber","4.5","42","https://jacobplumbers.com/","5826 W Olympic Blvd, Los Angeles, CA 90036, USA"
"HVAC Solutions Heating & AC Repair","(747) 208-2263","gas-engineer","4.7","42","","1062 Foothill Blvd, Lake View Terrace, CA 91342, USA"
"24/7 Water Damage Restoration Los Angeles","(951) 462-5893","roofer","5","42","https://24dryandrestoration.com/","civic center dr, stu B, Beverly Hills, CA 90210, USA"
"Pasadena Electric Light","(760) 891-2295","electrician","5","42","http://pasadena-electric-light.com/","418 N Fair Oaks Ave, Pasadena, CA 91103, USA"
"American Deluxe Windows and Doors","(818) 583-8772","glazier","4.4","42","http://americandeluxewindows.com/","5761 N Whitnall Hwy a, North Hollywood, CA 91601, USA"
"Alhambra Electrical Home Repair","(626) 551-4139","electrician","4.7","42","http://alhambraelectricalhomerepair.com/","100 Huntington Dr, Los Angeles, CA 90032, USA"
"HTA Plumbing","(818) 390-2932","plumber","5","42","http://hta-plumbing.com/","19551 Strathern St, Reseda, CA 91335, USA"
"Pro Handyman Repair and Maintenance","(858) 267-8525","plumber","5","42","https://handymansouthbay.com/","119 S Dianthus St, Manhattan Beach, CA 90266, USA"
"American Reliable Services","(844) 284-0684","gas-engineer","4.9","42","http://www.americanreliableservices.com/","12712 Saticoy St, North Hollywood, CA 91605, USA"
"Dependable Water Damage Restoration","(818) 666-0822","roofer","4.9","42","http://www.dependable-restoration.com/","14545 Friar St #101q, Van Nuys, CA 91411, USA"
"KeyMe Locksmiths","(626) 263-4305","locksmith","4","41","https://key.me/kiosks/california/arcadia/arcadia/make-keys-arcadia-ca","211 E Foothill Blvd, Arcadia, CA 91006, USA"
"Lakewood HVAC Proz","(562) 442-1569","gas-engineer","4.7","41","https://hvacproz.net/lakewood/","5835 Bellflower Blvd, Lakewood, CA 90713, USA"
"Rooter Master Plumbing Services","(818) 848-8000","plumber","4.7","41","http://www.rootermaster.com/","12004 Vose St, North Hollywood, CA 91605, USA"
"University Park Heating and Air Conditioning","(949) 239-0307","gas-engineer","4.8","41","http://university-parkheatingandairconditioning.com/","2300 1/2 S Union Ave, Los Angeles, CA 90007, USA"
"Heating and Air Conditioning of Long Beach","(209) 563-8537","gas-engineer","5","41","","403 Alamitos Ave, Long Beach, CA 90802, USA"
"엘에이 에어컨 A Plus Air","(213) 598-5742","gas-engineer","4.9","41","http://aplusairhvac.com/","1401 S St Andrews Pl APT 201, Los Angeles, CA 90019, USA"
"Jeff's Plumbing & Water Heater Repair Sunland","(805) 883-6154","plumber","5","41","","8348 Foothill Blvd, Sunland, CA 91040, USA"
"Torrance Comfort Systems","(424) 501-2900","gas-engineer","4.7","41","https://torrancecomfortsystems.homes/","4106 Cathann St, Torrance, CA 90503, USA"
"Atlantic Mail Plus","(562) 590-0503","locksmith","4","41","","404 E 1st St, Long Beach, CA 90802, USA"
"Mr Fix It Plumbing","(562) 988-2454","plumber","4.7","41","http://www.mrfixitplumbing.com/","4320 Atlantic Ave #230, Long Beach, CA 90807, USA"
"Long Beach Plumbing Pros","(562) 268-7380","plumber","4.9","41","https://thebeachplumbing.com/","4110 Atlantic Ave, Long Beach, CA 90807, USA"
"Tankless water heater repair and Plumbing","(626) 493-3019","plumber","4.9","41","https://www.tanklesswhplumbing.com/","10050 Bessie Ave, El Monte, CA 91731, USA"
"KeyMe Locksmiths","(818) 423-4296","locksmith","4.3","40","https://key.me/kiosks/california/inglewood/inglewood/make-cut-keys-inglewood-ca","500 E Manchester Blvd, Inglewood, CA 90301, USA"
"Auto Mobile Locksmith","(323) 493-6335","locksmith","5","40","","7280 Hillside Ave, Los Angeles, CA 90046, USA"
"Nerdup Plumbing Services","(747) 999-6321","plumber","5","40","https://plumbingpacoima247.com/","11077 De Foe Ave, Pacoima, CA 91331, USA"
"Moe Locksmith Services","(310) 740-5598","locksmith","5","40","http://moelocksmithservices.com/","10008 National Blvd #410, Los Angeles, CA 90034, USA"
"Pro Star Mechanical Services","(714) 999-1177","gas-engineer","4.9","40","http://prostarmechanical.com/","2643 W Woodland Dr, Anaheim, CA 92801, USA"
"SERVPRO of Hollywood Hills/Los Feliz","(323) 667-3100","roofer","5","40","https://www.servpro.com/locations/ca/servpro-of-hollywood-hills-los-feliz?utm_medium=organic&utm_source=gbp","5107 Hollywood Blvd Ste 104, Los Angeles, CA 90027, USA"
"Norris AC & Heat","(310) 708-0689","gas-engineer","5","40","https://norrisachermosabeach.com/","2000 Pacific Coast Hwy suite 427, Hermosa Beach, CA 90254, USA"
"Stay Cool Heating & Air","(213) 668-7695","gas-engineer","4.6","40","https://staycoolsocal.com/","943 E 31st St, Los Angeles, CA 90011, USA"
"Make It Drain Plumbing","(818) 207-2244","plumber","5","40","http://makeitdrain.net/","6402 Blewett Ave, Van Nuys, CA 91406, USA"
"Mr Heat and Cooling","(855) 231-3997","gas-engineer","5","40","http://mr-heatandcooling.com/","1904 S Grand Ave, Los Angeles, CA 90007, USA"
"Jerry & Sons Electric","(213) 306-5101","electrician","4.8","40","","330 Parkman Ave, Los Angeles, CA 90026, USA"
"KeyMe Locksmiths","(323) 622-7192","locksmith","4.7","40","https://key.me/kiosks/california/carson/carson/locksmith-key-copy-carson-albertsons-90745-california","200 E Sepulveda Blvd, Carson, CA 90745, USA"
"KeyMe Locksmiths","(562) 418-6269","locksmith","4.3","39","https://key.me/kiosks/california/downey/downey/cut-keys-downey-ca","8626 Firestone Blvd, Downey, CA 90241, USA"
"Electrical ‎‎G‎‎‎‎a‎‎r‎‎‎‎a‎‎‎‎g‎‎e","(562) 372-6501","electrician","4.9","39","https://electricalgarage.com/long-beach/","2507 E 15th St, Long Beach, CA 90804, USA"
"FastFlow Sewer & Drains","(818) 431-3961","plumber","5","39","https://wecleardrains.co/?utm_source=gbp&utm_medium=organic","18075 Ventura Blvd # 229, Encino, CA 91316, USA"
"Bolt Electric","(714) 814-0933","electrician","4.9","39","","1111 N Richman Ave, Fullerton, CA 92835, USA"
"J & D Plumbing & Heating Contractors","(562) 427-2555","plumber","4.6","39","https://www.janddplumbinglongbeach.com/","1806 Gaviota Ave, Long Beach, CA 90806, USA"
"SoCal Air Systems","(310) 974-0122","gas-engineer","5","39","http://www.socalairsystems.com/","3107 Pico Blvd Suite B, Santa Monica, CA 90405, USA"
"House R Us","(800) 888-4427","roofer","5","39","http://houserus.builders/","19720 Ventura Blvd e1, Woodland Hills, CA 91364, USA"
"KeyMe Locksmiths","(323) 405-9436","locksmith","4.3","39","https://key.me/kiosks/california/monterey-park/monterey-park/key-copy-monterey-park-ralphs-91754-california","330 N Atlantic Blvd, Monterey Park, CA 91754, USA"
"AAA Water Damage Restoration Los Angeles","(213) 658-3161","roofer","4.9","39","http://aaawaterdamagerestorationlosangeles.com/","3212 W Slauson Ave, Los Angeles, CA 90043, USA"
"Tri-Cities Best Heating and Air","(818) 581-9810","gas-engineer","4.1","39","https://tricitiesbesthvac.com/","12087 Lopez Canyon Rd, Sylmar, CA 91342, USA"
"Cal Climate Corp","(818) 843-5188","gas-engineer","4.9","39","https://www.calclimate.com/","919 W Isabel St STE D, Burbank, CA 91506, USA"
"Tri-Tech Restoration","(818) 565-3900","roofer","4","39","http://tritechrestoration.com/","3301 N San Fernando Blvd, Burbank, CA 91504, USA"
"Fox Electric Technologies","(626) 944-1427","electrician","5","39","https://foxelectrictech.com/","300 S Atlantic Blvd, Monterey Park, CA 91754, USA"
"SERVPRO of Silver Lake / Echo Park","(213) 522-7448","roofer","4.8","39","https://www.servpro.com/locations/ca/servpro-of-silver-lake-echo-park?utm_medium=organic&utm_source=gbp","840 N Broadway Suite 202E, Los Angeles, CA 90012, USA"
"Restokleen Restoration","(818) 330-9561","roofer","4.7","39","https://www.restokleen.com/","3600 Foothill Blvd, Glendale, CA 91214, USA"
"Plumbing Rooter For You","(323) 819-1881","plumber","5","39","http://www.plumbingrooterforyou.com/","4421 Melbourne Ave, Los Angeles, CA 90027, USA"
"KeyMe Locksmiths","(818) 629-0073","locksmith","3.9","39","https://key.me/kiosks/california/la-crescenta/la-crescenta/make-keys-la-crescenta-ca","2675 Foothill Blvd, La Crescenta-Montrose, CA 91214, USA"
"Proper Electric Inc","(323) 304-2180","electrician","5","39","","Los Angeles, CA 90042, USA"
"Quality Plumbers Los Angeles","(424) 842-8531","plumber","5","39","","4471 Whittier Blvd, Whittier, CA 90602, USA"
"Gem Plumbing Inc","(626) 355-3496","plumber","3.9","39","http://www.gem-plumbinginc.com/","140 E Montecito Ave, Sierra Madre, CA 91024, USA"
"Pasadena Quality Heating And Air","(626) 788-9730","gas-engineer","4.9","38","http://pasadenaqualityacrepair.com/","363 S Fair Oaks Ave, Pasadena, CA 91105, USA"
"Farashi Electric","(267) 248-5496","electrician","5","38","http://farashielectric.com/","5400 Newcastle Ave, Encino, CA 91316, USA"
"A-Craft Plumbing Inc.","(818) 721-7543","plumber","5","38","","916 W Burbank Blvd Unit C . #175, Burbank, CA 91506, USA"
"JennAir Appliance Repair","(323) 366-9944","gas-engineer","4.8","38","https://atsrepairservice.com/","5831 S La Brea Ave, Los Angeles, CA 90056, USA"
"Pacific Plumbing Services Inc.","(818) 665-3574","plumber","5","38","http://pacificcoast-plumbing.com/","1620 Wilcox Ave, Los Angeles, CA 90028, USA"
"Lakewood Heating and Air Conditioning Inc.","(562) 633-6412","gas-engineer","4.9","38","https://www.lakewoodheatingandair.com/","5150 Candlewood St UNIT 8, Lakewood, CA 90712, USA"
"FOURTECH SERVICE","(818) 810-7060","gas-engineer","4.6","38","https://fourtechservice.com/?utm_source=google&utm_medium=organic&utm_campaign=GMB","815 Western Ave Suite 4, Glendale, CA 91201, USA"
"Daylight Electric Inc.","(323) 655-5252","electrician","4.8","38","http://daylightelectric.com/","5951 W 3rd St, Los Angeles, CA 90036, USA"
"A2Z Plumber Lynwood","(424) 507-0025","plumber","4.9","38","http://a2zplumberlynwood.com/","11256 Atlantic Ave, Lynwood, CA 90262, USA"
"Premier Van Nuys Plumber","(213) 732-2856","plumber","5","38","","1061, Van Nuys, G Line Bikeway, Van Nuys, CA 91411, USA"
"Marvel Electricians El Monte","(714) 559-3783","electrician","4.9","38","https://marvelelectricians.com/el-monte/","10730 Main St, El Monte, CA 91731, USA"
"Ursa Pro Restoration","(424) 855-1202","roofer","5","38","https://ursa-pro.com/","7660 Beverly Blvd 271 apt, Los Angeles, CA 90036, USA"
"KeyMe Locksmiths","(562) 457-6907","locksmith","4.2","38","https://key.me/kiosks/california/whittier/whittier/make-keys-whittier-ca","14919 Whittier Blvd, Whittier, CA 90605, USA"
"Alpha Plumbers Fullerton","(714) 930-2150","plumber","5","37","","576 N Gilbert St, Fullerton, CA 92833, USA"
"Rave Plumbing & Rooter","(818) 723-7334","plumber","4.7","37","https://www.raveplumbingandrooter.com/","3522, 1/2, 2415 1/2 Foothill Blvd Suite 221, La Crescenta-Montrose, CA 91214, USA"
"Rooter Shield","(818) 691-6582","plumber","5","37","https://www.rootershield.com/","15046 Gault St, Van Nuys, CA 91405, USA"
"Red Electricians","(714) 463-1800","electrician","5","37","https://redelectricians.com/","7662 Beach Blvd #546, Buena Park, CA 90620, USA"
"KeyMe Locksmiths","(949) 835-4687","locksmith","4.5","37","https://key.me/kiosks/california/torrance/southwood/make-cut-keys-southwood-ca","4705 Torrance Blvd, Torrance, CA 90503, USA"
"Furnace Repair","(747) 209-2419","gas-engineer","4.7","37","","1329 Carlton Dr, Glendale, CA 91205, USA"