Name,Phone,Trade,Rating,Reviews,Website,Address
"ASI, The White Glove Guys","(619) 350-3205","gas-engineer","4.8","7015","https://www.asiheatingandair.com/?utm_source=google&utm_medium=gmb&utm_campaign=ASI_ORG_EVER_A_GBP","4870 Viewridge Ave, San Diego, CA 92123, USA"
"Anderson Plumbing, Heating & Air","(619) 320-1884","plumber","4.8","5787","https://www.andersonplumbingheatingandair.com/service-areas/san-diego/?utm_source=google&utm_medium=GBP","5183 Mercury Point, San Diego, CA 92111, USA"
"ARS / Rescue Rooter","(858) 522-9751","plumber","4.7","4825","https://www.ars.com/san-diego?utm_source=google&utm_medium=gbp&utm_campaign=local_seo&utm_content=gbp_website_click","9895 Olson Dr Suite B, San Diego, CA 92121, USA"
"Bill Howe Plumbing, Heating & Air, Restoration & Flood Services","(800) 245-5469","plumber","4.8","4750","http://www.billhowe.com/","9210 Sky Park Ct, San Diego, CA 92123, USA"
"Mauzy Cooling, Heating, Plumbing, and Electrical","(619) 485-3936","gas-engineer","4.8","4649","https://www.mauzy.com/?utm_source=google-gbp&utm_medium=organic&utm_campaign=*143*mauzy-heating-air-el-cajon","1456 Magnolia Ave Ste E, El Cajon, CA 92021, USA"
"Anderson Plumbing, Heating & Air","(619) 320-1483","plumber","4.8","4386","https://www.andersonplumbingheatingandair.com/service-areas/el-cajon/?utm_source=google&utm_medium=GBP","1830 John Towers Ave, El Cajon, CA 92020, USA"
"Elite Rooter Plumbers","(619) 626-1272","plumber","4.8","2498","https://www.eliterooter.com/location/san-diego/?utm_source=google&utm_medium=organic&utm_campaign=gmb","3485 Pickwick St, San Diego, CA 92102, USA"
"Same Day Heating, Cooling, Plumbing","(619) 345-0832","gas-engineer","4.7","1624","https://samedaysd.com/?utm_source=google&utm_medium=gmb","9771 Clairemont Mesa Blvd Suite E, San Diego, CA 92124, USA"
"Black Mountain Plumbing","(858) 536-4161","plumber","4.8","1586","https://blackmountainplumbing.com/","9909 Hibert St Suite E, San Diego, CA 92131, USA"
"United Plumbing Heating Air & Electric","(858) 215-6765","plumber","4.9","1577","https://localunitedservices.com/?utm_source=local&utm_medium=organic&utm_campaign=gmb","6767 Nancy Ridge Dr Unit C, San Diego, CA 92121, USA"
"Point Loma Electric, Plumbing, Heating & Air","(619) 738-3101","electrician","4.9","1512","http://pointlomahomepros.com/","4990 Viewridge Ave Suite 100, San Diego, CA 92123, USA"
"Guthrie & Sons Heating, Air and Solar","(619) 257-2204","gas-engineer","4.9","1474","https://www.guthrieandsons.com/?utm_source=google&utm_medium=organic&utm_campaign=GMBListing-San-Diego-CA","8248 Ronson Rd, San Diego, CA 92111, USA"
"All American Plumbing Inc.","(858) 842-7876","plumber","5","1427","http://plumbing-sandiego.net/","14260 Garden Rd unit A601, Poway, CA 92064, USA"
"Core Plumbing","(858) 295-7746","plumber","4.8","1339","https://coreplumbingsd.com/?utm_campaign=gmb","7292 Opportunity Rd b, San Diego, CA 92111, USA"
"Bob Jenson","(619) 440-5634","gas-engineer","4.9","1314","https://bobjenson.com/?utm_source=gmb&utm_medium=organic","8159 Engineer Rd, San Diego, CA 92111, USA"
"Tc locksmith Inc","(760) 462-6212","locksmith","4.9","1236","https://tclocksmithsd.com/","6850 Mission Gorge Rd, San Diego, CA 92120, USA"
"ASAP Drain Guys & Plumbing","(760) 281-2008","plumber","4.8","1132","https://www.asapdrainandplumbing.com/","12150 Dearborn Pl, Poway, CA 92064, USA"
"Rooter Hero Plumbing & Air of San Diego","(619) 577-4417","plumber","4.8","1063","https://rooterhero.com/plumber-san-diego-ca-plumbing-repair-service","9920 Scripps Lake Dr, San Diego, CA 92131, USA"
"Courtesy Plumbing Inc.","(858) 567-0544","plumber","5","1028","https://courtesyplumbing.com/?utm_campaign=gmb&utm_medium=referral&utm_source=gmb","7950 Silverton Ave UNIT 113, San Diego, CA 92126, USA"
"Carini Home Services","(619) 332-5176","gas-engineer","4.8","967","https://www.carinihome.com/?utm_campaign=gmb&utm_medium=organic&utm_source=gmb","825 Washington St, San Diego, CA 92103, USA"
"Precision Temperature","(619) 588-5321","gas-engineer","4.9","878","https://www.precisiontemperature.net/","11974 Woodside Ave, Lakeside, CA 92040, USA"
"John Padilla Plumbing, Sewer and Drains","(858) 905-7074","plumber","4.8","839","https://www.jpplumbers.com/","4650 Santa Fe St, San Diego, CA 92109, USA"
"Plumbing Plus","(858) 260-3140","plumber","4.8","835","https://www.plumbingplus.net/","12585 Kirkham Ct Ste B, Poway, CA 92064, USA"
"Comfort Bros Heating Air Plumbing & Electrical","(619) 639-4050","gas-engineer","4.9","829","https://comfortbros.com/?utm_source=google&utm_medium=organic&utm_campaign=gbp","1597 N Johnson Ave, El Cajon, CA 92020, USA"
"The Key Crew Locksmith","(619) 209-3554","locksmith","4.8","820","https://thekeycrew.com/","3501 Adams Ave Suite B, San Diego, CA 92116, USA"
"One Hour Heating & Air Conditioning","(619) 736-2038","gas-engineer","4.9","793","https://onehoursd.com/","7310 Miramar Rd #380, San Diego, CA 92126, USA"
"Blue Diamond Heating and Air","(619) 350-2799","gas-engineer","5","783","https://www.bluediamond.tech/el-cajon-hvac-company/","405 Vernon Way, El Cajon, CA 92020, USA"
"Dana Logsdon Roofing & Solar","(619) 390-8177","roofer","4.9","754","https://www.roofon.com/","1483 Cuyamaca St, El Cajon, CA 92020, USA"
"Busy Bees Locks & Keys Locksmith","(619) 271-6364","locksmith","4.9","740","https://chulavistalocksmith.com/","386 E H St Suite 209, Chula Vista, CA 91910, USA"
"PERRY PLUMBING & PIPELINING","(619) 472-2112","plumber","4.9","731","https://perryplumbing.com/","1955 Cordell Ct Suite 104, El Cajon, CA 92020, USA"
"Noble Locksmith","(619) 304-6128","locksmith","4.9","725","https://noblelockandkey.com/","8734 Lake Murray Blvd, San Diego, CA 92119, USA"
"Airmaxx","(619) 639-1960","gas-engineer","4.9","680","http://airmaxx.com/?utm_campaign=gmb","1865 John Towers Ave # B, El Cajon, CA 92020, USA"
"Exodus Plumbing","(858) 354-8185","plumber","4.9","629","https://www.exodusplumbing.com/","3553 Clairemont Mesa Blvd, San Diego, CA 92117, USA"
"Friar's Plumbing Heating and AC Repair","(619) 317-1730","gas-engineer","4.9","625","https://www.friarsair.com/ac-repair-san-diego-ca/?utm_campaign=gmb","5555 Magnatron Blvd Ste G, San Diego, CA 92111, USA"
"Bill Howe Plumbing, Heating and Air Conditioning, Restoration and Flood Services","(858) 630-8393","plumber","4.9","548","https://www.billhowe.com/?utm_source=GMB&utm_medium=organic","14260 Garden Rd B-720, Poway, CA 92064, USA"
"Water Heaters Only, Inc","(619) 612-5298","gas-engineer","4.9","534","https://waterheaters-sandiego.com/?utm_source=gmb&utm_medium=Yext","8507 Ablette Rd, Santee, CA 92071, USA"
"Mr. Rooter Plumbing of San Diego County","(858) 278-7600","plumber","4.7","525","https://www.mrrooter.com/san-diego-county/","9424 Chesapeake Dr # 1304, San Diego, CA 92123, USA"
"SRP Electric Inc.","(858) 900-8535","electrician","5","504","https://www.srpelectricinc.com/","5980 Fairmount Ave #108, San Diego, CA 92120, USA"
"Unstoppable Handyman","(619) 815-7588","electrician","4.9","497","http://www.unstoppablehandyman.com/","2873 Citronella Ave, Lemon Grove, CA 91945, USA"
"SERVPRO of Sorrento Valley / University City","(858) 527-1144","plumber","4.9","495","https://www.servpro.com/locations/ca/servpro-of-sorrento-valley-university-city?utm_medium=organic&utm_source=gbp","9932 Mesa Rim Rd STE B, San Diego, CA 92121, USA"
"Key one locksmith","(619) 960-8463","locksmith","4.9","472","http://keyone-locksmith.com/","9111 Ewald Cir, Santee, CA 92071, USA"
"Ez Breezy Heating & Air","(858) 877-8788","gas-engineer","5","466","https://ezbreezyac.com/","5160 Mercury Point Unit B, San Diego, CA 92111, USA"
"CERRAJERÍA EXPRESS","664 400 9401","locksmith","4.7","465","https://cerrajeriaexpresstijuana.com/","Blvd. Gustavo Díaz Ordaz 4087, Fraccionamiento del Prado, 22105 Tijuana, B.C., Mexico"
"Powers Plumbing","(619) 295-2115","plumber","4.7","465","https://www.powersplumbingsd.com/","1705 W Lewis St, San Diego, CA 92103, USA"
"SOCAL LOCKSMITH La Jolla","(800) 397-1803","locksmith","5","447","http://www.socallocksmithlajolla.com/","2364 Torrey Pines Rd, San Diego, CA 92037, USA"
"A-Tech Appliance Repair","(858) 888-9927","gas-engineer","4.8","438","https://a-techrepair.com/","1114 Skylark Dr, La Jolla, CA 92037, USA"
"Premier Rooter & Plumbing","(619) 330-4969","plumber","4.9","432","https://www.premierrooterplumbing.com/","2500 Hoover Ave Ste E, National City, CA 91950, USA"
"Liberty Mechanical, Inc.","(619) 273-5182","gas-engineer","5","430","https://www.libertymechanicalsd.com/","1943 Friendship Dr STE E, El Cajon, CA 92020, USA"
"Rooter Solutions Plumbers","(619) 870-6000","plumber","4.9","403","https://www.rootersolutionssd.com/?utm_source=gbp&utm_medium=organic","9530 Chesapeake Dr Unit 501, San Diego, CA 92123, USA"
"Allegiance Heating & Air","(619) 449-2469","gas-engineer","4.9","399","https://www.allegianceheatingandairsd.com/contact-us/","8733 Magnolia Ave #204, Santee, CA 92071, USA"
"Pure Air San Diego","(619) 485-5042","gas-engineer","4.8","397","https://pureairsandiego.com/","9373 Activity Rd, San Diego, CA 92126, USA"
"Bright Power Electric","(858) 430-8001","electrician","4.9","396","https://www.brightpowerelectric.com/","9920 Pacific Heights Blvd UNIT 150, San Diego, CA 92121, USA"
"Action Air Conditioning & Heating","(858) 294-1362","gas-engineer","4.9","383","https://actionac.net/?utm_source=google&utm_medium=organic&utm_campaign=gbp_website","6339 Nancy Ridge Dr #102, San Diego, CA 92121, USA"
"1st Response Plumber, Water Damage Restoration, Leak Detection of San Diego","(858) 203-0930","plumber","4.3","373","https://1stresponseplumber.com/","301 W 28th St # L, National City, CA 91950, USA"
"E-Drains, Inc.","(844) 353-7246","plumber","4.7","371","https://edrains.com/?utm_source=ds_gbp_listing&utm_medium=organic+&utm_campaign=gbp_mainbutton","7353 El Cajon Blvd Suite 100, La Mesa, CA 91942, USA"
"American Plumbing Co | Plumber in San Diego","(619) 723-1114","plumber","4.9","360","https://plumbersandiegoonline.com/","422 21st St, San Diego, CA 92102, USA"
"JPM Heating & Air Inc.","(619) 647-0425","gas-engineer","5","355","https://www.jpmair.com/","1551 Cuyamaca St, El Cajon, CA 92020, USA"
"Roto-Rooter Plumbing & Water Cleanup of El Cajon","(619) 956-7960","plumber","4.7","353","https://www.rotorooter.com/elcajonca/?utm_source=Google&utm_medium=organic&utm_campaign=gmb&utm_content=website","1400 Hill St, El Cajon, CA 92020, USA"
"Onsite Locksmith","(619) 927-1645","locksmith","4.9","351","https://onsitelocksmithca.com/","1251 3rd Ave # 201, Chula Vista, CA 91911, USA"
"Stable Temp HVAC","(858) 766-5520","gas-engineer","4.9","344","http://stabletemphvac.com/","4901 Morena Blvd Ste 319, San Diego, CA 92117, USA"
"Collins Pacific Plumbing, Inc.","(858) 361-4140","plumber","4.9","331","http://collinspacific.com/","8840 Kenamar Dr #401, San Diego, CA 92121, USA"
"Mighty Dry San Diego","(858) 267-4192","plumber","4.9","331","http://sandiegowaterdamagesd.com/?utm_source=gmb&utm_medium=organic","10801 Vista Sorrento Pkwy, San Diego, CA 92121, USA"
"Hurn Mechanical Heating & Cooling","(619) 312-1924","gas-engineer","5","330","https://www.hurnmechanical.com/?utm_source=GMB&utm_medium=localsearch&utm_campaign=hurnmechanical","1568 Fayette St, El Cajon, CA 92020, USA"
"Busy Bees Locks & Keys Locksmith","(619) 733-0172","locksmith","4.9","328","http://www.busybeeslocksmith.com/","9113 Mission Gorge Rd suite a, Santee, CA 92071, USA"
"Air Plus Heating & Cooling","(858) 505-8711","gas-engineer","4.9","319","https://airplusmechanical.com/","9484 Chesapeake Dr Ste. 806, San Diego, CA 92123, USA"
"Drain Masters Plumbing Company","(619) 741-4366","plumber","4.9","304","https://www.drainmastersplumbingco.com/","8747 Ildica St, Spring Valley, CA 91977, USA"
"Sam's Locksmith San Diego","(619) 715-7621","locksmith","5","303","https://sandiegolocksmithsnearme.com/?utm_source=GBP&utm_medium=MainPage","9480 Mira Mesa Blvd Ste. B, San Diego, CA 92126, USA"
"Fraser Plumbing of San Diego","(619) 332-0275","plumber","4.8","301","https://fraserplumbinginc.com/","5482 Complex St STE 108, San Diego, CA 92123, USA"
"Sal & Son Electric","(858) 335-6179","electrician","5","300","https://salsonselectricinc.net/","10135 Diamond Head Ct, Spring Valley, CA 91977, USA"
"Quick Water Heater & Filtration Company","(858) 375-5641","plumber","5","298","https://quickwaterheater.com/?utm_campaign=gmb","4901 Morena Blvd #812, San Diego, CA 92117, USA"
"Lock Techs","(619) 737-2266","locksmith","4.6","296","","6580 El Cajon Blvd Ste c, San Diego, CA 92115, USA"
"DUP-A-KEY","(858) 750-2224","locksmith","4.7","296","https://www.dupakey.com/","1478 Garnet Ave, San Diego, CA 92109, USA"
"Remedy Rooter","(619) 579-7979","plumber","5","286","https://www.remedyrooter.com/?utm_source=google&utm_medium=organic&utm_campaign=gbp","208 Greenfield Dr suite k, El Cajon, CA 92020, USA"
"John Padilla Plumbing","(619) 648-5231","plumber","4.9","273","https://www.jpplumbers.com/areas-we-serve/la-mesa-ca","8101 La Mesa Blvd, La Mesa, CA 91942, USA"
"Get Rooter & Plumbing","(619) 706-9996","plumber","4.8","270","http://getrooternow.com/","2272 Madroncillo St, San Diego, CA 92114, USA"
"Lynn's Locksmith Service","(619) 447-7332","locksmith","4.9","263","http://lynnslocksmithservice.com/","1380 E Main St, El Cajon, CA 92021, USA"
"True Value Plumbing San Diego","(619) 348-5409","plumber","5","261","http://truevalueplumbingsandiego.com/","2500 Hoover Ave suite h, National City, CA 91950, USA"
"Almco Plumbing","(858) 544-6331","plumber","4.9","260","https://almcoplumbing.com/?utm_source=google&utm_medium=gmb&utm_campaign=Google_My_Business_Ronson_Ct","4838 Ronson Ct unit d, San Diego, CA 92111, USA"
"A STREET AUTO SERVICE","(619) 239-8600","gas-engineer","4.9","259","http://www.astreetautoservice.com/","1263 State St, San Diego, CA 92101, USA"
"BIG JOE APPLIANCE REPAIR SERVICE","(858) 227-7153","gas-engineer","4.9","258","https://www.bigjoerepair.com/?utm_campaign=GoogleMyBusiness","14443 Penasquitos Dr apt 5120, San Diego, CA 92129, USA"
"Pacific Heating & Air Conditioning","(619) 535-1128","gas-engineer","4.6","256","https://pacificcoolair.com/","406 S Johnson Ave, El Cajon, CA 92020, USA"
"NOVO Repairs Mobile Mechanic","(858) 868-1590","gas-engineer","4.6","255","https://novorepairs.com/en","10340 Camino Santa Fe Suite G, San Diego, CA 92121, USA"
"SD Locksmith 24/7","(619) 202-5070","locksmith","4.9","250","https://sglocksmith7.com/","10525 Sea Pearl Cv, San Diego, CA 92130, USA"
"Blue Collar HVAC","(619) 751-9695","gas-engineer","5","242","http://bluecollarhvac.co/","1550 Tarleton St, Spring Valley, CA 91977, USA"
"Air Pro Heating & Air","(619) 693-3661","gas-engineer","4.9","242","https://gotairpro.com/?utm_campaign=gmb","2434 Fenton St Ste 300, Chula Vista, CA 91914, USA"
"Progressive Heating & Air","(858) 463-6753","gas-engineer","4.8","240","https://www.progressiveairconditioning.com/?utm_source=google&utm_medium=organic&utm_campaign=gbp","4828 Ronson Ct, San Diego, CA 92111, USA"
"Team Rooter Plumbing of San Diego","(858) 252-3434","plumber","4.8","236","https://www.teamrooter.com/san-diego-plumbing","4888 Ronson Ct Unit A, San Diego, CA 92111, USA"
"A/C Mechanical Sol Inc","(866) 226-3909","gas-engineer","4.9","232","https://www.acandheating4you.com/","7955 Silverton Ave #1212, San Diego, CA 92126, USA"
"Ideal Plumbing Heating Air Electrical","(619) 320-5990","plumber","4.8","228","https://www.idealservice.com/?utm_source=google-gbp&utm_medium=organic&utm_campaign=*384*ideal-plumbing-san-diego","5161 Waring Rd, San Diego, CA 92120, USA"
"Keil Electric","(619) 815-4197","electrician","5","223","https://www.keilelectric.com/","8733 Magnolia Ave #105, Santee, CA 92071, USA"
"El Cheapo 24 Hour Mobile Locksmith & Road Services","(619) 366-6500","locksmith","4.8","217","https://www.sandiegolocksmith.com/","3026 Midway Dr Suite H, San Diego, CA 92110, USA"
"American Plumbing Group","(619) 534-7034","plumber","5","214","https://www.americanplumbinggroup.com/","4401 Twain Ave ste#1, San Diego, CA 92120, USA"
"Flite Mechanical","(619) 787-2384","gas-engineer","5","214","https://flitemechanical.com/","3781 El Canto Dr, Spring Valley, CA 91977, USA"
"SERVPRO of Chula Vista","(619) 482-1131","roofer","4.9","214","https://www.servpro.com/locations/ca/servpro-of-chula-vista?utm_medium=yext&utm_source=gmb","696 Marsat Ct ste b, Chula Vista, CA 91911, USA"
"Big City Air Conditioning, Heating, and Appliance Repair","(619) 492-2926","gas-engineer","4.5","214","https://bigcityhomeservice.com/?utm_campaign=gmb","13879 Via Lactea, San Diego, CA 92129, USA"
"Plumbing Tree","(619) 815-8704","plumber","4.8","208","https://www.plumbingtreesd.com/","2640 Financial Ct Suite E, San Diego, CA 92117, USA"
"San Diego Zoom Drain","(619) 649-6621","plumber","4.9","208","https://www.zoomdrain.com/san-diego/","1465 Morena Blvd Floor One, San Diego, CA 92110, USA"
"All Aloha Plumbing San Diego","(619) 841-1683","plumber","4.9","207","https://www.callallaloha.com/san-diego/?utm_source=google&utm_medium=gbp&utm_campaign=SanDiego","4848 Ronson Ct Unit B, San Diego, CA 92111, USA"
"Jackson & Foster Heating and Air Conditioning","(619) 667-4328","gas-engineer","4.9","205","https://jacksonfoster.com/?utm_source=google&utm_medium=organic&utm_campaign=gbp","7574 University Ave, La Mesa, CA 91942, USA"
"Discount Plumbing San Diego","(619) 329-8394","plumber","4.5","204","https://www.discountplumbingsandiego.com/?utm_campaign=gmb","2535 Camino Del Rio N, San Diego, CA 92108, USA"
"JG Water Heaters, Filtration and Plumbing","(858) 295-1005","plumber","5","204","https://jgwaterheaters.com/","7933 Silverton Ave Suite# 712, San Diego, CA 92126, USA"
"Smith & Sons Heating and Air Inc.","(619) 251-9285","gas-engineer","5","202","https://smithandsonsheatandair.com/","8859 Balboa Ave STE E, San Diego, CA 92123, USA"
"Hi-Tech Air Conditioning, Inc","(619) 440-2080","gas-engineer","4.9","201","http://www.hitechair.net/","11647 Riverside Dr UNIT 135, Lakeside, CA 92040, USA"
"SERVPRO of La Jolla","(858) 270-5234","roofer","4.9","201","https://www.servpro.com/locations/ca/servpro-of-la-jolla?utm_medium=organic&utm_source=gbp","10089 Willow Creek Rd #210, San Diego, CA 92131, USA"
"Certified Restoration","(619) 317-0439","roofer","4.9","200","https://certifiedrestorationinc.com/?utm_source=google&utm_medium=organic&utm_campaign=gmb","4124 Poplar St, San Diego, CA 92105, USA"
"ZED Electric","(619) 224-2748","electrician","4.9","199","https://www.zedelectric.com/","2158 Catalina Blvd, San Diego, CA 92107, USA"
"Maximum Comfort Heating and AC Repair","(619) 932-5205","gas-engineer","5","199","https://maxcomfortheatandair.com/ac-repair/?utm_source=google&utm_medium=organic&utm_campaign=gbp_el_cajon","206 Greenfield Dr B, El Cajon, CA 92020, USA"
"Airight Cooling, Heating & Plumbing Inc.","(858) 800-4160","plumber","4.9","196","https://www.airightservices.com/?utm_source=google&utm_medium=organic&utm_campaign=gbp","13771 Danielson St Unit B, Poway, CA 92064, USA"
"Carini Home Services","(619) 639-9173","gas-engineer","4.8","194","https://www.carinihome.com/service-areas/el-cajon-ca/?utm_campaign=gmb&utm_medium=organic&utm_source=gmb","1308 Magnolia Ave H, El Cajon, CA 92020, USA"
"HomePro Plumbing and Drains","(858) 251-7070","plumber","5","193","https://homeproplumbingsd.com/","8910 Activity Rd Suite C, San Diego, CA 92126, USA"
"All Brands Air Conditioning & Heating Repair","(619) 240-0833","gas-engineer","4.9","193","http://allbrandsairconditioning.com/","951 St Claire Dr, Chula Vista, CA 91913, USA"
"Point Loma Electric, Plumbing, Drains, and Water Heaters","(619) 273-5970","plumber","4.9","191","https://pointlomahomepros.com/","4438 Ingraham St #113, San Diego, CA 92109, USA"
"Morey Plumbing, Heating, & Cooling, Inc.","(858) 505-4500","plumber","5","191","https://www.moreyphc.com/","7895 Convoy Ct SUITE 13, San Diego, CA 92111, USA"
"Amaze Service Electrical Air and Heating","(760) 314-4204","electrician","5","187","https://fusesd.com/","9880 Saskatchewan Ave, San Diego, CA 92129, USA"
"7 Day Locksmith San Diego","(858) 522-9722","locksmith","4.5","183","https://7daylocksmith.com/","4343 Nobel Dr, San Diego, CA 92122, USA"
"Voyager Plumbing","(619) 202-1421","plumber","5","181","https://www.voyagerplumbing.com/el-cajon/","1050 Pioneer Way # P, El Cajon, CA 92020, USA"
"All Aire Heating & Cooling","(619) 730-8566","gas-engineer","5","180","http://allaireone.com/","1854 Marielle Pl, Chula Vista, CA 91913, USA"
"SC Electric Inc","(619) 750-4789","electrician","5","178","http://scelectric-ca.com/","3190 Reservoir Dr, Jamul, CA 91935, USA"
"Colepepper Plumbing","(619) 505-0125","plumber","4.8","174","https://www.colepepperplumbing.com/our-services/plumbing/?utm_source=google&utm_medium=local&utm_campaign=gbp_san_diego_state_st","2534 State St #445, San Diego, CA 92101, USA"
"Xpress Restoration Inc. : Fire & Water Damage Restoration","(619) 633-2841","roofer","4.9","171","https://xpress-restoration.com/?utm_campaign=gmb","1547 Jayken Way suite b, Chula Vista, CA 91911, USA"
"Service Pro Electrical Inc.","(619) 707-3008","electrician","4.9","168","http://serviceproelectrical.com/","2358 University Ave #2082, San Diego, CA 92104, USA"
"Straight Shooter Heating & Cooling","(619) 639-4295","gas-engineer","4.9","167","https://www.straightshooter.ac/?utm_campaign=gmb","7953 Mission Gorge Rd, Santee, CA 92071, USA"
"Orange Restoration San Diego","(619) 376-6838","roofer","4.8","160","https://orange-restoration.com/","7554 Trade St #B, San Diego, CA 92121, USA"
"Solid Plumbing & Drains Inc","(619) 597-2566","plumber","4.9","157","https://solidplumbingdrains.com/san-diego-county/chula-vista/","2240 Main St #4, Chula Vista, CA 91911, USA"
"A-1 Plumbing Sewer & Drain Experts","(619) 588-8500","plumber","4.9","156","","910 E Chase Ave, El Cajon, CA 92020, USA"
"Friar's Plumbing Heating and AC Repair","(619) 317-1303","gas-engineer","5","155","https://www.friarsair.com/el-cajon-plumbers/?utm_campaign=gmb","270 E Douglas Ave, El Cajon, CA 92020, USA"
"Ability Plumbing Service Repair and Pipelining","(619) 631-7065","plumber","4.9","153","https://www.abilityplumbingsd.com/","1948 N Marshall Ave Suite 109, El Cajon, CA 92020, USA"
"Plumbing Services INC.","(619) 393-6469","plumber","4.8","152","https://www.plumbing-servicesinc.com/?utm_source=google&utm_medium=wix_google_business_profile&utm_campaign=8959473041999776885","320 Coogan Way, El Cajon, CA 92020, USA"
"Comfort Air Conditioning & Heating","(858) 519-8003","gas-engineer","5","152","https://www.comfortacandheating.com/?utm_source=google&utm_medium=organic&utm_campaign=gbp","7318 Conestoga Ct, San Diego, CA 92120, USA"
"Chula Vista Appliance Repair Center","(619) 880-5508","gas-engineer","5","152","https://chula-vista-appliances-repair.com/","884 Eastlake Pkwy #1629-n, Chula Vista, CA 91914, USA"
"Wheel Depot","(619) 427-2004","gas-engineer","4.4","147","https://wheeldepotchulavista.com/","1743 Broadway, Chula Vista, CA 91911, USA"
"Blue Planet Drains & Plumbing Inc.","(619) 863-9593","plumber","4.5","146","http://www.plumbersinsandiego.com/","2252 Main St #12, Chula Vista, CA 91911, USA"
"SERVPRO of San Diego City SW","(619) 269-5004","roofer","4.8","145","https://www.servpro.com/locations/ca/servpro-of-san-diego-city-sw?utm_medium=organic&utm_source=gbp","550 W B St 4th Floor, San Diego, CA 92101, USA"
"SpeedMates Home Services","(619) 625-3040","gas-engineer","4.9","145","https://speedmates.com/locations/california/el-cajon-appliance-repair/","535 Chambers St B, El Cajon, CA 92020, USA"
"Primo Plumbing","(619) 691-6829","plumber","5","143","https://primo4plumbing.com/","528 Welton St, Chula Vista, CA 91911, USA"
"Hamel's Air Conditioning & Heating Inc","(619) 456-1488","gas-engineer","4.9","143","http://comfortbros.com/","9890 Shadow Rd, La Mesa, CA 91941, USA"
"Aairco Air Conditioning & Heating","(619) 697-6077","gas-engineer","4.8","142","http://www.aaircosandiego.com/","La Mesa, CA 91942, USA"
"Coastal Rooter - Plumber Chula Vista","(760) 893-9152","plumber","5","141","https://coastalrooterca.com/","865 Fairway Ct, Chula Vista, CA 91911, USA"
"DR HOUSE INC","(858) 703-7536","plumber","5","139","https://drhousecontractors.com/","2130 Desert Bluffs Ct, Chula Vista, CA 91915, USA"
"All Time Plumbing Inc","(619) 432-6602","plumber","4.9","138","https://alltimeplumbingsd.com/","9640 Mission Gorge Rd 314 B, Santee, CA 92071, USA"
"Big City Air Conditioning, Heating, and Appliance Repair","(619) 367-9079","gas-engineer","4.3","137","https://bigcityhomeservice.com/?utm_campaign=gmb","3113 Market St # A, San Diego, CA 92102, USA"
"PuroClean of Clairemont","(858) 869-1313","roofer","5","135","https://www.puroclean.com/sandiego-ca-puroclean-clairemont","5555 Magnatron Blvd, San Diego, CA 92111, USA"
"Emergency Plumbing Services","(858) 360-1748","plumber","4.9","132","https://www.epshelp.com/","13670 Danielson St Suite C, Poway, CA 92064, USA"
"GR Pro Electric","(858) 392-5578","electrician","5","131","https://grproelectric.com/","524 W Calle Primera suite 1006 48, San Ysidro, CA 92173, USA"
"FlyLock","(858) 877-9330","locksmith","4.9","131","https://flylock.com/locations/san-diego/?utm_source=Google&utm_medium=Listing&utm_campaign=SAN-DIEGO","12320 Stowe Dr suite j, Poway, CA 92064, USA"
"G&G Indoor Services","(858) 391-6707","gas-engineer","5","130","https://www.ggindoorairservices.com/","9484 Black Mountain Rd Suite C, San Diego, CA 92126, USA"
"SERVPRO of San Diego East","(619) 280-2377","roofer","4.9","129","https://www.servpro.com/locations/ca/servpro-of-san-diego-east?utm_medium=organic&utm_source=gbp","6344 Riverdale St, San Diego, CA 92120, USA"
"TNT Locksmith","(619) 486-0279","locksmith","4.9","128","https://tnt-locksmith.com/","12227 Woodside Ave, Lakeside, CA 92040, USA"
"ACS/ American Comfort Services | Heating & Air Conditioning","(619) 501-2636","gas-engineer","4.9","126","https://www.acsheatandair.com/","1648 Magnolia Ave Ste #109, El Cajon, CA 92020, USA"
"Bay Plaza Keys","(619) 336-1311","locksmith","4.7","124","https://bayplazakeys.com/","1430 E Plaza Blvd K 6, National City, CA 91950, USA"
"Mega Rooter Plumbing","(619) 938-4531","plumber","4","122","http://www.megarooterplumbing.com/","1021 E Washington Ave, El Cajon, CA 92020, USA"
"AQ Electric INC","(619) 729-8414","electrician","5","121","https://aqelectrical.com/","3013 Juniper St, San Diego, CA 92104, USA"
"SOS Anytime Restoration","(619) 489-6866","roofer","4.8","119","https://sosanytime.com/","2513 Folex Way, Spring Valley, CA 91978, USA"
"Risk Free Serv Water Damage Repair San Diego","(858) 209-7338","roofer","5","119","https://riskfreeserv.com/","7710 Balboa Ave #219E, San Diego, CA 92111, USA"
"Clear Vision Plumbing","(619) 808-4496","plumber","4.9","118","https://clearvisionplumbing.com/","2020 Hancock St, San Diego, CA 92110, USA"
"Wehrly Electric","(619) 870-7376","electrician","5","116","https://www.wehrlyelectric.com/","5663 Balboa Ave, San Diego, CA 92111, USA"
"SERVPRO of San Diego Bay SW/Coronado","(619) 435-0365","roofer","5","114","https://www.servpro.com/locations/ca/servpro-of-san-diego-bay-sw-coronado?utm_medium=organic&utm_source=gbp","2043 Main St, San Diego, CA 92113, USA"
"Affordable Drain and Pipeline Services, LLC","(858) 689-4000","plumber","4.4","113","http://www.affordabledrain.com/","12530 Stowe Dr Suite B, Poway, CA 92064, USA"
"Ace Appliance Repair & Service","(858) 412-3000","gas-engineer","4.8","110","https://ace-appliancerepair.com/","888 Prospect St Ste 287, La Jolla, CA 92037, USA"
"Grah Safe & Lock","(619) 234-4829","locksmith","4.7","110","https://grahsecurity.com/","939 University Ave, San Diego, CA 92103, USA"
"Roto-Rooter Plumbing & Water Cleanup of San Diego","(619) 837-2088","plumber","4.5","110","https://www.rotorooter.com/sandiego/?utm_source=Google&utm_medium=organic&utm_campaign=gmb&utm_content=website","10509 San Diego Mission Rd Ste U, San Diego, CA 92108, USA"
"Surf Bros HVAC","(619) 848-3133","gas-engineer","5","109","https://www.surfbroshvac.com/","2710 Adams Ave, San Diego, CA 92116, USA"
"Ascend Plumbing","(858) 800-1141","plumber","4.9","108","https://ascendplumbing.com/","4817 Coronado Ave, San Diego, CA 92107, USA"
"Prime Air Solutions","(619) 655-3355","gas-engineer","4.9","107","http://yourprimeservice.com/","11040 Bryce Way, San Diego, CA 92129, USA"
"Massella Electric","(619) 909-9473","electrician","4.8","104","http://www.massellaelectric.com/","246 Pardee St, San Diego, CA 92102, USA"
"Fast Affordable Restoration","(619) 343-3958","gas-engineer","4.9","104","https://fastaffordablerestoration.com/","845 15th St Suite 325, San Diego, CA 92101, USA"
"SpeedMates Home Services","(619) 314-5585","gas-engineer","4.7","104","https://speedmates.com/locations/california/san-diego-appliance-repair/","3453 Ocean View Blvd, San Diego, CA 92113, USA"
"Steele Plumbing","(619) 254-7285","plumber","5","103","http://steeleplumbing.com/","8920 Activity Rd Suite O, San Diego, CA 92126, USA"
"THA Heating Air & Plumbing Inc.","(858) 571-8865","gas-engineer","4.5","97","https://www.thaheatingandair.com/","3240 F St, San Diego, CA 92102, USA"
"Green Electric Solutions","(858) 221-4551","electrician","4.5","97","https://www.greenelectricsolution.com/","4858 Mercury St # 202, San Diego, CA 92111, USA"
"Bob the Plumber of Chula Vista","(619) 990-7960","plumber","4.9","97","https://www.bobtheplumbersd.com/","2540 Main St E, Chula Vista, CA 91911, USA"
"KeyMe Locksmiths","(858) 242-4560","locksmith","4.2","97","https://key.me/kiosks/california/san-diego/north-park/make-keys-north-park-ca","4145 30th St, San Diego, CA 92104, USA"
"Fast Affordable Restoration","(619) 343-3958","roofer","4.9","96","https://fastaffordablerestoration.com/","10620 Treena St Suite 230, San Diego, CA 92131, USA"
"Express Plumbing Heating and Air, Inc.","(858) 693-4079","plumber","3.3","96","http://www.expressplumbinghvac.com/","10620 Treena St Suite 230, San Diego, CA 92131, USA"
"Go Plumbing and More","(619) 852-2507","plumber","5","95","http://goplumbingandmore.com/","790 Kostner Dr, San Diego, CA 92154, USA"
"HVAC San Diego King","(619) 202-8344","gas-engineer","5","94","https://topcoolingguys.com/","2040 Columbia St, San Diego, CA 92101, USA"
"Ram Jack Pacific","(619) 485-1374","roofer","4.8","91","https://www.ramjack.com/san-diego/","8115 Wing Ave, El Cajon, CA 92020, USA"
"Agape Plumbing Service","(619) 513-6149","plumber","4.9","89","https://agapeplumbingservice.com/","194 G St, Chula Vista, CA 91910, USA"
"SERVPRO of Centre City / Uptown","(619) 583-2133","roofer","5","89","https://www.servpro.com/locations/ca/servpro-of-centre-city-uptown?utm_medium=organic&utm_source=gbp","2667 Camino del Rio S Unit 301-13, San Diego, CA 92108, USA"
"Jack's Key Shop","(619) 423-3838","locksmith","4.7","89","https://www.jackskeyshopsd.com/","1221 Palm Ave, Imperial Beach, CA 91932, USA"
"SD Electric Technologies","(619) 721-1535","electrician","4.9","89","http://www.sdelectrictech.com/?utm_source=google&utm_medium=organic&utm_campaign=gbp","1548 Jayken Way Suite A, Chula Vista, CA 91911, USA"
"Emory Plumbing","(858) 483-6880","plumber","4.6","89","https://myemory.com/","1552 Grand Ave Ste B, San Diego, CA 92109, USA"
"SERVPRO of Mid-City San Diego","(619) 280-2398","roofer","5","89","https://www.servpro.com/locations/ca/servpro-of-mid-city-san-diego?utm_medium=organic&utm_source=gbp","3434 University Ave B, San Diego, CA 92104, USA"
"Eco Home Builders","(619) 919-1121","roofer","4.7","88","https://www.ecohomebuildersinc.com/","5560 Ruffin Rd Suite 4, San Diego, CA 92123, USA"
"Big City Appliance Repair","(619) 377-1485","gas-engineer","4.8","88","https://bigcityhomeservice.com/?utm_campaign=gmb","3534 Caminito El Rincon UNIT 41, San Diego, CA 92130, USA"
"City First Electric","(888) 823-5998","electrician","4.2","88","https://www.cityfirstelectric.com/","8880 Rio San Diego Dr suite 800-875, San Diego, CA 92108, USA"
"Fast Keys (The Keyless Shop)","(619) 838-6169","locksmith","4.4","88","https://keylessshop.org/pages/san-diego-ca/1000","8052 Clairemont Mesa Blvd, San Diego, CA 92111, USA"
"Pride Plumbing Inc.","(619) 713-5177","plumber","4.5","88","https://www.sdprideplumbing.com/","1357 Cuyamaca St, El Cajon, CA 92020, USA"
"Smart Dry Restoration","(858) 433-5100","roofer","5","88","https://smartdryrestoration.com/","8910 Activity Rd # A, San Diego, CA 92126, USA"
"Atlas HVAC, INC","(877) 452-8527","gas-engineer","4.7","85","https://atlascoolingandheating.com/","8525 Arjons Dr suite u, San Diego, CA 92126, USA"
"Hi-Tech Lock & Key","(619) 642-0179","locksmith","4.6","84","https://www.hitechlockandkey.com/","6535 Mission Gorge Rd, San Diego, CA 92120, USA"
"EVO AIR","(858) 605-8351","gas-engineer","5","83","http://www.evoairinc.com/","9245 Twin Trails Dr Suite #721232, San Diego, CA 92129, USA"
"Point Break Electric","(619) 454-0605","electrician","5","80","https://pointbreakelectricsd.com/","1020 Leland St, Spring Valley, CA 91977, USA"
"Paulson","(619) 752-3500","gas-engineer","4.9","79","https://paulsonac.com/?utm_campaign=gmb","4901 Morena Blvd #322, San Diego, CA 92117, USA"
"Ochoa Electric","(619) 575-5518","electrician","4.8","79","https://www.ochoaelectricsandiego.com/","mailing address, 757 Emory St #113, Imperial Beach, CA 91932, USA"
"Elite Heating & Air Conditioning Services","(619) 884-4108","gas-engineer","4.9","78","https://www.elitehvacsd.com/","8733 Magnolia Ave Suite 123, Santee, CA 92071, USA"
"United Plumbing and Water Heaters","(619) 404-0080","plumber","4.8","78","https://plumbing-united.com/sandiego/?utm_source=gmb&utm_medium=sandiego","2003 Bayview Heights Dr SPC 40, San Diego, CA 92105, USA"
"Sunset Cliffs Plumbing","(619) 369-0705","plumber","4.9","77","https://www.sunsetcliffsplumbing.com/?utm_campaign=gmb&utm_medium=organic&utm_source=gbplisting","4694 Voltaire St, San Diego, CA 92107, USA"
"SERVPRO of El Cajon","(619) 447-7776","roofer","4.9","76","https://www.servpro.com/locations/ca/servpro-of-el-cajon?utm_medium=organic&utm_source=gbp","445 Vernon Way, El Cajon, CA 92020, USA"
"Castle Comfort HVAC","(800) 484-4323","gas-engineer","5","76","http://castlecomfort.com/","8880 Rio San Diego Dr # 800, San Diego, CA 92108, USA"
"CastleWorks Water Heaters","(619) 353-0133","plumber","4.9","76","https://castleworks.com/san-diego/?utm_source=GBP&utm_medium=organic","8545 Arjons Dr suite m, San Diego, CA 92126, USA"
"Anson Electric","(619) 920-5129","electrician","4.7","75","http://ansonelectricsd.com/","11518 Fuerte Farms Rd, El Cajon, CA 92020, USA"
"Jamar Power Systems","(619) 448-7770","gas-engineer","4.9","74","https://jamarpower.com/?utm_source=Google%20My%20Business&utm_medium=organic&utm_content=GMB","9830 Prospect Ave Ste D, Santee, CA 92071, USA"
"CUTTING EDGE RESTORATION, INC of SAN DIEGO","(619) 344-0060","roofer","4.7","74","http://www.cuttingedgerestorationinc.com/","2222 Verus St STE D, San Diego, CA 92154, USA"
"Green Locksmith","(619) 298-7911","locksmith","3.4","72","http://lockandkey-sandiegolocksmith.com/","2667 Camino del Rio S #203-1, San Diego, CA 92108, USA"
"John Ciampoli Plumbing","(619) 439-7153","plumber","4.9","71","https://www.ciampoliplumbing.com/","2739 Via Orange Way STE 105, Spring Valley, CA 91978, USA"
"KeyMe Locksmiths","(858) 295-3116","locksmith","4.4","71","https://key.me/kiosks/california/san-diego/la-jolla-colony/make-keys-la-jolla-colony-ca","7788 Regents Rd, San Diego, CA 92122, USA"
"KeyMe Locksmiths","(858) 943-6420","locksmith","3.8","70","https://key.me/kiosks/california/san-diego/san-diego/locksmith-key-copy-san-diego-vons-92126-california","8310 Mira Mesa Blvd, San Diego, CA 92126, USA"
"SERVPRO of Spring Valley/Jamul","(619) 304-6997","roofer","4.8","70","https://www.servpro.com/locations/ca/servpro-of-spring-valley-jamul?utm_campaign=gmb&utm_medium=organic&utm_source=gbp","8810 Jamacha Blvd #315, Spring Valley, CA 91977, USA"
"Dry Out Medics | Water Damage Repair & Cleanup","(888) 379-6339","roofer","4.6","65","http://www.dryoutmedics.com/","7580 Trade St # A, San Diego, CA 92121, USA"
"SD Mold Inspection","(619) 489-7684","roofer","5","64","http://www.sdmoldinspection.com/","3911 Cleveland Ave Unit # 635104, San Diego, CA 92103, USA"
"Accord Air","(858) 208-8140","gas-engineer","4.9","64","https://accordair.com/","5050 Camino Pyrenees, San Diego, CA 92130, USA"
"Drain Rooter Plumbing","(619) 695-0459","drain-specialist","4.6","64","https://www.drainrooterplumbingsd.com/","3865 Helix St, Spring Valley, CA 91977, USA"
"Reliance Electric","(619) 859-3525","electrician","4.9","64","https://reliancelectric.com/","900 Calla Ave, Imperial Beach, CA 91932, USA"
"Best Value Glass Inc","(619) 449-2429","glazier","4.7","63","http://www.bvglass.com/","8956 Winter Gdns Blvd, Lakeside, CA 92040, USA"
"Elite Experts","(855) 253-0101","gas-engineer","4.9","63","https://eliteexperts.com/","10650 Scripps Ranch Blvd, San Diego, CA 92131, USA"
"Blue Diamond Heating and Air","(858) 544-1989","gas-engineer","5","63","http://bluediamond.tech/pacific-beach-hvac-company","1110 Tourmaline St, San Diego, CA 92109, USA"
"KeyMe Locksmiths","(619) 399-2960","locksmith","4","62","https://key.me/kiosks/california/chula-vista/chula-vista/make-cut-copy-keys-chula-vista-ca","720 Third Ave, Chula Vista, CA 91910, USA"
"7 Day Locksmith Workshop San Diego","(858) 522-9722","locksmith","4.7","62","https://7daylocksmith.com/","4410 Glacier Ave #104, San Diego, CA 92120, USA"
"HEYNOW Heating and Air Conditioning Inc.","(619) 844-1159","gas-engineer","5","62","https://heynowhvac.com/","10944 Easthaven Ct, Santee, CA 92071, USA"
"Blue Flame Heating & Air San Diego","(619) 944-2138","gas-engineer","5","61","https://blueflameairsandiego.com/","800 E Chase Ave, El Cajon, CA 92020, USA"
"5 Star Electric San Diego","(619) 432-6327","electrician","4.9","60","https://5star-electricians.com/san-diego","7732 Girard Ave #2215, La Jolla, CA 92037, USA"
"Glass and Screens","(619) 697-8585","glazier","4.6","60","https://www.glassandscreens.com/?utm_source=Google&utm_medium=organic&utm_campaign=GMB","7303 Broadway, Lemon Grove, CA 91945, USA"
"The Engraving Store","(619) 486-6883","locksmith","4.6","59","http://www.engravingstore.com/","1571 Magnolia Ave #206, El Cajon, CA 92020, USA"
"EZ Dry","(858) 524-3297","roofer","4.9","59","http://www.ezdryflooddamage.com/","4455 Murphy Canyon Rd suite 100-6, San Diego, CA 92123, USA"
"SERVPRO of Point Loma","(619) 275-2802","roofer","4.9","59","https://www.servpro.com/locations/ca/servpro-of-point-loma?utm_medium=organic&utm_source=gbp","3450 Kurtz St Suite C, San Diego, CA 92110, USA"
"Trust Mobile Mechanic","(619) 808-1892","gas-engineer","4.9","59","https://www.trust-mm.com/","9740 Campo Rd #1041, Spring Valley, CA 91977, USA"
"Air Star Heating","(858) 397-9088","gas-engineer","4.3","59","https://airstarheating.com/","1817 Morena Blvd unit h, San Diego, CA 92110, USA"
"Blue Volt Electric","(619) 614-8795","electrician","4.9","58","https://bluevoltelectric-sd.com/?utm_source=google&utm_medium=organic&utm_campaign=gmb","9655-200 Granite Ridge Dr, San Diego, CA 92123, USA"
"Arce Electric","(619) 750-9087","electrician","4.9","58","http://arceelectric.com/","8530 Gardena Rd, Lakeside, CA 92040, USA"
"Repipe & Water Heaters 4 Less Inc.","(858) 848-9215","plumber","5","58","http://repipe.expert/","10728 Sabre Hill Dr UNIT 237, San Diego, CA 92128, USA"
"DRYmedic Restoration Services of San Diego","(619) 378-1155","roofer","5","58","https://www.drymedic.com/locations/san-diego/?utm_source=Google&utm_medium=Organic&utm_campaign=LocalSEO","2539 Hoover Ave, National City, CA 91950, USA"
"XYG Plumbing Services","(619) 271-2916","plumber","4.5","58","https://xygservices.com/","7020 Alamitos Ave Suite C, San Diego, CA 92154, USA"
"Art's Radiators & Air Conditioning","(619) 667-7089","gas-engineer","4.6","58","","9010 Jamacha Rd, Spring Valley, CA 91977, USA"
"SERVPRO of Otay Mesa/San Ysidro","(619) 439-2407","roofer","5","58","https://www.servpro.com/locations/ca/servpro-of-otay-mesa-san-ysidro?utm_medium=organic&utm_source=gbp","3065 Beyer Blvd #B103, San Diego, CA 92154, USA"
"Dexcore","(619) 993-3417","roofer","4.5","57","http://www.dexcorerestore.com/","8228 Mercury Ct suite 120, San Diego, CA 92111, USA"
"A-Advanced Locksmiths","(858) 277-4358","locksmith","4.8","57","https://www.aadvancedlocksmiths.com/","8280 Clairemont Mesa Blvd Ste 135, San Diego, CA 92111, USA"
"HVAC Experts","(619) 800-0110","gas-engineer","5","57","https://hvacexpertssd.com/","4455 Murphy Canyon Rd Ste 8, San Diego, CA 92123, USA"
"By the Book Plumbing, Heating Air Conditioning","(619) 964-5366","plumber","4.9","55","https://www.facebook.com/bythebookplumbingshvac/","9528 Miramar Rd Suite #4, San Diego, CA 92126, USA"
"Lightning Electric","(619) 403-1793","electrician","5","55","http://lightningfastelectric.us/","6161 El Cajon Blvd b417, San Diego, CA 92115, USA"
"Quality Rooter & Plumbing","(619) 438-3267","plumber","4.9","55","https://www.sandiegoquality.com/","1015 Greenfield Dr #8, El Cajon, CA 92021, USA"
"KeyMe Locksmiths","(442) 267-3571","locksmith","4.6","55","https://key.me/kiosks/california/san-diego/mission-valley-east/key-copy-mission-valley-east-california","5680 Mission Center Rd, San Diego, CA 92108, USA"
"Team-Locksmith","(619) 303-3377","locksmith","4.6","55","https://teamlocksmithinc.com/","3691 Via Mercado #20, La Mesa, CA 91941, USA"
"Electricista Tijuana","664 367 7904","plumber","4.9","55","","Av. Miraflores 14, El Rubi, 22626 Tijuana, B.C., Mexico"
"Electricity King San Diego","(844) 914-1775","electrician","5","54","http://electricity-king.com/","4904 N Harbor Dr #09, San Diego, CA 92106, USA"
"Total Plumbing, Air & Electric | Residential and Commercial Plumbing","(858) 365-9424","plumber","4.8","54","http://www.totalserviceca.com/?utm_campaign=gmb","2739 Via Orange Way #115, Spring Valley, CA 91978, USA"
"Touchdown Plumbing & Drains Inc.","(619) 402-3002","plumber","4.5","54","https://www.tdpdrains.com/","2820 Via Orange Way P, Spring Valley, CA 91978, USA"
"Plumbing San Diego & Drain Cleaning Pros","(858) 392-8986","plumber","5","54","","2383 Cardinal Dr, San Diego, CA 92123, USA"
"Moriset Electrical","(619) 944-5439","electrician","5","54","https://electricalsandiego.net/","4030 Illinois St, San Diego, CA 92104, USA"
"Electrical Supplies Unlimited ""Fast Eddy's""","(858) 558-2850","electrician","4.8","53","http://sandiegoelectricalsupplies.com/","6767 Nancy Ridge Dr, San Diego, CA 92121, USA"
"Della-Mora Heating and Air Conditioning","(619) 739-6161","gas-engineer","5","53","https://www.della-morahvacca.com/","180 Mace St Suite C-17, Chula Vista, CA 91911, USA"
"Arrow Plumbing and Drain Services Inc.","(858) 207-4640","plumber","5","52","https://arrowplumbingservice.com/?utm_source=google&utm_medium=organic&utm_campaign=gbp&utm_content=website","4941 Pacific Hwy Bulding 1, San Diego, CA 92110, USA"
"Champion Drain and Jetting","(619) 916-6677","plumber","5","51","http://www.kodrains.com/","Lemon Grove Ave, Lemon Grove, CA 91945, USA"
"Daniel Radiators & Air Conditioning","(619) 287-9208","gas-engineer","4.5","51","","6205 University Ave, San Diego, CA 92115, USA"
"Alcatraz Locksmith","(619) 690-0000","locksmith","5","50","https://alcatrazlocksmith.com/","871 Harold Pl Suite #312, Chula Vista, CA 91914, USA"
"Clear Heating & Air, Inc.","(833) 442-5327","gas-engineer","5","50","http://clearheatingandair.com","1585 Cuyamaca St, El Cajon, CA 92020, USA"
"Electrician San Diego","(858) 926-6573","electrician","4.8","50","https://www.electrician-sandiego.com/","6690 Mira Mesa Blvd, San Diego, CA 92121, USA"
"Pros Plumbing San Diego Services","(858) 384-8078","plumber","5","50","http://proplumbingsandiegoservices.com/","925 B St Ste 201, San Diego, CA 92101, USA"
"Servitech - Aire Acondicionado en Tijuana","664 495 2729","gas-engineer","4","49","http://www.servicioscontables.com/","Zona Río, 22010 Tijuana, Baja California, Mexico"
"Pantaira Heating and Air","(619) 808-7300","gas-engineer","5","49","http://www.pantaira.com/","8001 Linen Dr, Santee, CA 92071, USA"
"Straight Shooter","(619) 257-6164","gas-engineer","4.3","48","https://www.bestsandiegohvac.com/university-city-ac-installation-repair","4660 La Jolla Village Dr Suite 101, San Diego, CA 92122, USA"
"AeroFlow El Cajon Plumber","(619) 983-0084","plumber","4.8","48","http://aeroflowelcajonplumber.com/","555 E Main St, El Cajon, CA 92020, USA"
"KeyMe Locksmiths","(858) 780-4494","locksmith","4.5","47","https://key.me/kiosks/california/san-diego/carmel-mountain-ranch-town-center/make-keys-carmel-mountain-ranch-town-center-ca","11875 Carmel Mountain Rd, San Diego, CA 92128, USA"
"Comfort City Mechanical, INC","(888) 542-6262","gas-engineer","4.9","47","http://www.comfortcitymechanicalinc.com/","10463 Austin Dr Suite H, Spring Valley, CA 91978, USA"
"San Diego Emergency Plumbing & Leak Detection","(866) 966-5325","plumber","4.7","47","https://www.sandiegoemergencyplumbing.com/","1192 N Johnson Ave, El Cajon, CA 92020, USA"
"We Fix Plumbing","(619) 936-7471","plumber","5","46","http://www.wefixplumbingsd.com/","119 Broadway Apt J, Chula Vista, CA 91910, USA"
"San Diego Plumbing Pros","(619) 759-5074","plumber","4.9","46","","7880 Airway Rd, San Diego, CA 92154, USA"
"Fuller's Plumbing , Inc.","(619) 427-0220","plumber","4.4","46","https://fullersplumbing.com/","1063 3rd Ave, Chula Vista, CA 91911, USA"
"Straight Shooter Heating & Cooling","(619) 848-5353","gas-engineer","4.8","45","https://www.bestsandiegohvac.com/la-mesa-ac-installation-repair","4730 Palm Ave Suite 207B, La Mesa, CA 91941, USA"
"Water Damage Restoration San Diego","(858) 384-8680","roofer","4.8","45","","3982 Marine Vw Ave, San Diego, CA 92113, USA"
"Ace Rooter Plumbing and Drain Services","(619) 392-7536","plumber","5","45","http://www.acerooterplumbing.com/","150 E St, Chula Vista, CA 91910, USA"
"RDZ Plumbing and Drains","(619) 760-2899","plumber","4.6","45","https://www.rdzplumbing.com/","4681 36th St, San Diego, CA 92116, USA"
"Coverall Plumbing","(619) 568-0703","plumber","5","45","http://www.coverallplumbingsd.com/","616 Oaklawn Ave, Chula Vista, CA 91910, USA"
"SERVPRO of Santee/Lakeside","(619) 258-7200","roofer","4.9","44","https://www.servpro.com/locations/ca/servpro-of-santee-lakeside?utm_medium=organic&utm_source=gbp","10870 Hartley Rd Suite B, Santee, CA 92071, USA"
"Vazproz Electric","(619) 951-8337","electrician","5","44","http://www.vazprozelectric.com/","2794 Logan Ave, San Diego, CA 92113, USA"
"Just For You Plumbing and Heating","(619) 374-0306","plumber","5","44","https://justforyouplumbers.com/imperial-beach-ca/","600 Palm Ave # 121, Imperial Beach, CA 91932, USA"
"Proluxe Mechanical","(858) 333-5133","gas-engineer","4.9","44","https://proluxemechanical.com/","11180 Brooke Dr, San Diego, CA 92126, USA"
"San Diego Plumbing & Drainage Clean","(858) 384-8221","plumber","5","43","","4901 Morena Blvd #110, San Diego, CA 92117, USA"
"Coastal Rooter - San Diego Plumber","(619) 213-2397","plumber","5","43","http://coastalrooterca.com/","5694 Mission Center Rd #248, San Diego, CA 92108, USA"
"San Diego Heating & Air Conditioning","(858) 384-8699","gas-engineer","4.7","43","","3878 40th St, San Diego, CA 92105, USA"
"The Pro's Plumbing & Drains","(858) 294-3745","plumber","4.9","43","https://www.theprosplumbing.com/","167 G St, Chula Vista, CA 91910, USA"
"Rob's Electrical Services","(619) 632-7770","electrician","4.3","43","","7818 Mission Vista Dr, San Diego, CA 92124, USA"
"KeyMe Locksmiths","(858) 346-7958","locksmith","4.4","43","https://key.me/kiosks/california/san-diego/sabre-springs/key-copy-sabre-springs-california","10675 Scripps Poway Pkwy, San Diego, CA 92131, USA"
"Master Plumbing and Leak Detection","(858) 271-0880","plumber","4.1","42","https://www.findmyleak.com/","8726 Production Ave, San Diego, CA 92121, USA"
"KeyMe Locksmiths","(858) 281-2322","locksmith","4.7","42","https://key.me/kiosks/california/la-jolla/la-jolla/make-keys-la-jolla-ca","7544 Girard Ave, La Jolla, CA 92037, USA"
"Dependable Plumbing","(858) 486-5111","plumber","4.5","42","http://www.dependableplumbingco.com/","12120 Tech Center Dr Suite A, Poway, CA 92064, USA"
"Hot Fix Plumbing San Diego","(619) 815-8789","plumber","5","42","","654 Hollister St, San Diego, CA 92154, USA"
"Eli's Heating & Air","(619) 792-2290","gas-engineer","5","41","https://elisheatingair.com/","2731 Via Orange Way UNIT 104, Spring Valley, CA 91978, USA"
"Gold Coast Flood Restorations","(619) 449-9611","roofer","5","41","https://goldcoastflood.com/","10965 Hartley Rd, Santee, CA 92071, USA"
"Gimme a key","(619) 343-8473","locksmith","4.5","41","","3302 1/2 University Ave, San Diego, CA 92104, USA"
"JL Martinez Plumbing Inc.","(619) 750-4257","plumber","5","41","https://www.jlmartinezplumbing.com/","2731 Via Orange Way Ste 102, Spring Valley, CA 91978, USA"
"XM Plumbing","(858) 321-0303","plumber","4.6","41","https://www.xmplumbing.com/?utm_source=google&utm_medium=business_profile&utm_campaign=website","959 Gillespie Dr, Spring Valley, CA 91977, USA"
"ATI Restoration","(858) 365-9339","roofer","4.1","41","https://atirestoration.com/regional-offices/san-diego-ca/?utm_source=GBP&utm_medium=organic&utm_campaign=san_diego","8444 Miralani Dr, San Diego, CA 92126, USA"
"Easy Flow Sewer & Drain","(619) 478-4228","plumber","4.8","41","https://trenchlessrehab.com/","6910 Mission Gorge Rd, San Diego, CA 92120, USA"
"Expo Locksmith San Diego","(619) 430-4862","locksmith","3.6","41","http://www.expolocksmithsdca.com/","1414 haron dj, 1414 Heron Ave, El Cajon, CA 92020, USA"
"Hassle Free Plumbing","(858) 223-1000","plumber","5","40","https://www.hasslefreeplumbing.com/","910 Camino Del Mar Unit B, Del Mar, CA 92014, USA"
"Eco Grease Pumping Services","(619) 609-0937","plumber","4.9","40","http://www.ecogreasepumping.com/","4079 Governor Dr #262, San Diego, CA 92122, USA"
"Fabulous Homes Heating & Air","(619) 889-5834","gas-engineer","5","40","https://www.fabuloushomesheatingandair.com/","7290 Mohawk St Lot A, San Diego, CA 92115, USA"
"Clarketon Restoration","(858) 625-0003","roofer","5","40","https://www.clarketon.com/water-damage-restoration-san-diego/","7626 Miramar Rd # 3600, San Diego, CA 92126, USA"
"Restoration Rx","(619) 928-3779","roofer","5","40","http://www.restorationrxsd.com/","10031 Prospect Ave, Santee, CA 92071, USA"
"Discount Plumbing SD","(619) 530-7777","plumber","5","40","http://www.discountplumbingsandiego.com/","718 Grand Ave, Spring Valley, CA 91977, USA"
"Reitz Heating & Air, Inc.","(619) 733-6156","gas-engineer","5","40","http://reitzhvac.com/","5590 Rab St, La Mesa, CA 91942, USA"
"KeyMe Locksmiths","(858) 213-0117","locksmith","4.1","40","https://key.me/kiosks/california/san-diego/pacific-beach-marketplace/make-keys-pacific-beach-marketplace-ca","4315 Mission Blvd, San Diego, CA 92109, USA"
"KeyMe Locksmiths","(858) 943-0951","locksmith","4.4","40","https://key.me/kiosks/california/san-diego/san-diego/make-keys-san-diego-ca","3455 Del Mar Heights Rd, San Diego, CA 92130, USA"
"Straight Shooter Heating & Cooling","(619) 604-9096","gas-engineer","4.8","39","https://www.bestsandiegohvac.com/north-park-ac-installation-repair","3919 30th St Suite E1, San Diego, CA 92104, USA"
"Craftsman Electric, LLC","(858) 210-5032","electrician","4.9","39","https://www.craftsmanelect.com/","13446 Poway Rd, Poway, CA 92064, USA"
"Heating & Air Conditioning","(619) 367-5803","gas-engineer","4.8","39","","9365 Mission Gorge Rd, Santee, CA 92071, USA"
"Luminous Quality Electric Inc.","(619) 616-7228","electrician","5","38","https://www.luminousqualityelectric.com/","9920 Pacific Heights Blvd, San Diego, CA 92121, USA"
"A & B Air Conditioning & Heating","(619) 596-0653","gas-engineer","4.9","38","https://www.aandbairconditioning.com/","1295 El Rey Ave, El Cajon, CA 92021, USA"
"Cano Electric","(619) 203-0685","electrician","5","37","http://www.cano-electric.com/","820 Humphrey Pl, Chula Vista, CA 91911, USA"
"Airmakers Heating and Air Conditioning","(858) 530-1822","gas-engineer","4.6","37","","8577 Flanders Dr, San Diego, CA 92126, USA"
"EZ Plumbing USA - Emergency Plumbing & Leak Detection San Diego","(619) 737-1916","plumber","4.7","36","https://www.ezplumbingusa.com/?utm_source=google&utm_campaign=gmb","10320 Camino Santa Fe STE E, San Diego, CA 92121, USA"
"BENOIST Drains & Plumbing Inc.","(619) 356-5980","plumber","4.9","36","http://www.benoistplumbing.com/","2742 Adrian St, San Diego, CA 92110, USA"
"KeyMe Locksmiths","(619) 304-3379","locksmith","4.8","36","https://key.me/kiosks/california/san-diego/hillcrest/key-copy-hillcrest-california","1020 University Ave, San Diego, CA 92103, USA"
"Interwest Electric","(619) 604-9120","electrician","4.9","35","http://www.interwestelectric.com/","5837 Mission Gorge Rd STE #D, San Diego, CA 92120, USA"
"KeyMe Locksmiths","(858) 242-4725","locksmith","3.8","35","https://key.me/kiosks/california/san-diego/kearny-mesa/make-keys-kearny-mesa-ca","4995 Shawline St, San Diego, CA 92111, USA"
"HVAC Pilot Air Conditioning & Heating Services","(858) 264-2677","gas-engineer","5","35","https://hvacpilot.com/?utm_source=googlebusinessprofile&utm_medium=organic&utm_campaign=Google+Business+Profile","1539 Santa Sierra Dr, Chula Vista, CA 91913, USA"
"Smart Appliance Repair Services","(858) 321-4182","gas-engineer","5","35","https://appliancerepairhappy.com/","416 W San Ysidro Blvd, San Ysidro, CA 92173, USA"
"VLN Water Heaters","(858) 699-3185","drain-specialist","5","35","http://vlnwaterheaters.com/","10343 Azuaga St, San Diego, CA 92129, USA"
"KeyMe Locksmiths","(619) 304-4084","locksmith","3.8","34","https://key.me/kiosks/california/san-diego/mira-mesa/make-cut-keys-mira-mesa-ca","8955 Mira Mesa Blvd, San Diego, CA 92126, USA"
"EveryDay Locksmith - San Diego CA","(619) 505-3405","locksmith","4.5","34","https://www.locksmith-everyday.com/san-diego/","1111 Sixth Ave, San Diego, CA 92101, USA"
"A.O. Reed & Co.","(858) 565-4131","gas-engineer","4.2","34","https://aoreed.com/","4777 Ruffner St, San Diego, CA 92111, USA"
"SERVPRO of Mission Valley East","(619) 303-3599","roofer","5","32","https://www.servpro.com/locations/ca/servpro-of-mission-valley-east?utm_medium=organic&utm_source=gbp","8525 Gibbs Dr Suite 304-A, San Diego, CA 92123, USA"
"JE Hydro Jetting Services Drain Cleaning and Camera Inspection","(619) 316-4617","drain-specialist","5","32","","1322 W San Ysidro Blvd UNIT D, San Ysidro, CA 92173, USA"
"Gforce Green Electric Solutions","(858) 480-6559","electrician","4.6","32","https://www.gforceelectric.com/","2920 McGraw St, San Diego, CA 92117, USA"
"Straight Shooter Heating & Cooling","(619) 304-2863","gas-engineer","5","32","https://www.bestsandiegohvac.com/mission-hills-ac-installation-repair","930 W Washington St Suite 157, San Diego, CA 92103, USA"
"Fire & Ice Heating and Air Conditioning, Inc.","(619) 561-8100","gas-engineer","4.5","32","http://fireandicehvac.com/","12318 Parkside St, Lakeside, CA 92040, USA"
"Damman’s Plumbing","(619) 504-3745","plumber","5","32","http://dammansplumbing.com/","3611 Via Picante, La Mesa, CA 91941, USA"
"HPS Plumbing Services","(858) 537-5110","plumber","4.9","32","https://www.hpsmechanicalsd.com/?utm_source=GMB&utm_medium=organic&utm_campaign=sandiego","9260 Trade Pl #101, San Diego, CA 92126, USA"
"Accurate Security Pros, Inc.","(858) 271-1155","locksmith","4.6","32","https://www.accuratesecuritypros.com/","9919 Hibert St suite d, San Diego, CA 92131, USA"
"Helix Electric","(858) 535-0505","electrician","4.3","31","https://www.helixelectric.com/","6795 Flanders Dr, San Diego, CA 92121, USA"
"Straight Shooter","(619) 658-6759","gas-engineer","4.8","31","https://www.bestsandiegohvac.com/kearny-mesa-ac-installation-repair","7710 Balboa Ave Suite A31, San Diego, CA 92111, USA"
"KeyMe Locksmiths","(619) 554-0304","locksmith","4.5","31","https://key.me/kiosks/california/san-diego/san-diego/locksmith-key-copy-san-diego-vons-92123-california","3550 Murphy Canyon Rd, San Diego, CA 92123, USA"
"A-Tex Plumbing","(619) 549-3522","plumber","5","31","","4840 Del Monte Ave, San Diego, CA 92107, USA"
"KeyMe Locksmiths","(619) 591-8608","locksmith","4.7","31","https://key.me/kiosks/california/san-diego/midway-district/cut-keys-midway-district-ca","3645 Midway Dr, San Diego, CA 92110, USA"
"Air Conditioning and Heating San Diego","(858) 384-8690","gas-engineer","4.9","30","","2903 Farragut Rd, San Diego, CA 92106, USA"
"PROPER HVAC INC","(619) 775-2742","gas-engineer","5","30","http://properhvacsd.com/","839 1st Ave, Chula Vista, CA 91911, USA"
"San Diego Flood Restoration","(619) 265-7337","roofer","4.9","30","https://www.sandiegofloodrestoration.com/","340 Millar Ave, El Cajon, CA 92020, USA"
"Sewer Contractor 911","(619) 377-1591","plumber","4.5","30","https://www.sewercontractor911.com/","6067 Federal Blvd, San Diego, CA 92114, USA"
"Zap Plomeros en tijuana Zona Rio/Centro","664 197 8225","plumber","4.4","30","http://zap-plomerosentijuana.site/","Av Constitución 1235, Zona Centro, 22000 Tijuana, B.C., Mexico"
"Air Conditioning Contractors of San Diego","(858) 384-8690","gas-engineer","5","30","","6260 Riverdale St, San Diego, CA 92120, USA"
"Angel Plumbing - Water Heater Expert-Tankless-Installation, Replacement","(858) 230-2441","plumber","4.7","30","http://angelplumbing.us/","9887 Caminito Cuadro, San Diego, CA 92129, USA"
"CM JETTING SERVICES Drain Cleaning and Camera Inspection","(619) 410-1802","plumber","4.7","30","","821 Kuhn Dr #100-B, Chula Vista, CA 91914, USA"
"Green Planet Restoration San Diego","(442) 255-8825","roofer","4.9","30","https://greenplanetrestoration.com/san-diego/","3111 Camino Del Rio N #400, San Diego, CA 92108, USA"
"California Mechanical HVAC","(619) 824-3548","gas-engineer","4.9","30","http://californiamech.com/","1055 Tierra Del Rey STE H, Chula Vista, CA 91910, USA"
"California Electric Supply","(619) 427-2370","electrician","4.5","29","https://cescv.portalced.com/","1011 Bay Blvd, Chula Vista, CA 91911, USA"
"Straightline Plumbing","(619) 268-1698","plumber","4.8","29","http://www.straightlinesd.com/","101 N Glover Ave ste a, Chula Vista, CA 91910, USA"
"Heating & Cooling Aid","(619) 704-6698","gas-engineer","5","29","http://heatingandcoolingaid.com/?utm_source=gmb&utm_medium=referral","830 Edgerton Way, National City, CA 91950, USA"
"Mark Snyder Electric","(858) 748-4612","electrician","4.2","29","http://www.marksnyderelectric.com/","12900 Brookprinter Pl, Poway, CA 92064, USA"
"RMR plumbing inc / Rmr plumbing services & drain","(760) 450-5794","plumber","4.7","29","http://rmrplumbinginc.com/","7616 Miramar Rd # 5300, San Diego, CA 92126, USA"
"TLC Plumbing Inc.","(877) 852-7562","plumber","4.6","29","http://tlcplumbinginc.com/?utm_source=yext&utm_medium=directories&utm_campaign=local_search","9920 Prospect Ave STE 110, Santee, CA 92071, USA"
"Minute Key","(442) 256-1781","locksmith","4","29","https://www.minutekey.com/key-services/california/san-diego/locksmith-key-copy-duplication-575-saturn-blvd/1424/","575 Saturn Blvd, San Diego, CA 92154, USA"
"ABS Restoration Services","(858) 883-2493","roofer","4.8","29","","13670 Danielson St g, Poway, CA 92064, USA"
"Noble Locksmith","(619) 304-0306","locksmith","5","29","https://noblelockandkey.com/","8148 Ronson Rd Suite A, San Diego, CA 92111, USA"
"American Mail","(619) 291-3421","locksmith","4.4","29","http://www.americanmailsandiego.com/","3802 Rosecrans St, San Diego, CA 92110, USA"
"Drain Patrol","(858) 560-1137","drain-specialist","3.6","29","https://www.drainpatrolplumbing.com/","9060 Activity Rd Suite E, San Diego, CA 92126, USA"
"BP Plumbing","(619) 333-1723","plumber","4.9","28","https://bpplumbingsd.com/","10174 Austin Dr Ste. # 2906, Spring Valley, CA 91978, USA"
"Xpress Drains & Plumbing","(619) 815-1097","plumber","5","28","http://www.xpressdp.com/","212 Garrett Ave B, Chula Vista, CA 91910, USA"
"Rankin Plumbing & Repair","(619) 752-9653","plumber","5","28","https://rankinplumbingfix.com/","4045 Bonita Rd suite 243, Bonita, CA 91902, USA"
"R-A-D Foundation Repair","(619) 698-4621","roofer","4.3","28","http://www.radconstructioninc.com/","3479 Citrus St, Lemon Grove, CA 91945, USA"
"CarePlus Plumbing & Drains","(858) 762-2070","plumber","5","28","http://www.careplusplumbing.com/","13363 Whitewater Dr, Poway, CA 92064, USA"
"Commercial Lock & Safe","(858) 566-6065","locksmith","5","28","http://www.commerciallockandsafe.com/","7094 Miramar Rd Ste 118, San Diego, CA 92121, USA"
"Lefty’s Plumbing I Emergency Drain Cleaning Services San Diego","(619) 717-4152","plumber","5","28","http://www.leftysplumbingservice.com/","3094 National Ave Ste D, San Diego, CA 92113, USA"
"The Right Choice HVAC","(855) 597-2399","gas-engineer","3.9","27","https://trchvacla.com/","1493 Cuyamaca St, El Cajon, CA 92020, USA"
"Greater San Diego Air Conditioning Inc","(619) 469-7818","gas-engineer","3.8","27","https://www.gsdac.com/","3883 Ruffin Rd, San Diego, CA 92123, USA"
"Honey Do Done","(619) 900-8411","electrician","5","27","","53 Center St, Chula Vista, CA 91910, USA"
"KeyMe Locksmiths","(760) 621-6204","locksmith","4.4","27","https://key.me/kiosks/california/chula-vista/e-palomar-st/copy-keys-e-palomar-st-ca","659 E Palomar St, Chula Vista, CA 91911, USA"
"American Ace Plumbing Heating And Air Conditioning","(858) 733-1271","plumber","4.8","27","http://myaceplumber.com/","13228 Carolee Ave, San Diego, CA 92129, USA"
"Allied Refrigeration Inc","(858) 654-2500","gas-engineer","4.8","26","http://www.allied-refrig.com/","7865 Ostrow St, San Diego, CA 92111, USA"
"Urgent Mold Removal San Diego","(619) 789-1977","roofer","5","26","https://urgentmoldremoval.com/san-diego/","2347 Kettner Blvd, San Diego, CA 92101, USA"
"G Brothers Plumbing, Inc","(619) 366-3301","plumber","4.9","26","https://www.gbrothersplumbinginc.com/","100 Orange Dr, Chula Vista, CA 91911, USA"
"KeyMe Locksmiths","(619) 374-8668","locksmith","3.7","25","https://key.me/kiosks/california/san-diego/san-diego/locksmith-key-copy-san-diego-ralphs-92101-california","101 G St, San Diego, CA 92101, USA"
"California Heating & Air Conditioning","(858) 215-6151","gas-engineer","4.5","25","https://hvaccontractorspoway.com/","13425 Montego Dr, Poway, CA 92064, USA"
"KeyMe Locksmiths","(619) 485-6801","locksmith","4.4","25","https://key.me/kiosks/california/el-cajon/el-cajon/locksmith-key-copy-el-cajon-food-4-less-92021-california","444 Broadway, El Cajon, CA 92021, USA"
"Patriot Air- Air Conditioning & Heating","(858) 888-0483","gas-engineer","4.8","25","http://patriotairsd.com/","859 Felspar St, San Diego, CA 92109, USA"
"Transition Towing LLC","(858) 315-2523","locksmith","4.8","25","http://www.transitiontowingllc.com/","1679 Beta Ct Unit B, San Diego, CA 92126, USA"
"Victor Lee Plumbing","(619) 462-2669","plumber","5","24","https://www.vicleeplumbing.com/","10044 Norte Mesa Dr, Spring Valley, CA 91977, USA"
"Fox Plumbing - The Wise Choice For Your Home","(619) 286-6325","plumber","4.7","24","https://foxplumbing.com/","5575 Magnatron Blvd, San Diego, CA 92111, USA"
"CITY PLUMBER","(619) 742-2704","plumber","4.8","24","http://www.sandiegocityplumber.com/","1001 Garnet Ave Suite 200, San Diego, CA 92109, USA"
"KeyMe Locksmiths","(619) 458-3877","locksmith","4","24","https://key.me/kiosks/california/san-diego/roseville-fleet-ridge/key-copy-roseville-fleet-ridge-california","1666 Rosecrans St, San Diego, CA 92106, USA"
"KeyMe Locksmiths","(619) 374-8462","locksmith","4.1","24","https://key.me/kiosks/california/san-diego/san-diego/locksmith-key-copy-san-diego-smart-final-92104-california","2235 University Ave, San Diego, CA 92104, USA"
"Olympia Services","(619) 651-8111","drain-specialist","4.1","24","http://olympiaservices.net/","1354 Broadway, El Cajon, CA 92021, USA"
"Emergency Air Conditioning Experts","(562) 512-4447","gas-engineer","5","23","https://emergency-air-conditioning-experts.ueniweb.com/?utm_campaign=gmb","2042 Market St, San Diego, CA 92102, USA"
"Service Rite Electric","(619) 934-7113","electrician","4.7","23","http://serviceriteelectric.com/?utm_source=Organic&utm_medium=GMB&utm_campaign=Chula-Vista","591 Telegraph Canyon Rd #456, Chula Vista, CA 91910, USA"
"KeyMe Locksmiths","(619) 473-7129","locksmith","4.4","23","https://key.me/kiosks/california/san-diego/san-diego/make-cut-copy-keys-san-diego-ca","2495 Truxtun Rd, San Diego, CA 92106, USA"
"Sunset Plumbing And Drains","(619) 496-6557","plumber","5","23","https://sunsetplumbinganddrains.com/","4514 Leon St, San Diego, CA 92107, USA"
"Plumbing & Drain Solutions of Spring Valley","(619) 304-0144","plumber","5","23","https://plumberspringvalley.com/","9056 Valencia St, Spring Valley, CA 91977, USA"
"Aireforce Heating & Air Inc.","(619) 448-2470","gas-engineer","4.8","23","http://aireforceac.com/","9316 Abraham Way, Santee, CA 92071, USA"
"Carter Electric Inc","(858) 278-7878","electrician","4","23","http://www.carterelectric.net/","8983 Complex Dr, San Diego, CA 92123, USA"
"San Diego Damage Restoration Pros","(619) 618-0111","roofer","5","23","https://www.sandiegodamagerestorationpros.com/","4901 Morena Blvd Suite 2100, San Diego, CA 92117, USA"
"WeDo HVAC","(858) 250-9778","gas-engineer","4.1","23","http://www.wedohvacus.com/","13543 Zinnia Hills Pl, San Diego, CA 92130, USA"
"Powers Plumbing","(619) 295-2115","plumber","4.3","23","https://www.powersplumbingsd.com/","12636 High Bluff Dr Suite 400 50, San Diego, CA 92130, USA"
"Metrius Electrical Services","(619) 337-2606","electrician","4.8","23","http://www.metriuselectrical.com/","3774 Grove St Ste. H3, Lemon Grove, CA 91945, USA"
"White Horse Electric Inc","(858) 951-5105","electrician","5","22","https://www.whitehorseelectricinc.com/","2220 Otay Lakes Rd, Chula Vista, CA 91915, USA"
"Singularity Glazing, Inc","(833) 244-5277","glazier","5","22","http://singularityglazing.com/","8534 Commerce Ave, San Diego, CA 92121, USA"
"Downtown San Diego Plumber, Drain Cleaning, Water Heater Services","(619) 473-4088","plumber","5","22","https://sandiegoplumber.biz/","185 F St #100U, San Diego, CA 92101, USA"
"KeyMe Locksmiths","(619) 439-1766","locksmith","4.4","22","https://key.me/kiosks/california/chula-vista/chula-vista/key-copy-chula-vista-vons-91915-california","2250 Otay Lakes Rd, Chula Vista, CA 91915, USA"
"Camino Air Conditioning Inc","(858) 486-1136","gas-engineer","4.7","22","https://www.caminoair.com/","13135 Claire Dr, Poway, CA 92064, USA"
"Tatum Plumbing Co","(619) 752-9420","plumber","5","22","https://tatumplumbinglakeside.com/","12415 Woodside Ave suite 263, Lakeside, CA 92040, USA"
"Daniels Plumbing & Son","(619) 820-1241","plumber","5","22","https://danielsplumbingcompany.com/","9235 Trade Pl D, San Diego, CA 92126, USA"
"KeyMe Locksmiths","(442) 777-6185","locksmith","4.5","22","https://key.me/kiosks/california/san-diego/san-diego/locksmith-key-copy-san-diego-pavilions-92130-california","3850 Valley Centre Dr, San Diego, CA 92130, USA"
"Quick fix plumber San Diego","(619) 356-5660","plumber","5","21","https://quickfixplumbersandiego.com/","2359 Roll Dr, San Diego, CA 92154, USA"
"Universal Air Conditioning","(619) 202-3517","gas-engineer","4.8","21","","982 Potrero Ct, Chula Vista, CA 91911, USA"
"24/7 Plumbing Solutions San Diego","(858) 221-4922","plumber","4.8","21","","4364 Poplar St, San Diego, CA 92105, USA"
"Solid Plumbing & Drains Inc","(619) 597-2566","drain-specialist","5","21","https://solidplumbingdrains.com/san-diego-county/el-cajon/","1130 Broadway, El Cajon, CA 92021, USA"
"SDAC Plumbing","(619) 666-1133","plumber","5","20","https://www.sdacplumbing.com/","12523 Glen Oak Rd, Poway, CA 92064, USA"
"La Jolla Lock and Safe","(858) 459-1225","locksmith","4.5","20","https://lajollalock.com/","5111 Santa Fe St # K, San Diego, CA 92109, USA"
"Mark's Heating & Air","(619) 204-7059","gas-engineer","5","20","https://marksheatingandair.com/","1284 El Rey Ave, El Cajon, CA 92021, USA"
"Advanced Electrical Innovations, Inc.","(619) 272-2570","electrician","5","20","https://www.adv-electrical.net/","680 Fletcher Pkwy, El Cajon, CA 92020, USA"
"Alef Plumbing","(858) 208-3393","plumber","4.8","20","https://alefplumbing.com/","7919 Silverton Ave #419, San Diego, CA 92126, USA"
"Duct Dynasty Heating & Air","(858) 349-3571","gas-engineer","5","20","https://ductdynastysd.com/?utm_source=google&utm_medium=organic&utm_campaign=gbp&utm_term=san_diego","4401 Twain Ave #6, San Diego, CA 92120, USA"
"ACE Pro Heating and Air","(912) 319-7437","gas-engineer","4","20","","3257 Casa Bonita Dr, Bonita, CA 91902, USA"
"Rarefied Air Environmental, Inc","(619) 485-0076","roofer","4.7","20","https://rarefiedairenvironmental.com/","3658 Ruffin Rd Suite F, San Diego, CA 92123, USA"
"City Electric Supply Chula Vista","(619) 423-9004","electrician","5","20","https://www.cityelectricsupply.com/branches/ca/chula-vista/chula-vista","648 Marsat Ct Suite B, Chula Vista, CA 91911, USA"
"BPI Plumbing","(619) 429-9066","plumber","4","20","http://www.bpiplumbing.com/","1021 Bay Blvd suite s, Chula Vista, CA 91911, USA"
"Minute Key","(619) 798-1245","locksmith","4.9","19","https://www.minutekey.com/key-services/california/san-diego/locksmith-key-copy-duplication-4840-shawline-street/727/","4840 Shawline St, San Diego, CA 92111, USA"
"KeyMe Locksmiths","(619) 383-1092","locksmith","4.2","19","https://key.me/kiosks/california/lemon-grove/lemon-grove/key-copy-lemon-grove-california","7090 Broadway, Lemon Grove, CA 91945, USA"
"Hy-Lang Electric Calif Inc","(858) 549-8568","electrician","3.3","19","","7737 Formula Pl, San Diego, CA 92121, USA"
"San Diego Emergency Plumbing & Leak Detection","(866) 966-5325","plumber","4.8","19","https://www.sandiegoemergencyplumbing.com/chula-vista-plumbers/","750 Design Ct Unit 106/107, Chula Vista, CA 91911, USA"
"Able Plumbing & Drain Service","(619) 985-8204","plumber","4.9","19","https://san-diego-plumbing.com/","8431 Fireside Ave, San Diego, CA 92123, USA"
"DrainHelp","(619) 638-9664","plumber","4.7","19","","328 E Palomar St, Chula Vista, CA 91911, USA"
"Pedro Sewer Drain and Plumbing Service","(619) 993-4204","drain-specialist","4.8","19","","4640 Idaho St, San Diego, CA 92116, USA"
"Master AC & Heating","(619) 773-0457","gas-engineer","5","18","https://masterhvacsolutions.com/national-city-ca/","1615 E Plaza Blvd #215, National City, CA 91950, USA"
"Minute Key","(442) 256-1779","locksmith","4.5","18","https://www.minutekey.com/key-services/california/chula-vista/locksmith-key-copy-duplication-1150-broadway/26466/","1150 Broadway, Chula Vista, CA 91911, USA"
"Minute Key","(619) 798-1127","locksmith","4.2","18","https://www.minutekey.com/key-services/california/chula-vista/locksmith-key-copy-duplication-75-n-broadway/13553/","75 Broadway, Chula Vista, CA 91910, USA"
"Cerrajeria Perez","664 202 7137","locksmith","4.4","18","https://www.facebook.com/profile.php?id=100069541752786","C. Benito Juárez 2da 7125, Zona Centro, 22000 Tijuana, B.C., Mexico"
"All Lights Electrical Service","(951) 545-8822","electrician","5","18","https://alllightselectrical.com/","123 Main St #200, San Diego, CA 92111, USA"
"1 Day Mold Removal Testing Inspection","(877) 256-0879","roofer","5","18","http://1-daymoldremoval.com/","7074 Convoy Ct, San Diego, CA 92111, USA"
"Earl W Fite & Sons Plumbing Inc","(619) 466-5702","plumber","4.6","18","http://www.fiteplumbing.net/","8878 La Mesa Blvd, La Mesa, CA 91942, USA"
"Sun Plumbing","(619) 672-7882","plumber","4.3","18","http://sunplumbingsd.com/","1648 Magnolia Ave Suite 103, El Cajon, CA 92020, USA"
"Pacific Beach Electric","(858) 483-9201","electrician","5","17","","1252 Missouri St #2661, San Diego, CA 92109, USA"
"Almighty Services","(619) 670-0921","plumber","4.7","17","http://almightyservicesca.com/siding.html","3755 Avocado Blvd, La Mesa, CA 91941, USA"
"M & M - Chula Vista Plumbing","(619) 517-0279","plumber","4.9","17","https://mandmplumbingpro.com/","237 Palm Ave, Chula Vista, CA 91911, USA"
"Service Rite Electric","(619) 934-7113","electrician","4.5","17","http://serviceriteelectric.com/?utm_source=Organic&utm_medium=GMB&utm_campaign=San-Diego","5694 Mission Center Rd, San Diego, CA 92108, USA"
"Frank Electric Inc","(619) 730-9148","electrician","5","17","https://www.ethicalcommunity.org/frankelectric","36th St, San Diego, CA 92116, USA"
"San Diego HVAC & Airduct Cleaning","(619) 272-9793","gas-engineer","5","17","","4481-91 El Cajon Blvd, San Diego, CA 92115, USA"
"San Diego Plumbing Heating Air","(619) 596-2726","plumber","4.2","17","https://www.sandiegoplumbingheatingair.com/","8775 Railroad Ave, Santee, CA 92071, USA"
"On Point Heating & Air Conditioning","(619) 272-6055","gas-engineer","5","17","https://www.onpointheatingandair.com/","1209 N 2nd St #103, El Cajon, CA 92021, USA"
"RR Heating & Air Conditioning","(619) 324-5398","gas-engineer","5","16","https://santeeairconditioningrepair.com/","8733 Magnolia Ave #146, Santee, CA 92071, USA"
"Mr. Electric of La Jolla","(858) 222-8256","electrician","4.6","16","https://mrelectric.com/la-jolla?cid=LSTL_MRE000196&utm_source=gmb&utm_campaign=local&utm_medium=organic","6980 La Jolla Blvd Suite 206, La Jolla, CA 92037, USA"
"EZ Water Damage Restoration Services","(619) 513-7757","roofer","5","16","https://ezwaterdamage.com/","368 Anita St, Chula Vista, CA 91911, USA"
"Precision Air Inc.","(760) 203-6700","gas-engineer","5","16","https://www.precision-ac.com/?utm_source=google&utm_medium=organic&utm_campaign=gbp","12625 Danielson Ct #104, Poway, CA 92064, USA"
"KeyMe Locksmiths","(619) 766-5049","locksmith","4.8","16","https://key.me/kiosks/california/el-cajon/el-cajon/locksmith-key-copy-el-cajon-albertsons-92021-california","1608 Broadway, El Cajon, CA 92021, USA"
"KeyMe Locksmiths","(760) 291-8201","locksmith","4.3","15","https://key.me/kiosks/california/chula-vista/otay-lakes-rd/copy-keys-otay-lakes-rd-ca","780 Otay Lakes Rd, Chula Vista, CA 91910, USA"
"Low Rate Locksmith San Diego","(619) 573-4298","locksmith","4.3","15","http://www.lowratelocksmith.com/our-locations/san-diego-ca/","4820 Clairemont Mesa Blvd #18, San Diego, CA 92117, USA"
"Aquinas Inc.","(408) 413-2053","gas-engineer","4.9","15","https://www.aquinashvac.com/","5046 Ruffner St, San Diego, CA 92111, USA"
"Pro Plumber San Diego","(858) 299-1820","plumber","5","15","https://proplumbersandiego.com/","7554 Trade St suite c, San Diego, CA 92121, USA"
"Minute Key","(619) 798-1214","locksmith","3.8","15","https://www.minutekey.com/key-services/california/san-diego/locksmith-key-copy-duplication-2318-northside-drive/109/","2318 Northside Dr, San Diego, CA 92108, USA"
"Ava's Plumbing - Swiftly from Drip to Done","(619) 578-2753","plumber","5","15","https://avasplumbingsd.com/","4341 Twain Ave, San Diego, CA 92120, USA"
"Diamond Septic Services LP","(866) 592-2115","drain-specialist","3.9","15","http://diamondseptic.com/","9174 Rehco Rd B, San Diego, CA 92121, USA"
"Balboa Electric","(619) 928-9894","electrician","5","15","http://www.balboaelectric.com/","7567 El Cajon Blvd Unit 8, La Mesa, CA 91942, USA"
"KeyMe Locksmiths","(619) 333-7699","locksmith","4.3","15","https://key.me/kiosks/california/chula-vista/chula-vista/locksmith-key-copy-chula-vista-vons-91915-california","1745 Eastlake Pkwy, Chula Vista, CA 91915, USA"
"KeyMe Locksmiths","(619) 473-7320","locksmith","3.8","15","https://key.me/kiosks/california/san-diego/mission-valley-east/make-keys-mission-valley-east-ca","7730 Hazard Center Dr, San Diego, CA 92108, USA"
"A A Fast Keys","(858) 259-9351","locksmith","4.6","15","https://aafastkeys.com/","2693 Via De La Valle, Del Mar, CA 92014, USA"
"H G Electric","(858) 231-2758","electrician","5","15","https://gormish4.wixsite.com/hgelectric","11534 Windcrest Ln #329, San Diego, CA 92128, USA"
"Cerrajeria Buena Vista","664 727 5676","locksmith","5","14","","Santa Inés 290, Buena Vista, 22415 Tijuana, B.C., Mexico"
"Alpha Mechanical","(858) 278-3500","gas-engineer","3.8","14","http://www.alphamechanical.com/","1866 Friendship Dr, El Cajon, CA 92020, USA"
"Kensington Electric","(858) 967-2700","electrician","5","14","https://www.kensingtonelectricinc.com/","3930 Oregon St Ste 216, San Diego, CA 92104, USA"
"Esd electrical","(619) 381-6677","electrician","4.9","14","https://www.esdelectrician.com/","3544 Paseo Salamoner, La Mesa, CA 91941, USA"
"Day Knight Plumbing","(858) 377-6211","plumber","5","14","","14231 Garden Rd Ste. 133, Poway, CA 92064, USA"
"HVAC And Electrical Services","(619) 649-0670","electrician","5","14","","105 Kearney St, Chula Vista, CA 91910, USA"
"Homewerx","(858) 213-7136","plumber","4.7","14","https://homewerx.ai/","2293 Verus St, San Diego, CA 92154, USA"
"Jackson & Blanc","(858) 831-7900","gas-engineer","4.6","14","http://www.jacksonandblanc.com/","7929 Arjons Dr B, San Diego, CA 92126, USA"
"Kool-Air heating and cooling","(619) 802-8674","gas-engineer","4.4","14","","817 Eta St #504, National City, CA 91950, USA"
"Erling Rohde Plumbing","(858) 454-4258","plumber","5","14","https://www.erlingrohdeplumbing.com/","5666 La Jolla Blvd #122, La Jolla, CA 92037, USA"
"Expo Locksmith San Diego","(619) 430-4862","locksmith","4.7","14","http://www.expolocksmithsdc.com/","1045 Front St, San Diego, CA 92101, USA"
"Eco Flood & Mold Remediation","(619) 222-3056","roofer","4.5","14","https://www.ecofmr.com/","11525 Oak Creek Dr, Lakeside, CA 92040, USA"
"Workright Plumbing","(858) 751-6312","plumber","4.1","14","http://www.workrightplumbing.com/","7837 Convoy Ct suite 200, San Diego, CA 92111, USA"
"Puentes Electric","(619) 205-9341","electrician","5","14","https://puenteselectric.com/","341 Montcalm St, Chula Vista, CA 91911, USA"
"Jakobsen Plumbing","(747) 230-9132","plumber","5","13","","7220 Trade St Suite 210, San Diego, CA 92121, USA"
"Ameri-Mex Plumbing Incorporated","(619) 422-8996","gas-engineer","5","13","https://amerimexpl.com/","1038 Woodlawn Ave, Chula Vista, CA 91911, USA"
"Energy Electric SD Inc","(858) 344-2945","electrician","5","13","https://www.energyelectricsd.com/","9929 Hibert St F, San Diego, CA 92131, USA"
"Kali sticks plumbing","(619) 601-3351","plumber","5","13","","1960 Kearney Ave, San Diego, CA 92113, USA"
"Solid Plumbing & Drains Inc","(619) 597-2566","plumber","5","13","https://solidplumbingdrains.com/san-diego-county/san-diego/","1901 First Ave. Suite 217-H, San Diego, CA 92101, USA"
"TLC Plumbing","(619) 667-0234","plumber","4.6","13","http://www.tlcplumbinginc.com/","4569 Mission Gorge Pl, San Diego, CA 92120, USA"
"Smith Electrical Contractors, Inc.","(619) 758-9829","electrician","4.9","13","https://www.smithelectricsd.com/","206 Greenfield Dr G, El Cajon, CA 92020, USA"
"Competitive Plumbing & Drains, Inc.","(619) 312-2734","drain-specialist","4.4","13","http://competitivepd.com/","1177 Greenfield Dr, El Cajon, CA 92021, USA"
"Cerrajería Las Americas","664 404 6662","locksmith","4.1","13","https://cerrajeriastijuana.com/cerrajeria/cerrajeria-las-americas/","Blvd. de Las Americas 290, Col Buena Vista, Santa ines, 22415 Tijuana, B.C., Mexico"
"KeyMe Locksmiths","(619) 567-7456","locksmith","3.3","12","https://key.me/kiosks/california/national-city/national-city/locksmith-key-copy-national-city-smart-final-91950-california","1220 E Plaza Blvd, National City, CA 91950, USA"
"John Air Duct HVAC Cleaning","(619) 202-8842","gas-engineer","4.8","12","","6734 Solita Ave Ste 002, San Diego, CA 92115, USA"
"HX Refrigeration","(951) 288-7871","gas-engineer","5","12","http://www.hxrefrigeration.com/","606 S 1st St, El Cajon, CA 92019, USA"
"Minute Key","(619) 798-1220","locksmith","4.7","12","https://www.minutekey.com/key-services/california/santee/locksmith-key-copy-duplication-9416-mission-gorge-rd-/107/","9416 Mission Gorge Rd, Santee, CA 92071, USA"
"Drain Medic / RxPlumbing","(619) 298-3440","plumber","3.3","12","http://www.drainmedic.com/","7868 Lester Ave, Lemon Grove, CA 91945, USA"
"Eco Electric San Diego","(619) 288-3902","electrician","4.3","12","https://www.ecoelectricsandiego.com/","6992 Convoy Ct, San Diego, CA 92111, USA"
"Fix Plumbing & Drains","(619) 476-1974","plumber","4.7","12","http://www.fixplumbing.com/","180 Mace St Ste C-15, Chula Vista, CA 91911, USA"
"KeyMe Locksmiths","(619) 943-3724","locksmith","3.8","12","https://key.me/kiosks/california/san-diego/mira-mesa/copy-keys-mira-mesa-california","11205 Camino Ruiz, San Diego, CA 92126, USA"
"Urgencias de Plomería y Boilers Tijuana 24 Hrs","664 318 0399","gas-engineer","3.7","12","","Alejandro Rodríguez 8901-2, Valle del Rubi Secc Terrazas, 22637 Tijuana, B.C., Mexico"
"Emergency Plumbing and Drains","(619) 777-5370","plumber","5","12","https://drainsplumbing.com/","11479 Cypress Woods Dr, San Diego, CA 92131, USA"
"Prime Heating and Cooling","(844) 914-1738","gas-engineer","3.5","11","http://prime-heatingandcooling.com/","3852 Orange Ave, San Diego, CA 92105, USA"
"Roto-Rooter Plumbing & Water Cleanup of Chula Vista","(619) 902-4677","plumber","4.7","11","https://www.rotorooter.com/chulavistaca/?utm_source=Google&utm_medium=organic&utm_campaign=gmb&utm_content=website","311 F St Suite 210, Chula Vista, CA 91910, USA"
"John Air Duct Cleaning & HVAC Chula-Vista","(619) 848-6578","gas-engineer","4.9","11","http://dryer-ventcleaningsinfo.com/","1485 E H St, Chula Vista, CA 91910, USA"
"Wiring Innovations","(619) 246-9904","electrician","5","11","http://www.wiringinnovations.net/","9962 Prospect Ave, Santee, CA 92071, USA"
"Henkels & McCoy, Inc.","(858) 268-0400","gas-engineer","3.3","11","https://www.henkels.com/contact-us/locations","9246 Lightwave Ave #200, San Diego, CA 92123, USA"
"Premo Electric","(619) 908-1286","gas-engineer","5","11","https://www.premoelectric.com/outlet-installation-relocation/","1632 Presioca St, Spring Valley, CA 91977, USA"
"U S Heating and Cooling","(619) 660-6710","gas-engineer","4.6","11","https://www.usheatandcool.com/","2739 Via Orange Way UNIT 114, Spring Valley, CA 91978, USA"
"Minute Key","(442) 256-1731","locksmith","4.3","11","https://www.minutekey.com/key-services/california/chula-vista/locksmith-key-copy-duplication-1360-eastlake-pkwy/27155/","1360 Eastlake Pkwy, Chula Vista, CA 91915, USA"
"Fanté Construction","(619) 452-6399","drain-specialist","5","11","","3555 Chamoune Ave, San Diego, CA 92105, USA"
"Heating and Cooling San Diego","(858) 345-4147","gas-engineer","5","11","","2466 First Ave., San Diego, CA 92101, USA"
"Copper Electric, Inc.","(619) 562-5600","electrician","5","11","http://copperelectricinc.com/","10054 Prospect Ave # T, Santee, CA 92071, USA"
"Extreme Plumbing Chula Vista CA","(619) 735-9105","plumber","5","11","","230 Del Mar Ave, Chula Vista, CA 91910, USA"
"Gforce Green Electric Solutions Poway","(858) 375-9030","electrician","4.6","11","http://www.gforceelectric.com/electrician-north/poway/","13212 Aubrey St, Poway, CA 92064, USA"
"GBSD Plumbing, Inc.","(619) 501-4773","plumber","4.3","11","http://gbsdplumbing.com/","8183 Center Dr B, La Mesa, CA 91942, USA"
"AC Air Conditioning & Heating Contractor","(619) 326-6689","gas-engineer","5","11","","333 National City Blvd, National City, CA 91950, USA"
"Mighty Max Handyman","(619) 552-6107","electrician","3.9","11","https://mightymaxhandyman.com/","2747 Grove St, National City, CA 91950, USA"
"RE-STORE SERVICES San Diego","(619) 500-6088","plumber","5","11","https://restorationserv.com/?utm_source=gmb&utm_medium=organic&utm_campaign=silverton_ave","7919 Silverton Ave #419, San Diego, CA 92126, USA"
"HVAC Medic Inc","(619) 867-3760","gas-engineer","4.6","11","https://hvacmedic.net/","11220 N Woodside Ave, Santee, CA 92071, USA"
"San Diego HVAC & Airduct Cleaning","(619) 488-4504","gas-engineer","5","11","","6201 Progressive Ave, San Diego, CA 92154, USA"
"WestPro Plumbing","(888) 937-8776","plumber","4.4","11","https://www.westproplumbing.com/","incorrect : they moved 8 months ago! Its now CATALINA POOLS:, 712 E 18th St, National City, CA 91950, USA"
"Alpha San Diego Services","(877) 280-6552","plumber","4.8","11","","347 3rd Ave 2nd fl Ste 202F, Chula Vista, CA 91910, USA"
"EMS Restoration","(858) 737-5254","roofer","4.6","10","https://emsrestorations.com/","5345 Timken St STE C, La Mesa, CA 91942, USA"
"Best Plumbing and Drains of San Diego LLC","(619) 678-2444","plumber","5","10","https://plumbernormalheightssandiego.com/","3433 Adams Ave, San Diego, CA 92116, USA"
"Minute Key","(619) 798-1233","locksmith","4","10","https://www.minutekey.com/key-services/california/santee/locksmith-key-copy-duplication-170-town-center-parkway/13791/","170 Town Center Pkwy, Santee, CA 92071, USA"
"Minute Key","(619) 952-6443","locksmith","4.8","10","https://www.minutekey.com/key-services/california/la-mesa/locksmith-key-copy-duplication-5500-grossmont-center-dr/30855/","5500 Grossmont Center Dr, La Mesa, CA 91942, USA"
"One Hour Heating & Air Conditioning","(619) 736-2038","gas-engineer","5","10","https://onehoursd.com/","5177 Pacifica Dr, San Diego, CA 92109, USA"
"San Diego Leak Detection","(619) 987-1211","plumber","4.9","10","https://www.sdleakdetection.com/","2300 Chalcedony St, San Diego, CA 92109, USA"
"Tech Air Heating and Air Conditioning","(619) 541-8088","gas-engineer","4.6","10","http://www.techairsd.com/","3960 W Point Loma Blvd H159, San Diego, CA 92110, USA"
"Genesis Plumbing Inc.","(619) 395-3267","plumber","4.6","10","http://genesisplumbinginc.net/","927 Holly Ave, Imperial Beach, CA 91932, USA"
"SuperBest Water Damage & Flood Repair San Diego","(619) 693-1470","roofer","5","9","https://superbestwaterdamagefloodrepairsandiego.com/","12636 High Bluff Dr suite 400 office 52, San Diego, CA 92130, USA"
"San Diego Plumbing Rooter","(619) 775-1777","plumber","5","9","https://plumbersandiego.biz/","4025 Camino del Rio S UNIT 300, San Diego, CA 92108, USA"
"RG3 Plumbing","(619) 777-0828","plumber","5","9","https://rg3plumbing.com/","415 W 12th St, National City, CA 91950, USA"
"Best Plumbing Repair of San Diego LLC","(619) 547-0097","plumber","5","9","https://plumbergoldenhillsandiego.com/","2667 C St, San Diego, CA 92102, USA"
"Ozzy's Plumbing & Drains Services, Inc.","(619) 470-3431","plumber","4.7","9","http://www.ozzysplumbingsdinc.com/","337 W 35th St Suite P, National City, CA 91950, USA"
"El Cajon Plumbing","(858) 339-2018","plumber","4.1","9","","1265 Greenfield Dr G, El Cajon, CA 92021, USA"
"Richard Piselli Electric","(619) 977-0321","electrician","4.6","9","","355 Oxford St, Chula Vista, CA 91911, USA"
"Source One Electrical","(619) 328-6293","electrician","4.1","9","https://sourceoneelectrical.net/","1381 Cuyamaca St, El Cajon, CA 92020, USA"
"Chula Vista Electric Co","(619) 420-4500","electrician","4.4","9","http://www.c-v-e.com/","9344 Wheatlands Rd, Santee, CA 92071, USA"
"Lucky Air Inc - SD","(619) 343-2515","gas-engineer","4.1","9","https://luckyairinc.com/?utm_source=google&utm_medium=gbp&utm_campaign=SanDiego","2667 Camino del Rio S #103, San Diego, CA 92108, USA"
"Minute Key","(442) 256-1408","locksmith","4.8","9","https://www.minutekey.com/key-services/california/chula-vista/locksmith-key-copy-duplication-2225-otay-lakes-road/113/","2225 Otay Lakes Rd, Chula Vista, CA 91915, USA"
"HVAC NOW California","(619) 333-6356","gas-engineer","5","9","","550 W Date St unit 312, San Diego, CA 92101, USA"
"Honest Heating & Air Conditioning Repair and Installation","(858) 375-4950","gas-engineer","5","9","https://poway-airconditioning.com/","12366 Poway Rd STE B # 101, Poway, CA 92064, USA"
"IceWave Comfort","(619) 649-9700","gas-engineer","5","9","","5464 La Mesa Blvd, La Mesa, CA 91942, USA"
"Flex","(805) 521-3713","gas-engineer","5","9","https://hvachelp.info/california/sandiego","12554 Carmel Creek Rd Ste 96, San Diego, CA 92130, USA"
"BioAir Mechanical","(858) 348-9248","gas-engineer","4.3","9","https://bioairmechanical.com/","8580 Production Ave Suite A, San Diego, CA 92121, USA"
"New View Restoration Chula Vista","(888) 578-5777","roofer","4.6","9","https://sandiegofloodrestoration.pro/","170 Mace St #E9, Chula Vista, CA 91911, USA"
"Mission Electrical Service","(619) 838-1552","electrician","5","8","https://www.missionelectricalservice.com/","3556 Dwight St, San Diego, CA 92104, USA"
"San Diego Air Conditioning & Heating Repair","(858) 282-0779","gas-engineer","5","8","","13470 Highlands Pl, San Diego, CA 92130, USA"
"O & J Plumbing Services Inc.","(619) 920-8509","plumber","5","8","","555 Saturn Blvd b1121, San Diego, CA 92154, USA"
"Minute Key","(619) 798-1224","locksmith","4.4","8","https://www.minutekey.com/key-services/california/poway/locksmith-key-copy-duplication-13750-poway-rd/32729/","13750 Poway Rd, Poway, CA 92064, USA"
"Servicio Tj plumber","663 212 2556","plumber","4.5","8","https://www.facebook.com/profile.php?id=61577274514280","Callejón Serapio rendon 331-p.b, Libertad, 22400 Tijuana, B.C., Mexico"
"Mira Mesa Repair","(619) 762-3215","gas-engineer","4.9","8","http://mira-mesa-air-conditioning-repair.com/","8630 Hydra Ln, San Diego, CA 92126, USA"
"Carmel Valley Plumbing","(858) 350-5841","plumber","3.5","8","http://www.carmelvalleyplumbing.net/","13267 Kingsfield Ct, San Diego, CA 92130, USA"
"Precision Electric Company","(619) 390-2991","electrician","4.8","8","http://precisionelectricco.com/","8137 Winter Gdns Blvd Suite 1, Lakeside, CA 92040, USA"
"ChillWorks Experts","(858) 465-4475","gas-engineer","5","8","","6354 Rancho Mission Rd, San Diego, CA 92108, USA"
"Coddington Lock and Security","(619) 499-5571","locksmith","5","8","http://coddingtonlock.com/","1934 N Marshall Ave Suite 101, El Cajon, CA 92020, USA"
"Budget Electric","(619) 916-6028","electrician","5","7","http://budgetelectric.net/","10362 Lunar Ln, Santee, CA 92071, USA"
"On target Air Conditioning + Refrigeration Repairs","(619) 274-6909","gas-engineer","5","7","","1626 seetwater road Suite #G pmb #108, National City, CA 91950, USA"
"Qualified Electric","(760) 579-8241","electrician","5","7","","14420 Via Venezia Apt.1506, San Diego, CA 92129, USA"
"King's Electric","(619) 840-7875","electrician","5","7","http://www.kingselectricalservice.com/","3004 El Porvenir Way, San Diego, CA 92173, USA"
"Morrow-Meadows Corporation","(858) 974-3650","electrician","3.1","7","http://morrow-meadows.com/","13000 Kirkham Way, Poway, CA 92064, USA"
"Santee Electrical Repair - Electrician Service","(619) 480-1803","electrician","4.4","7","","9570 Cuyamaca St #223d, Santee, CA 92071, USA"
"San Diego Electrical Services","(619) 864-0909","electrician","5","7","http://www.sdesinc.com/","1636 Catalina Blvd, San Diego, CA 92107, USA"
"Non-Stop Electric","(858) 321-0953","electrician","5","7","","5057 Greencraig Way, San Diego, CA 92123, USA"
"Horton Electric","(619) 885-0388","electrician","5","7","http://www.hortonelectricsandiego.com/","1810 Chalcedony St, San Diego, CA 92109, USA"
"Green Electric Solutions La Jolla","(858) 257-0061","electrician","5","7","https://www.greenelectricsolution.com/electrician-la-jolla/","7825 Fay Ave Suite 200, La Jolla, CA 92037, USA"
"CleanAirvent Technologies","(619) 350-8543","gas-engineer","4.9","7","","3913 Centre St, San Diego, CA 92103, USA"
"Your Choice Cooling & Heating","(619) 375-4767","gas-engineer","5","6","https://yourchoiceacrepair.com/chula-vista-ca/","2300 Boswell Rd #330, Chula Vista, CA 91914, USA"
"KeyMe Locksmiths","(442) 233-6481","locksmith","4.2","6","https://key.me/kiosks/california/san-diego/san-diego/locksmith-key-copy-san-diego-vons-92129-california","7985 Highlands Village Pl, San Diego, CA 92129, USA"
"Cerrajeria kangoo","664 265 3212","locksmith","4.2","6","","Plaza constitución, Av Constitución 1489, Zona Centro, 22000 Tijuana, B.C., Mexico"
"W & S Electric Inc","(619) 447-8785","electrician","5","6","https://w-selectric.com/","1050 Pioneer Way # K, El Cajon, CA 92020, USA"
"Minute Key","(619) 798-1239","locksmith","4.8","6","https://www.minutekey.com/key-services/california/chula-vista/locksmith-key-copy-duplication-875-e-h-st/25366/","875 E H St, Chula Vista, CA 91910, USA"
"Bonnie & Clyde Emergency Lock And Key Service","(619) 421-9970","locksmith","5","6","","5931 Howell Dr UNIT 25, La Mesa, CA 91942, USA"
"Blues Electric","(619) 673-7757","electrician","5","6","http://www.blueselectricinc.com/","4313 Montalvo St, San Diego, CA 92107, USA"
"San Diego Plumbing Heating and Air Conditioning","(619) 880-4040","plumber","5","6","https://www.sandiegoplumbingheatingandair.com/","4135 Ingraham St, San Diego, CA 92109, USA"
"KeyMe Locksmiths","(619) 320-2895","locksmith","4.2","6","https://key.me/kiosks/california/san-diego/san-diego/locksmith-key-copy-san-diego-7-eleven-92116-california","4687 Ohio St, San Diego, CA 92116, USA"
"Britech Electric Inc","(619) 416-5249","electrician","5","6","https://britechelectric.com/","638 Emory St, Imperial Beach, CA 91932, USA"
"Mister Electric","(858) 382-5252","electrician","4.7","6","","9910 Scripps Vista Way, San Diego, CA 92131, USA"
"Peak Electric","(775) 790-3699","electrician","5","6","http://peakelectricnv.weebly.com/","13078 Caminito del Rocio, Del Mar, CA 92014, USA"
"Absolute Heating & Air Conditioning","(619) 476-6650","gas-engineer","3.7","6","","1733 Lawndale Rd, El Cajon, CA 92019, USA"
"First Priority Plumbing Service","(619) 792-3893","plumber","4.3","6","https://firstpriorityplumbingservice.com/","13257 Wanesta Dr San Diego, Poway, CA 92064, USA"
"California Pro Heating and Air Inc.","(619) 288-5700","gas-engineer","5","6","http://www.californiaproair.com/","4388 Texas St, San Diego, CA 92104, USA"
"East Coast Electric","(619) 997-1908","electrician","5","5","","10621 Palm Row Dr, Lakeside, CA 92040, USA"
"KeyMe Locksmiths","(619) 789-4639","locksmith","4.8","5","https://key.me/kiosks/california/san-diego/san-diego/locksmith-key-copy-san-diego-7-eleven-92111-california","6615 Linda Vista Rd, San Diego, CA 92111, USA"
"Socal Plumber Experts","(619) 704-0525","plumber","5","5","","3619 Christine St, San Diego, CA 92117, USA"
"Minute Key","(619) 873-8404","locksmith","3.4","5","https://www.minutekey.com/key-services/california/el-cajon/locksmith-key-copy-duplication-298-fletcher-pkwy/32478/","298 Fletcher Pkwy, El Cajon, CA 92020, USA"
"Classic Electric","(619) 449-8580","electrician","3.4","5","https://www.classicelectricsd.com/","8531 Ablette Rd, Santee, CA 92071, USA"
"Minute Key","(619) 922-4032","locksmith","3.6","5","https://www.minutekey.com/key-services/california/el-cajon/locksmith-key-copy-duplication-13487-camino-canada/13670/","13487 Camino Canada, El Cajon, CA 92021, USA"
"KeyMe Locksmiths","(442) 256-8828","locksmith","4.2","5","https://key.me/kiosks/california/del-mar/del-mar/locksmith-key-maker-del-mar-vons-92014-california","2606 Del Mar Heights Rd, Del Mar, CA 92014, USA"
"Brett Hinck Electrical Contracting. Inc.","(619) 825-5311","electrician","4.6","5","https://bretthinckelectrical.com/","9707 Lamar St, Spring Valley, CA 91977, USA"
"Super Services","(619) 923-2729","roofer","5","5","https://ezwaterdamagerestorationservices.monster/","68 Anita St space 75, Chula Vista, CA 91911, USA"
"Jc Plumbing & Heating","(619) 477-5001","plumber","1.8","5","","1508 Hoover Ave, National City, CA 91950, USA"
"HyperCool Comfort","(619) 329-9035","gas-engineer","5","5","","8827 Murray Dr, La Mesa, CA 91942, USA"
"Lobo Plumbing Services INC CA LIC #1109260","(858) 276-1346","plumber","5","5","https://loboplumbing.com/","2707 Ulric St, San Diego, CA 92111, USA"
"Easy Solutions HVAC Repair Inc.","(619) 485-6158","gas-engineer","5","5","https://cleanersservicesinwashingtondc.com/","14403 Penasquitos Dr apt 1303, San Diego, CA 92129, USA"
"San Diego Remediation Services","(619) 232-3600","roofer","5","5","http://sandiegowaterdamage.com/","7850 North Ave, Lemon Grove, CA 91945, USA"
"Arctic Air","(619) 933-4648","gas-engineer","5","5","https://www.arcticairsandiego.com/","12315 Oak Knoll Rd suite #200, Poway, CA 92064, USA"
"Preferred Plumbing","(858) 573-0228","plumber","4.2","5","","3733 El Cajon Blvd, San Diego, CA 92105, USA"
"Global Power Group","(866) 547-6937","electrician","4.2","5","https://globalpowergroup.com/index.php/contact-us/","12060 Woodside Ave, Lakeside, CA 92040, USA"
"Dugger Electric","(619) 661-5470","electrician","4.8","5","","1287 Beryl Cove Point, San Diego, CA 92154, USA"
"KeyMe Locksmiths","(619) 391-3697","locksmith","4.2","5","https://key.me/kiosks/california/san-diego/san-diego/locksmith-key-maker-san-diego-7-eleven-92110-california","3185 Midway Dr, San Diego, CA 92110, USA"
"KOL HVAC Repair","(619) 277-7461","gas-engineer","5","4","","Lake Murray Blvd, San Diego, CA 92119, USA"
"Maintenx","(800) 961-2290","gas-engineer","5","4","http://www.maintenx.com/","6190 Fairmount Ave Suite J, San Diego, CA 92120, USA"
"FrostPro HVAC","(858) 758-7847","gas-engineer","5","4","","7926 Paseo Del Ocaso, La Jolla, CA 92037, USA"
"Coast 2 Coast Refrigeration","(919) 799-0276","gas-engineer","4","4","https://www.coast2coastrefrigeration.com/","1026 11th St unit B, Imperial Beach, CA 91932, USA"
"KeyMe Locksmiths","(619) 503-0789","locksmith","5","4","https://key.me/kiosks/california/santee/santee/locksmith-copy-keys-santee-food-4-less-92071-california","9430 Cuyamaca St, Santee, CA 92071, USA"
"Lockguard Locksmiths of San Diego","(619) 346-4727","locksmith","5","4","https://lockguardlocksmiths.com/locksmith-san-diego/","8910 University Center Ln, San Diego, CA 92122, USA"
"KeyMe Locksmiths","(619) 651-9963","locksmith","4.8","4","https://key.me/kiosks/california/san-diego/san-diego/locksmith-copy-keys-san-diego-7-eleven-92107-california","2190 Bacon St, San Diego, CA 92107, USA"
"Amazing Lock Service","(619) 932-5532","locksmith","3.8","4","","5188 Bonita Rd, Bonita, CA 91902, USA"
"KeyMe Locksmiths","(619) 605-0818","locksmith","3","4","https://key.me/kiosks/california/san-diego/san-diego/locksmith-copy-keys-san-diego-7-eleven-92116-california","3019 Meade Ave, San Diego, CA 92116, USA"
"Del Mar Electricians","(858) 755-6520","electrician","5","4","http://www.delmarelectrician.com/","1050 Camino Del Mar, Del Mar, CA 92014, USA"
"United Electric Inc","(619) 366-3380","electrician","4","4","http://www.unitedelectricsd.com/","9747 Businesspark Ave Ste 231, San Diego, CA 92131, USA"
"Imperial Beach Electrician Pros","(619) 273-5888","electrician","5","4","","1257 Imperial Beach Blvd #102d, Imperial Beach, CA 91932, USA"
"McDarby Electric Repair","(858) 354-0312","electrician","5","4","","9287 Rebecca Ave, San Diego, CA 92123, USA"
"National City Electric","(619) 857-0397","electrician","5","4","http://nationalcityelectric.net/","797 Date Ave, Chula Vista, CA 91910, USA"
"Sitz Plumbing, Inc","(619) 334-4646","drain-specialist","5","4","","8702 Vanguard Pl, Lakeside, CA 92040, USA"
"La Mesa Electrician Pros - Electrical Repair Co","(619) 552-2949","electrician","5","4","","7450 University Ave #101d, La Mesa, CA 91942, USA"
"Cg Glazing, Inc.","(619) 461-0794","glazier","5","4","https://americatopbusi.top/details/cg-glazing-inc-ChIJ0X9","9150 Olive Dr, Spring Valley, CA 91977, USA"
"San Diego Water Damage Restoration","(619) 923-2748","roofer","5","4","https://cleanaleakrestoration.com/","1510 Frazee Rd, San Diego, CA 92108, USA"
"Bingham Electric","(619) 715-3675","electrician","5","4","https://binghamelectricsd.com/","10800 Woodside Ave, Santee, CA 92071, USA"
"Rapid Solve Electric","(858) 310-1650","electrician","5","4","","7895 Raytheon Rd, San Diego, CA 92111, USA"
"Incredible Plumbing","(619) 907-5840","plumber","5","4","https://incredibleplumbing.com/","845 15th St Suite 103, San Diego, CA 92101, USA"
"Wilson Hvac & Duct Repair System","(951) 875-6801","gas-engineer","4","4","","9410A Jamacha Blvd, Spring Valley, CA 91977, USA"
"Williamson Plumbing & Mechanical","(858) 449-1100","plumber","5","3","https://www.williamsonplumbingandrestoration.com/","9885 Mesa Rim Rd suite 105, San Diego, CA 92121, USA"
"Sure Safe EFS","(858) 946-4327","roofer","5","3","http://www.suresafe.com/","2534 State St #436, San Diego, CA 92101, USA"
"MJB Plumbing","(858) 945-2264","plumber","5","3","","11952 Cypress Canyon Rd UNIT 2, San Diego, CA 92131, USA"
"H+W Engineering, Inc.","(619) 659-8234","gas-engineer","3.7","3","http://www.hwengr.com/","1810 Gillespie Way #207, El Cajon, CA 92020, USA"
"Core Plumbing Lakeside","(858) 538-6025","plumber","5","3","https://www.coreplumbingsd.com/lakeside/","13115 Beacon View Ln, Lakeside, CA 92040, USA"
"Coronado Electrician Pros","(619) 648-8546","electrician","5","3","https://www.electricianincalifornia.com/electrician-in-coronado/","1300 Orange Ave #25c, Coronado, CA 92118, USA"
"AB Electric","(619) 494-4185","electrician","5","3","","10795 Andrea Terrace, Santee, CA 92071, USA"
"Advantage Appliance Heating & AC","(619) 698-6100","gas-engineer","3.7","3","","5638 Lake Murray Blvd #209, La Mesa, CA 91942, USA"
"Dave's D&R Plumbing Inc.","(619) 589-0435","plumber","5","3","","8814 Troy St, Spring Valley, CA 91977, USA"
"DMA Mechanical Inc","(619) 689-0600","gas-engineer","5","3","","7925 Silverton Ave #516, San Diego, CA 92126, USA"
"San Diego Mechanical Energy","(858) 566-8200","gas-engineer","3.7","3","http://sdme-inc.com/","7568 Trade St, San Diego, CA 92121, USA"
"Valley Water Damage Restoration","(619) 467-0165","roofer","5","3","","2708 Pointe Pkwy #100, Spring Valley, CA 91977, USA"
"Blu HVAC","(619) 380-0921","gas-engineer","5","3","https://bluhvac.com/","657 Palomar St Suite A, Chula Vista, CA 91911, USA"
"Edison Electricians of La Mesa","(619) 831-8758","electrician","5","3","","3835 Avocado Blvd UNIT 104, La Mesa, CA 91941, USA"
"Addax Electric Inc.","(619) 749-8360","electrician","5","3","http://www.addaxelectric.com/","1540 Pioneer Way Suite 100, El Cajon, CA 92020, USA"
"Harbor Air Conditioning & Heating","(619) 913-6882","gas-engineer","3.7","3","http://harborairconditioning.com/","6506 Springfield St, San Diego, CA 92114, USA"
"Del Mar Electrician Pros - Electrical Co","(858) 264-6292","electrician","5","3","https://www.electricianincalifornia.com/electrician-in-del-mar/","1237 Camino Del Mar #101d, Del Mar, CA 92014, USA"
"Gardner Plumbing Inc.","(619) 379-8627","plumber","5","3","https://gardnerplumbinginc.com/","8781 Cuyamaca St Suite T, Santee, CA 92071, USA"
"Tetra Tech","(619) 525-7188","gas-engineer","5","2","http://www.tetratech.com/","1230 Columbia St UNIT 1000, San Diego, CA 92101, USA"
"Martin Plumbing & HVAC","(858) 693-1500","drain-specialist","3","2","https://www.martinplumbinghvac.com/","7950 Silverton Ave UNIT 125, San Diego, CA 92126, USA"
"Water Damage Restoration: Dry Express Restoration","(858) 287-8231","roofer","5","2","","10005 Jacoby Rd, Spring Valley, CA 91977, USA"
"Sears Handyman Solutions","(619) 852-9292","plumber","5","2","","4445 Eastgate Mall #200, San Diego, CA 92121, USA"
"Southwest Mechanical Services Inc","(619) 499-7743","gas-engineer","5","2","http://www.swhvacservice.com/","1251 Greenfield Dr, El Cajon, CA 92021, USA"
"Viking Electric","(619) 579-0800","electrician","5","2","https://www.vikingelectric.com/","1549 Fair Valley Rd, El Cajon, CA 92019, USA"
"Kwik-Key Locksmiths","(619) 667-5120","locksmith","5","2","","7368 El Cajon Blvd, La Mesa, CA 91942, USA"
"Anytime Locksmith San Diego","(619) 974-4754","locksmith","5","2","https://anytimelocksmithpros.com/","1223 Cleveland Ave Suite 200-135, San Diego, CA 92103, USA"
"San Diego Plumber | Ray Briz Plumbing","(858) 254-6666","plumber","5","2","","1059 Sunset Cliffs Blvd, San Diego, CA 92107, USA"
"HVAC Air Cleaning And Home Services LLC","(858) 338-9318","gas-engineer","3","2","","1111 Sixth Ave STE 550 #776062, San Diego, CA 92101, USA"
"Plumber Bill","(619) 317-6291","plumber","5","2","http://plumberbill.com/","4023 Coleman Ave, San Diego, CA 92154, USA"
"ozelectricsd","(619) 269-9930","electrician","5","2","https://www.ozelectricsd.com/","5012 Central Ave suite H, Bonita, CA 91902, USA"
"Absolute Plumbing","(619) 862-0397","plumber","5","2","http://absoluteplumbingheating.com/","2120 First Ave. APT 22, San Diego, CA 92104, USA"
"Peterson Electric","(619) 449-3055","electrician","3","2","http://1pe.com/","9625 Mission Gorge Rd B2-405, Santee, CA 92071, USA"
"Expert Electric","(619) 914-5883","electrician","5","2","https://www.californicap.com/expert-electrical-logo-san-diego-ca/","4423 Rainier Ave, San Diego, CA 92120, USA"
"Minute Key","(442) 256-1469","locksmith","1.5","2","https://www.minutekey.com/key-services/california/san-diego/locksmith-key-copy-duplication-710-dennery-rd/31340/","710 Dennery Rd, San Diego, CA 92154, USA"
"ABS Electric","(619) 287-8600","electrician","3","2","","7411 Broadway, Lemon Grove, CA 91945, USA"
"Resurrection Plumbing La Jolla","(619) 375-3016","plumber","5","2","http://www.resurrectionplumber.com/","8263 Camino Del Oro UNIT 177, La Jolla, CA 92037, USA"
"Foundation Repair San Diego","(619) 393-3383","roofer","5","2","https://betterfoundationrepairsandiego.com/","3131 Cauby St, San Diego, CA 92110, USA"
"Sunset Glazing","(619) 463-9803","glazier","5","2","https://www.sunsetglazing.com/","8834 La Mesa Blvd #5407, La Mesa, CA 91942, USA"
"Golden Glow Electricians","(619) 272-9704","electrician","5","2","","1609 Palm Ave, San Diego, CA 92154, USA"
"Westerly Mechanical","(858) 215-1255","gas-engineer","5","2","","8551 La Jolla Shores Dr, La Jolla, CA 92037, USA"
"Apex Lighting & Electric Inc","(858) 472-0423","electrician","5","1","https://apexelectricsandiego.com/","1939 Friendship Dr # A, El Cajon, CA 92020, USA"
"Service Rite Electric","(619) 934-7113","electrician","5","1","http://www.serviceriteelectric.com/","750 Design Ct UNIT 106, Chula Vista, CA 91911, USA"
"Butsko Utility Design Inc","(858) 676-9700","gas-engineer","5","1","http://www.butskoutility.com/","8470 Redwood Creek Ln #200, San Diego, CA 92126, USA"
"Brilliant Electric","(619) 559-5824","electrician","5","1","","6030 Santo Rd #421263, San Diego, CA 92124, USA"
"Galindo Electric","(760) 330-9909","electrician","5","1","http://www.galindoelectricinc.com/","8605 Commerce Ave, San Diego, CA 92121, USA"
"619 Contractors Diego","(619) 719-5494","electrician","5","1","","1804 Garnet Ave #142, San Diego, CA 92109, USA"
"Minute Key","(619) 798-1210","locksmith","5","1","https://www.minutekey.com/key-services/california/san-diego/locksmith-key-copy-duplication-4255-genesee-ave/32401/","4255 Genesee Ave, San Diego, CA 92117, USA"
"Lemon Grove Electrician Pros","(619) 552-2949","electrician","5","1","https://www.electricianincalifornia.com/electrician-in-lemon-grove/","7770 Broadway #204d, Lemon Grove, CA 91945, USA"
"Majestic Glass, Inc. dba. AAA Glass","(858) 549-2200","glazier","5","1","http://www.majesticglassinc.com/","6875 Nancy Ridge Dr C, San Diego, CA 92121, USA"
"Specialty Electric","(760) 560-7756","electrician","5","1","https://www.specialty-electric.com/","8020 Clairemont Mesa Blvd, San Diego, CA 92111, USA"
"Lundgren Electric","(858) 488-0872","electrician","5","1","http://lundgrenelectric.com/","3967 Mt Everest Blvd, San Diego, CA 92111, USA"
"Five Star Cooling","(619) 356-2223","gas-engineer","1","1","https://www.acrepairsandiegoca.com/","663 33rd St, San Diego, CA 92102, USA"
"Noble Electric","(619) 914-5893","electrician","5","1","","6442 Edmonds St, San Diego, CA 92114, USA"
"AD Electric","(858) 569-0181","electrician","5","1","http://adelectricalservices.com/","6496 Lanston St, San Diego, CA 92111, USA"
"Sears Heating and Air Conditioning","(619) 848-7531","gas-engineer","3","1","https://www.searshomeservices.com/repair/hvac-repair-service?utm_campaign=GMBhomeimprovement&utm_medium=organic&utm_source=GMBlisting&SID=1033936&phone=6198487531","935 Sweetwater Rd, Spring Valley, CA 91977, USA"
"Minute Key","(805) 472-6062","locksmith","3","1","https://www.minutekey.com/key-services/california/san-diego/locksmith-key-copy-duplication-950-dennery-rd/33603/","950 Dennery Rd, San Diego, CA 92154, USA"
"Resurrection Plumbing Carmel Valley","(858) 283-5033","plumber","1","1","","5216 Timber Branch Way, San Diego, CA 92130, USA"
"Certified Electric Inc","(619) 276-3232","electrician","1","1","","14781 Pomerado Rd, Poway, CA 92064, USA"
"Mcnamara Pump & Electric","(858) 454-1686","electrician","5","1","https://www.mcnamarapump.com/","San Diego, CA 92121, USA"
"Heron HVAC & Airduct Cleaning San Diego","(805) 521-3713","gas-engineer","5","1","https://hvachelp.info/california/sandiego","2176 Hemlock Ave, San Diego, CA 92154, USA"
"On Call Electrical","(858) 212-0405","electrician","","","https://www.plaidfile.com/","4370 La Jolla Village Dr, San Diego, CA 92122, USA"
"Renew Spark Electrician","(640) 269-9982","electrician","","","","3687 Fourth Ave, San Diego, CA 92103, USA"
"Volt Edge Electrician","(240) 515-6336","electrician","","","","3708-12 Columbia St, San Diego, CA 92103, USA"
"Water & Fire Disaster Recovery","(888) 629-8248","roofer","","","https://www.1prorestoration.com/contact/","411 D Ave, National City, CA 91950, USA"
"Guardian Security Glazing","(866) 551-2899","glazier","","","https://guardiansecurityglazing.com/california/san-diego/","7862 Ronson Rd, San Diego, CA 92111, USA"
"Central Air Cooling Repair Experts Corp.","(619) 864-7675","gas-engineer","","","","1035 Corte Maria Ave, Chula Vista, CA 91911, USA"
"Easy Flow Sewer & Drain - Poway","(619) 350-6370","drain-specialist","","","https://trenchlessrehab.com/","12530 Stowe Dr, Poway, CA 92064, USA"
"San Diego Boat Electric","(619) 218-1018","electrician","","","http://sandiegoboatelectric.com/","mobile business, 1220 Rosecrans St #939, San Diego, CA 92106, USA"
"CoolCosmos HVAC","(619) 754-2501","gas-engineer","","","","3607 Avocado Blvd, La Mesa, CA 91941, USA"
"Solana Beach Electrician","(858) 755-6520","electrician","","","http://www.solanabeachelectrician.com/","990 Highland Dr, Solana Beach, CA 92075, USA"
"Electrical Insight of San Diego","(858) 227-7355","electrician","","","https://electricalinsight.com/san-diego/","9424 Chesapeake Dr Suite 1305, San Diego, CA 92123, USA"
"911 Attic Services","(858) 433-1910","roofer","","","https://www.911atticservices.com/","4178 Sorrento Valley Blvd F, San Diego, CA 92121, USA"
"Tetra Tech","(267) 436-4646","gas-engineer","","","http://www.tetratech.com/","2640 Financial Ct Ste. G, San Diego, CA 92117, USA"
"A plus Electric","(858) 294-2557","electrician","","","https://apluselectricproservices.com/","1010 Pearl St suite 5, La Jolla, CA 92037, USA"
"Dorado Electrical Solutions","(619) 500-2259","electrician","","","","750 Otay Lakes Rd, Chula Vista, CA 91910, USA"
"Minute Key","(619) 798-1211","locksmith","","","https://www.minutekey.com/key-services/california/san-diego/locksmith-key-copy-duplication-10604-westview-parkway/32904/","10604 Westview Pkwy, San Diego, CA 92126, USA"
"Volt Field Electrician","(334) 769-5891","electrician","","","","3130 Madrid St, San Diego, CA 92110, USA"
"MTrac Electric, Inc.","(858) 722-3526","electrician","","","http://mtracelectric.com/","4176 S Tropico Dr, La Mesa, CA 91941, USA"
"24/7 Pro Construction & Electric","(619) 607-2507","electrician","","","http://247proconstruction.com/","601 E Palomar St #407, Chula Vista, CA 91911, USA"
"Insurance Restoration Specialists","(858) 369-0511","roofer","","","http://www.firefloodwater.com/","5965 Village Way e105, San Diego, CA 92130, USA"
"Cerrajería AELI","663 103 2633","locksmith","","","","Prolongación paseo de los héroes 13693 Anexa, Alfonso Coronadel Rosal, 22104 Tijuana, B.C., Mexico"
"Salyers Construction - Seismic Upgrades & Earthquake Retrofitting","(925) 788-7495","roofer","","","","5694 Mission Center Rd #602-289, San Diego, CA 92108, USA"
"Blue Current Electrician","(640) 269-8898","electrician","","","","1915 Market St, San Diego, CA 92102, USA"
"Budget Electric","(619) 202-5875","electrician","","","http://budgetelectric.net/","1220 Rosecrans St, San Diego, CA 92106, USA"