Name,Phone,Trade,Rating,Reviews,Website,Address
"3 Mountains Home Services","(503) 420-7368","plumber","4.8","5700","https://www.3mountainsplumbing.com/?utm_source=gmb&utm_medium=organic","9800 SE McBrod Ave, Milwaukie, OR 97222, USA"
"Wolfer’s Home Services","(971) 364-6231","plumber","4.8","4789","https://wolfersheating.com/?utm_source=google&utm_medium=organic&utm_campaign=GMBListing-Wilsonville-OR","9025 SW Hillman Ct #3126, Wilsonville, OR 97070, USA"
"Sunset Heating & Cooling","(503) 500-5855","gas-engineer","4.8","4581","https://www.sunsethc.com/?utm_source=google-gbp&utm_medium=organic&utm_campaign=*197*sunset-heating-portland","607 S Idaho St #100, Portland, OR 97239, USA"
"Apollo Plumbing, Heating & Air Conditioning - OR","(503) 420-3411","plumber","4.8","4055","https://apolloservices.com/?utm_source=google&utm_medium=gmb&utm_campaign=GMB%20Troutdale","853 NE Harlow Rd, Troutdale, OR 97060, USA"
"Rescue Rooter","(503) 486-4925","plumber","4.8","3671","https://www.ars.com/rescue-rooter-jack-howk-portland?usource=google&medium=gbp&campaign=local_seo&content=gbp_website_click","12430 SE Capps Rd, Clackamas, OR 97015, USA"
"Sarkinen Plumbing","(360) 369-3586","plumber","4.7","2464","https://www.sarkinenplumbing.com/?utm_source=GMB&utm_medium=organic&utm_campaign=Vancouver","9502 NE 72nd Ave, Vancouver, WA 98665, USA"
"First Call Heating & Cooling","(971) 328-7474","gas-engineer","4.9","2165","https://www.firstcallheat.com/","13150 Clackamas River Dr, Oregon City, OR 97045, USA"
"Roto-Rooter Plumbing & Water Cleanup","(503) 937-1807","plumber","4.8","2143","https://www.rotorooter.com/portland/?utm_source=Google&utm_medium=organic&utm_campaign=gmb&utm_content=website","519 SW Park Ave #303, Portland, OR 97205, USA"
"Wolcott","(503) 420-8022","plumber","4.7","2082","https://www.wolcott.pro/?utm_source=gbp&utm_medium=organic&utm_campaign=portland","5224 NE 158th Ave, Portland, OR 97230, USA"
"Cornel's Plumbing, Heating & Air Conditioning","(503) 523-4854","plumber","4.9","1999","https://cornelsplumbing.com/?utm_source=gbp&utm_medium=organic","14271 NW Science Park Dr, Portland, OR 97229, USA"
"D&F Plumbing, Heating and Cooling","(503) 664-0938","plumber","4.5","1932","https://dandfplumbing.com/","650 NE Holladay St Suite 1600, Portland, OR 97232, USA"
"Central Air Heating, Cooling & Plumbing","(503) 656-1908","plumber","4.9","1741","https://www.centralairpdx.com/?utm_source=google&utm_medium=organic&utm_campaign=gbp","9089 SE Jannsen Rd, Clackamas, OR 97015, USA"
"Mr. Rooter Plumbing","(503) 610-4183","plumber","4.8","1708","https://www.mrrooter.com/portland/?cid=LSTL_MRR000199&utm_source=gmb&utm_campaign=local&utm_medium=organic","260 82nd Dr, Gladstone, OR 97027, USA"
"Roto-Rooter Plumbing & Water Cleanup","(503) 473-0376","plumber","4.8","1658","https://www.rotorooter.com/wilsonvilleor/?utm_source=Google&utm_medium=organic&utm_campaign=gmb&utm_content=website","28655 SW Boones Ferry Rd, Wilsonville, OR 97070, USA"
"Miller's Heating & Air","(360) 695-6500","gas-engineer","4.8","1650","http://millersheating.com/","1100 NE 112th Ave, Vancouver, WA 98684, USA"
"Town & Country Glass","(503) 284-5277","glazier","5","1600","https://tandcglass.com/","10708 NE Halsey St, Portland, OR 97220, USA"
"Central Air Heating, Cooling & Plumbing","(971) 435-7303","plumber","5","1447","https://www.centralairpdx.com/?utm_source=google&utm_medium=organic&utm_campaign=gbp","11640 SW Corby Dr #5, Portland, OR 97225, USA"
"Young Electric LLC","(503) 706-9867","electrician","4.8","1420","https://youngelectricco.com/?utm_source=google&utm_medium=organic&utm_campaign=portland-gbp-main","9999 SW Wilshire St # 221, Portland, OR 97225, USA"
"Sun Glow Inc.","(503) 610-3033","plumber","4.9","1399","https://sunglowinc.com/?utm_source=organic&utm_medium=gbp","2428 SE 105th Ave, Portland, OR 97216, USA"
"D&L Garage Doors & Locksmith","(503) 704-2654","locksmith","4.9","1315","https://portlanddoorsandlocksguy.com/","6701 SE Foster Rd, Portland, OR 97206, USA"
"Apollo Plumbing, Heating & Air Conditioning","(503) 694-9596","plumber","4.9","1293","https://apolloservices.com/?utm_source=google&utm_medium=gmb&utm_campaign=GMB%20Beaverton","10700 SW Beaverton Hillsdale Hwy #549, Beaverton, OR 97005, USA"
"Henco Plumbing Service","(360) 207-0740","plumber","4.9","1287","https://www.hencoplumbing.com/?utm_source=google-gbp&utm_medium=organic&utm_campaign=*280*henco-plumbing-services-vancouver","2001 Main St #200, Vancouver, WA 98660, USA"
"Pyramid Heating & Cooling","(503) 783-8488","gas-engineer","4.8","1275","https://www.pyramidheating.com/","9409 NE Colfax St, Portland, OR 97220, USA"
"Speed's Towing","(503) 234-5555","locksmith","4.7","1242","https://www.speedstowingpdx.com/","14333 NE Whitaker Way, Portland, OR 97230, USA"
"Sky Heating, AC, Plumbing & Electrical","(503) 619-1488","plumber","4.9","1196","https://skyheating.com/","530 NE Liberty Ave, Gresham, OR 97030, USA"
"Apollo Plumbing, Heating & Air Conditioning - WA","(360) 200-0411","plumber","4.8","1099","https://apolloservices.com/?utm_source=google&utm_medium=gmb&utm_campaign=GMB%20Vancouver","5305 NE 121st Ave Suite 611, Vancouver, WA 98682, USA"
"Pacific Plumbing & Drain Services","(360) 995-1385","plumber","4.9","1052","https://pacificplumbinganddrain.com/?utm_source=gmb&utm_medium=organic","2717 E 5th St, Vancouver, WA 98661, USA"
"NW Sundance Services","(503) 888-6881","plumber","3.4","1002","http://nwsundanceservices.com/","10117 SE Sunnyside Rd f1201, Clackamas, OR 97015, USA"
"Mr. Electric of Vancouver","(360) 574-7200","electrician","4.8","992","https://mrelectric.com/vancouver-portland/?cid=LSTL_MRE000196&utm_source=gmb&utm_campaign=local&utm_medium=organic","418 NE Repass Rd # B1, Vancouver, WA 98665, USA"
"Fast Water Heater Company","(971) 704-5374","plumber","4.9","959","https://fastwaterheater.com/?utm_source=google&utm_medium=organic&utm_campaign=gmb_troutdale","798 NW Dunbar Ave, Troutdale, OR 97060, USA"
"Mr. Rooter Plumbing","(503) 549-4260","plumber","4.9","959","https://www.mrrooter.com/west-portland/?cid=LSTL_MRR000199&utm_source=gmb&utm_campaign=local&utm_medium=organic","2900 SE Cornelius Pass Rd Ste 101, Hillsboro, OR 97123, USA"
"Efficiency Heating & Cooling","(503) 698-5588","gas-engineer","4.9","926","https://www.eheatcool.com/service-areas/milwaukie","14913 SE Kellogg Ave, Milwaukie, OR 97267, USA"
"Service Plus Plumbing","(503) 927-4482","plumber","5","918","https://www.serviceplusplumbingpdx.com/","12009 NE Marx St, Portland, OR 97220, USA"
"Heat Relief Heating & Cooling","(503) 261-9915","gas-engineer","4.8","905","https://www.heatrelieftoday.com/?utm_campaign=Google+My+Business&utm_source=GMB&utm_medium=organic&utm_content=Website","13122 NE David Cir STE 800, Portland, OR 97230, USA"
"Henco Plumbing Services","(971) 307-3733","plumber","4.8","895","https://www.hencoplumbing.com/?utm_source=google-gbp&utm_medium=organic&utm_campaign=*118*henco-plumbing-services-portland","1801 SE Grand Ave STE 110, Portland, OR 97214, USA"
"Mike's Electric","(503) 649-6991","electrician","4.8","853","http://www.mikeselectric.biz/","11070 SW Allen Blvd, Beaverton, OR 97005, USA"
"Comfort 360, Inc. (Comfort Air)","(360) 706-1496","gas-engineer","4.9","844","https://comfortairnow.com/","12800 NE 95th St, Vancouver, WA 98682, USA"
"Alchemy Plumbing & Drain Cleaning","(971) 417-2081","plumber","4.9","823","https://alchemy-plumbing.com/","6615 SW McEwan Rd, Lake Oswego, OR 97035, USA"
"Mr. Electric of Portland","(503) 470-6202","electrician","4.8","816","https://mrelectric.com/portland-or/?cid=LSTL_MRE000196&utm_source=gmb&utm_campaign=local&utm_medium=organic","5933 NE Win Sivers Dr #205, Portland, OR 97220, USA"
"24 Hour Lock and Key","(971) 720-9939","locksmith","4.5","815","https://www.24-hourlockandkey.com/?utm_campaign=gmb","833 SE Main St STE 122, Portland, OR 97214, USA"
"Evergreen Gas Heating & Cooling","(503) 407-9542","plumber","4.9","794","http://www.evergreengas.net/","16385 SW Langer Dr, Sherwood, OR 97140, USA"
"Bliss Roofing","(971) 265-6417","roofer","4.9","781","https://www.blissroofing.com/","14430 SE 98th Ct, Clackamas, OR 97015, USA"
"Locksmith Plus, Inc. Portland, OR","(503) 575-9210","locksmith","4.6","778","https://www.locksmithplusincportlandor.com/","5901 S Macadam Ave #110, Portland, OR 97239, USA"
"Simpson Plumbing LLC","(360) 834-5311","plumber","4.9","776","https://camas.plumbernw.com/?utm_source=gbp_camas","3190 NE 3rd Ave, Camas, WA 98607, USA"
"Bruton Comfort Control","(503) 626-7477","gas-engineer","4.9","762","https://www.brutoncomfortcontrol.com/","12720 SW Allen Blvd, Beaverton, OR 97005, USA"
"Advanced Air Systems, Inc","(360) 693-1757","gas-engineer","4.8","748","https://advancedairsystems.net/","1720 NE 64th Ave suite d, Vancouver, WA 98661, USA"
"Environmental Works","(503) 719-6715","plumber","4.9","748","https://www.eworksnw.com/","22820 NE Sandy Blvd, Fairview, OR 97024, USA"
"Roto-Rooter Plumbing & Water Cleanup","(360) 947-3610","plumber","4.8","706","https://www.rotorooter.com/vancouverwa/?utm_source=Google&utm_medium=organic&utm_campaign=gmb&utm_content=website","1112 Daniels St Ste 102-B, Vancouver, WA 98660, USA"
"Interstate Roofing","(503) 755-5183","roofer","4.8","700","https://www.interstateroofing.com/?=gbp&utm_campaign=gmb","15065 SW 74th Ave, Portland, OR 97224, USA"
"Northwestern Towing & Recovery","(503) 253-3030","locksmith","4.5","686","http://www.northwesterntowing.com/","10721 NE Simpson St, Portland, OR 97220, USA"
"PDX Roof Cleaning & Pressure Washing","(503) 330-8729","roofer","5","686","https://roofcarepdx.com/","650 NE Holladay St Suite 1600, Portland, OR 97232, USA"
"Mr. Rooter Plumbing","(360) 865-4952","plumber","4.8","620","https://www.mrrooter.com/vancouver-wa/?cid=LSTL_MRR000199&utm_source=gmb&utm_campaign=local&utm_medium=organic","14407 NE 13th Ave #106, Vancouver, WA 98685, USA"
"Locksmith General LLC","(971) 442-7268","locksmith","4.9","614","https://www.locksmithgeneralllc.com/?utm_campaign=gmb","322 NW 5th Ave Suite 301-B, Portland, OR 97209, USA"
"Northwest Roof Maintenance Inc.","(360) 910-8938","roofer","4.9","578","https://northwestroof.com/","1412 NE 134th St #220, Vancouver, WA 98685, USA"
"Ilan Lock & Key","(503) 724-8666","locksmith","4.9","570","https://ilanlockandkey.com/","1044 NE Madrona St, Portland, OR 97211, USA"
"Beaver Electric","(503) 992-0195","electrician","4.9","565","https://beaverelectricnw.com/?utm_source=Local&utm_medium=GoogleMaps&utm_content=gmb","669 S 1st Ave Ste 150, Hillsboro, OR 97123, USA"
"True Plumbing","(360) 454-9956","plumber","4.9","560","https://www.true-plumbing.com/?utm_campaign=gmb","12401 NE 60th Way Unit A 10, Vancouver, WA 98682, USA"
"Pilot Plumbing and Water Restoration of Vancouver","(360) 768-0141","plumber","4.8","546","https://pilotplumbinganddrain.com/service-areas/vancouver/?utm_source=google&utm_medium=organic&utm_campaign=gbp_vancouver","12323 NE 99th St #123, Vancouver, WA 98682, USA"
"Service Pro Plumbing Inc","(360) 326-2720","plumber","4.9","532","https://serviceproplumbing.com/","15601 SE 1st St, Vancouver, WA 98684, USA"
"Plumbing and Sewer Renewal Specialists","(971) 213-8851","plumber","5","518","https://plumbingrenewal.com/?utm_source=google&utm_medium=organic&utm_campaign=GMBListing-Portland-OR","9350 SW Tigard St, Portland, OR 97223, USA"
"Cornel's Plumbing, Heating & Air Conditioning","(503) 658-9346","plumber","5","505","https://cornelsplumbing.com/east-portland-plumbers/?utm_source=gbp&utm_medium=organic&utm_campaign=east","4015 SE 56th Ave, Portland, OR 97206, USA"
"Proline Plumbing & Sewer - Vancouver","(360) 382-2291","plumber","4.5","505","https://prolineplumbingandsewer.com/en/vancouver/wa/plumbing-and-sewer","3214 NE 58th St, Vancouver, WA 98663, USA"
"Roto-Rooter Plumbing & Water Cleanup","(503) 570-0251","plumber","4.9","499","https://www.rotorooter.com/tualatinor/?utm_source=Google&utm_medium=organic&utm_campaign=gmb&utm_content=website","9530 SW Tualatin-Sherwood Rd, Tualatin, OR 97062, USA"
"Falcon Electric","(503) 208-4709","electrician","4.8","490","https://callfalcon.com/?utm_source=google&utm_medium=organic&utm_campaign=gmb&utm_id=GBP","10180 SW Park Way # C, Portland, OR 97225, USA"
"Roof Life Of Oregon","(503) 925-3653","roofer","4.6","487","https://www.rooflife-oregon.com/?utm_source=gmb&utm_medium=organic","11445 SW Tiedeman Ave, Tigard, OR 97223, USA"
"Pipeline Plumbing & Drains","(503) 624-1906","plumber","4.9","481","https://pipelineplumbing.net/?utm_source=google-gbp&utm_medium=organic&utm_campaign=*327*pipeline-plumbing-tigard","9780 SW Tigard St, Tigard, OR 97223, USA"
"Entek Corporation","(360) 883-5462","gas-engineer","4.9","481","http://www.entekhvac.com/","7316 NE 47th Ave, Vancouver, WA 98661, USA"
"Dickinson Electric Hillsboro","(503) 740-6100","electrician","5","458","https://dickinsonselectric.com/","20719 SW Lido St, Aloha, OR 97007, USA"
"Lovett Inc.","(503) 737-8423","plumber","4.9","450","https://www.lovettservices.com/","6920 NE 42nd Ave, Portland, OR 97218, USA"
"Crown Plumbing","(503) 771-9449","plumber","4.8","437","https://crownplumbingpdx.com/","16303 NE Cameron Blvd, Portland, OR 97230, USA"
"NW Pacific Electric Co, LLC","(360) 314-2544","electrician","5","424","https://nwpacificelectric.com/","850 NE 109th Ct, Vancouver, WA 98664, USA"
"Flow Roofing and Gutters","(503) 936-2476","roofer","4.9","420","https://flowroofing.us/","555 SE Martin Luther King Jr Blvd Suite 105, Portland, OR 97214, USA"
"IBEX Roof","(503) 744-6468","roofer","4.9","415","https://www.ibexroof.com/roofing-company-portland/?utm_source=google&utm_medium=gmb&utm_campaign=gmbpor","3701 SE Milwaukie Ave suite d, Portland, OR 97202, USA"
"D&F Plumbing, Heating and Cooling","(360) 334-7643","plumber","4.5","411","https://dandfplumbing.com/plumbing/vancouver-wa/","12007 NE 95th St, Vancouver, WA 98682, USA"
"Guardian Roofing, Gutters & Insulation","(503) 299-1260","roofer","4.9","404","https://www.guardianroofing.com/?utm_source=google&utm_medium=gbp-wil&utm_campaign=GBP-Wilsonville","27350 SW 95th Ave #3022, Wilsonville, OR 97070, USA"
"AA Express Locksmith","(503) 251-2751","locksmith","4.7","402","http://www.expresslocksmiths.com/","110 SE 97th Ave, Portland, OR 97216, USA"
"Advantage Locksmith Portland","(503) 946-9522","locksmith","4.3","397","https://advantagelocksmithportland.com/locksmith-in-tigard-or/","8104 SW Durham Rd, Portland, OR 97224, USA"
"Curly's lock & Key, Inc.","(360) 694-9994","locksmith","4.3","394","https://curlyskeys.com/","7301 NE Hwy 99 Suite #5, Vancouver, WA 98665, USA"
"Mr. Electric of Hillsboro","(503) 446-3573","electrician","4.8","393","https://mrelectric.com/hillsboro-or?cid=LSTL_MRE000196&utm_source=gmb&utm_campaign=local&utm_medium=organic","2705 SE 39th Loop Ste G, Hillsboro, OR 97123, USA"
"J & M Services","(360) 263-5600","gas-engineer","4.9","390","http://www.jandmservices.us/","9210 NE 142nd Ave, Vancouver, WA 98682, USA"
"CT Drains and Sewer Solutions LLC","(503) 495-3777","plumber","5","389","http://ctdrainsllc.com/","13912 SW Mistletoe Dr, Tigard, OR 97223, USA"
"River City Environmental","(503) 241-4599","plumber","4.5","370","https://rivercityusa.com/","5410 NE 109th Ave, Portland, OR 97220, USA"
"Efficiency Heating & Cooling","(503) 908-6066","gas-engineer","4.9","369","https://www.eheatcool.com/service-areas/portland","4409 SE 24th Ave Suite 35, Portland, OR 97202, USA"
"1-800-PLUMBER +AIR","(503) 676-3449","plumber","4.7","369","https://1800plumber.com/locations/portland-or","9735 SW Sunshine Ct #100, Beaverton, OR 97005, USA"
"Clog Pro Plumbing & Drain","(360) 369-3748","plumber","4.8","368","https://clogpro.com/?utm_source=google&utm_medium=gbp&utm_campaign=vancouver","12511 NE Fourth Plain Blvd, Vancouver, WA 98682, USA"
"Davis Lock & Safe Inc","(503) 848-9100","locksmith","4.3","364","http://www.davislock.com/","3880 SW 170th Ave, Beaverton, OR 97078, USA"
"Absolute Heating & Cooling Solutions","(360) 521-5355","gas-engineer","4.9","360","https://www.vancouverhvacr.com/","2800 NE 65th Ave UNIT B, Vancouver, WA 98661, USA"
"Geek Roofing","(971) 377-9950","roofer","5","358","http://geekroofingpdx.com/","500 SW 116th Ave suite #66, Portland, OR 97225, USA"
"Harry's Key Service, Inc.","(360) 696-4901","locksmith","4.7","349","http://www.harryslocksmith.com/","508 SE 117th Ave, Vancouver, WA 98683, USA"
"Diligent Plumbing LLC","(503) 407-7293","plumber","5","349","http://diligent-plumbing.com/","1023 SE 223rd Ave, Gresham, OR 97030, USA"
"KVN Construction","(503) 477-3854","roofer","4.9","347","https://kvnconstruction.com/","5840 SE 85th Ave, Portland, OR 97266, USA"
"Helpful Badger","(503) 985-2176","plumber","4.9","344","https://helpfulbadger.com/","8225 SE 7th Ave, Portland, OR 97202, USA"
"AA Rite-Way Roofing","(503) 669-3712","roofer","4.8","338","http://aarite-wayroofing.net/","24307 SE Stark St, Gresham, OR 97030, USA"
"Mr. Handyman","(503) 966-5948","plumber","4.7","337","https://www.mrhandyman.com/south-portland-oregon/?cid=LSTL_MHM000197&utm_source=gmb&utm_campaign=local&utm_medium=organic","7145 SW Varns St Ste 201, Tigard, OR 97223, USA"
"Clog Busters LLC","(503) 680-8947","plumber","4.8","332","https://clogbustersllc.com/","2900 SE Cornelius Pass Rd Ste 549, Hillsboro, OR 97123, USA"
"George Morlan Plumbing Supply","(503) 771-1145","gas-engineer","3.6","327","https://www.georgemorlan.com/?utm_source=googlemybusinessfoster&utm_medium=Organic&utm_campaign=Google%20My%20Business%20Foster","5529 SE Foster Rd, Portland, OR 97206, USA"
"Roto-Rooter Plumbing & Water Cleanup","(503) 446-4956","plumber","4.9","325","https://www.rotorooter.com/greshamor/?utm_source=Google&utm_medium=organic&utm_campaign=gmb&utm_content=website","1954 SE 182nd Ave Ste 9, Gresham, OR 97233, USA"
"Bridge City HVAC","(503) 765-8052","gas-engineer","4.9","325","https://bridgecity-hvac.com/","6317 Carman Dr, Lake Oswego, OR 97035, USA"
"NW Homes","(503) 300-4663","roofer","4.7","318","https://nwhomes.ai/","5200 Meadows Rd Suite 10, Lake Oswego, OR 97035, USA"
"Premier Pacific Roofing Inc.","(503) 855-4994","roofer","4.9","318","http://www.pprquality.com/","9570 SE Lawnfield Rd, Clackamas, OR 97015, USA"
"Ultimate Comfort","(971) 385-8135","gas-engineer","4.8","316","https://ultimatecomfortheating.com/?utm_medium=organic&utm_source=google&utm_campaign=gbp","8849 SE Jannsen Rd, Clackamas, OR 97015, USA"
"Royal Gutters","(503) 558-8700","roofer","4.8","310","https://royalgutters.com/","18601 SE Sunnyside Rd, Damascus, OR 97089, USA"
"Precision Roofing & Gutters","(503) 926-6194","roofer","4.9","303","https://www.pscpdx.com/","12700 SW Hall Blvd C, Tigard, OR 97223, USA"
"Atlasta Lock & Safe Co","(503) 233-8761","locksmith","4.6","302","http://www.atlastalock.com/","702 SE Grand Ave, Portland, OR 97214, USA"
"East Portland Locksmith","(503) 232-4363","locksmith","4.9","301","http://www.eastportlandlock.com/","8040 SE Foster Rd, Portland, OR 97206, USA"
"Portland Metro Electric","(503) 863-7733","electrician","5","293","https://www.portlandmetroelectric.com/","8415 SE Hinkley Ave, Happy Valley, OR 97086, USA"
"All Surface Roofing & Roof Repair Company","(503) 486-3468","roofer","4.8","293","https://www.allsurfacepdx.com/?utm_campaign=gmb&utm_content=website_button&utm_medium=organic&utm_source=GMB_Listing","9610 SW Sunshine Ct Suite 100 A, Beaverton, OR 97005, USA"
"DT Electric","(503) 983-8463","electrician","5","284","https://dtelectriccompany.com/","9890 SE Empire Ct, Clackamas, OR 97015, USA"
"Northwest Security & Lock","(503) 760-1402","locksmith","4.8","275","https://northwestsecurityandlock.com/","14750 SE Division St, Portland, OR 97236, USA"
"Tustan Locksmith","(971) 404-5928","locksmith","4.7","274","https://thetustan.com/","21755 SE Stark St, Gresham, OR 97030, USA"
"West Coast Roofing and Painting Inc","(503) 477-7792","roofer","4.8","274","https://wcroofingportland.com/?utm_source=googlemap&utm_medium=organic&utm_campaign=googlebusinessprofile","10836 NE Marx St, Portland, OR 97220, USA"
"ProSolution","(971) 248-7895","drain-specialist","4.6","268","https://prosolution.tech/","1933 SW Sunset Blvd, Portland, OR 97239, USA"
"Pro Drain & Rooter Service, Inc.","(503) 533-0430","plumber","4.8","266","http://prodrainpdx.com/","10200 SW Allen Blvd H, Beaverton, OR 97005, USA"
"Pacific Plumbing & Drain Services","(360) 995-1385","plumber","4.5","262","https://pacificplumbinganddrain.com/?utm_source=gmb&utm_medium=organic","11933 NE 113th St, Vancouver, WA 98662, USA"
"Gerryn Energy","(971) 336-4516","electrician","5","261","https://www.gerrynenergy.com/","12023 NE Sumner St, Portland, OR 97220, USA"
"Cherry Roofing","(360) 823-0127","roofer","4.9","260","https://www.cherryroofing.com/?UTM_source=GMB_listing&UTM_medium=organic","5709 NE 88th St, Vancouver, WA 98665, USA"
"Robben & Sons Heating Inc","(503) 238-4328","gas-engineer","4.6","260","https://robbenandsons.com/?utm_source=google+business+listing&utm_medium=organic&utm_campaign=website+button","15800 SE Piazza Ave #104, Clackamas, OR 97015, USA"
"Meticulous Plumbing","(503) 208-2812","plumber","4.8","259","https://meticulousplumbing.com/?utm_source=google-my-business&utm_medium=organic&utm_campaign=gmb","11918 NE Sumner St, Portland, OR 97220, USA"
"George Morlan Plumbing Supply","(503) 624-7381","plumber","3.9","255","http://www.georgemorlan.com/","12585 SW Pacific Hwy, Tigard, OR 97223, USA"
"Woodstock Ace Hardware and Garden","(503) 771-6731","locksmith","4.6","254","http://www.woodstockhardware.com/","4430 SE Woodstock Blvd, Portland, OR 97206, USA"
"KeyTech","(503) 854-5502","locksmith","5","252","","1023 SW 4th St, Gresham, OR 97080, USA"
"White Lightning Electric","(503) 772-3009","electrician","4.9","244","https://www.whitelightningpdx.com/","7524 SE 52nd Ave, Portland, OR 97206, USA"
"Go With The Flow Plumbing","(360) 921-6731","plumber","4.9","243","https://gowiththeflowplumbing.com/","2402 NE 96th St, Vancouver, WA 98665, USA"
"Clog Pro Plumbing & Drain","(503) 479-8168","plumber","5","243","https://clogpro.com/?utm_source=google&utm_medium=gbp&utm_campaign=portland","833 SE Main St Mailbox 210, Portland, OR 97214, USA"
"Clear Vision Construction, LLC","(503) 300-5014","roofer","4.8","242","https://www.cvcpdx.com/","8110 SW Nimbus Ave, Beaverton, OR 97008, USA"
"Royal Flush Plumbing Co","(503) 657-3919","plumber","4.6","240","http://www.royalflushplumbing.co/","1005 Abernethy Rd, Oregon City, OR 97045, USA"
"Chase Heating & Cooling, Inc.","(503) 254-1274","gas-engineer","4.9","240","https://www.chaseheatingcompany.com/","1514 Washington St, Oregon City, OR 97045, USA"
"Gutter Empire LLC","(971) 777-9899","roofer","4.9","238","https://gutterempirellc.com/?utm_source=omg-gbp&utm_medium=webclick","6952 SE Nehalem St, Portland, OR 97206, USA"
"Electric Norm, Inc","(503) 643-3500","electrician","4.8","238","https://www.electricnorm.com/","402 Beavercreek Rd UNIT 111, Oregon City, OR 97045, USA"
"Fisher Roofing","(503) 227-7663","roofer","4.8","237","http://www.fisherroof.com/","13580 SW Galbreath Dr, Sherwood, OR 97140, USA"
"IBEX Roof","(360) 467-9400","roofer","4.9","236","https://www.ibexroof.com/?utm_source=google&utm_medium=gmb&utm_campaign=gmbvan","5800 NE 88th St STE 101, Vancouver, WA 98665, USA"
"Neil Kelly Company","(503) 288-7461","roofer","4.6","231","https://www.neilkelly.com/portland/?utm_source=gbp&utm_medium=organic&utm_campaign=local","804 N Alberta St, Portland, OR 97217, USA"
"JLV Construction LLC","(503) 615-0660","roofer","4.9","231","http://www.jlvconstructionllc.com/","778 W Main St, Hillsboro, OR 97123, USA"
"Summit Plumbing LLC","(360) 518-8477","plumber","4.9","230","https://www.summitplumbingvancouver.com/","5305 NE 121st Ave Unit 215, Vancouver, WA 98682, USA"
"Royal Locksmith","(971) 404-5928","locksmith","4.8","227","https://thetustan.com/","2425 SE Burnside Rd, Gresham, OR 97080, USA"
"Hillsboro locksmith LLC","(503) 431-9354","locksmith","4.6","222","https://hillsborolocksmithllc.com/","9620 Northeast Tanasbourne Dr Suite 300 #1016, Hillsboro, OR 97124, USA"
"NW Natural","(800) 422-4012","gas-engineer","2.3","220","https://www.nwnatural.com/","250 SW Taylor St, Portland, OR 97204, USA"
"Cutting Edge Contracting","(360) 433-2803","roofer","4.8","216","https://cegc.us/?utm_source=google&utm_medium=organic&utm_campaign=gmbvan","14407 NE 13th Ave Suite 112, Vancouver, WA 98685, USA"
"Advantage Heating & Cooling","(360) 693-5220","gas-engineer","4.9","206","https://www.advantagehcp.com/?utm_source=google&utm_medium=organic&utm_campaign=gbp","5305 NE 121st Ave #217, Vancouver, WA 98682, USA"
"Peak Performance Roofing","(971) 979-7325","roofer","5","205","https://peakperformanceroof.com/?utm_source=GoogleBusiness&utm_id=GB","26601 SW Stafford Rd, Wilsonville, OR 97070, USA"
"Legit Exteriors","(360) 513-6150","roofer","4.5","204","https://legitexteriors.com/?utm_source=google&utm_medium=gbp&utm_campaign=vancouver","7500 NE 16th Ave Suite 1d, Vancouver, WA 98665, USA"
"Valiant Roofing, LLC","(360) 345-3546","roofer","4.9","203","https://www.valiantroofing.com/locations/vancouver-wa","108 SE 124th Ave Suite 8, Vancouver, WA 98684, USA"
"Executive Roof Services","(360) 828-8467","roofer","3.4","202","https://www.executiveroofservices.com/","5900 NE 152nd Ave, Vancouver, WA 98682, USA"
"Oregon Climate Tech","(503) 505-2172","gas-engineer","4.9","196","https://oregonclimatetech.com/?utm_source=omg-gbp&utm_medium=webclick","402 Beavercreek Rd #112, Oregon City, OR 97045, USA"
"Realistic Rooter & Plumbing LLC","(971) 444-8630","plumber","4.9","195","http://realisticrooter.com/","18809 SE McLoughlin Blvd, Portland, OR 97267, USA"
"Da Vinci's Best Plumbing","(971) 220-8685","plumber","4.9","194","https://davincisbestplumbing.com/","309 SE 172nd Ave, Portland, OR 97233, USA"
"USA Roofing & Waterproofing LLC","(503) 836-5016","roofer","4.9","192","https://www.usaroofingpdx.com/","6423 NW St Helens Rd, Portland, OR 97210, USA"
"Stan The Hot Water Man","(503) 760-2992","plumber","4.5","191","https://www.stanthehotwaterman.com/","102 Birch Ave, Wood Village, OR 97060, USA"
"Perfect Flush","(503) 985-9461","plumber","4.8","189","https://www.perfectflushpdx.com/","139 NW 2nd St, Gresham, OR 97030, USA"
"Tom Leach Roofing","(503) 238-0303","roofer","4.9","187","http://tomleachroofing.net/","4120 SE International Way a102, Milwaukie, OR 97222, USA"
"River City Roofing Portland","(503) 970-5005","roofer","4.9","184","https://roofrivercity.com/portland-roofing-company/?utm_source=GBP&utm_medium=Organic&utm_campaign=GBP_Website_Clicks","6641 SE Lake Rd, Portland, OR 97222, USA"
"Steele Electric","(503) 268-1311","electrician","4.9","181","https://www.steeleelectric.com/","7741 SW Cirrus Dr, Beaverton, OR 97008, USA"
"Goodman Septic Services","(503) 666-2280","drain-specialist","4.8","181","https://www.goodmanseptic.com/?utm_source=google&utm_medium=gbp","1009 NE Harlow Rd, Troutdale, OR 97060, USA"
"Legacy Plumbing & Excavation","(360) 984-4232","plumber","4.8","179","https://www.legacyplumbingandexcavation.com/","4707 NE Minnehaha St C-305, Vancouver, WA 98661, USA"
"MP Plumbing Co.","(503) 655-9161","plumber","4.6","179","https://www.mpplumbing.com/","15330 SE 82nd Dr, Clackamas, OR 97015, USA"
"Proline Plumbing","(971) 431-8748","plumber","4.8","175","https://portlandoregonplumber.com/","8023 SE Martins Ct St, Portland, OR 97206, USA"
"KVN Portland Roofing","(503) 438-7767","roofer","5","171","https://www.kvnconstruction.com/portland-roofing-contractors/","5832 SE 85th Ave, Portland, OR 97266, USA"
"Axiom Plumbing & Sewers","(503) 833-2449","plumber","4.8","171","https://www.axiompdx.com/","1009 NE Harlow Rd Suite 102, Troutdale, OR 97060, USA"
"Leak Locaters","(971) 348-4959","drain-specialist","4.9","165","http://www.leaklocaters.com/","9735 SW Sunshine Ct, Beaverton, OR 97005, USA"
"A Cut Above Exteriors","(503) 643-1121","roofer","4.9","164","https://www.acutaboveexteriors.com/","18300 SW Boones Ferry Rd Ste 100, Portland, OR 97224, USA"
"Cornel's Plumbing, Heating & Air Conditioning","(503) 883-8035","plumber","4.9","163","https://cornelsplumbing.com/beaverton-hvac-plumbing-company/?utm_source=gbp&utm_medium=organic&utm_campaign=beaverton","14900 SW Barrows Rd #204, Beaverton, OR 97007, USA"
"Oswego Roofing","(503) 636-7663","roofer","4.6","162","http://oswegoroofing.com/","5200 Meadows Rd Suite 500, Lake Oswego, OR 97035, USA"
"JCR Roofing & Remodeling LLC","(360) 896-7461","roofer","4.9","162","https://www.jcrroofingweb.com/","5321 NE 121st Ave #707, Vancouver, WA 98682, USA"
"All Pro Plumbing Services LLC","(503) 579-5555","plumber","4.6","162","https://allproplumbingpdx.com/","2092 NE Aloclek Dr Ste 503, Hillsboro, OR 97124, USA"
"Left Coast Exteriors","(360) 605-0250","roofer","4.6","161","https://leftcoastexteriors.com/","100 SE Columbia Way, Vancouver, WA 98660, USA"
"Gibson Roofing","(503) 690-7663","roofer","4.8","160","https://gibsonroofing.com/","20420 SE Hwy 212 A, Damascus, OR 97089, USA"
"NW Reliable Home Services","(360) 713-8022","roofer","4.9","154","https://nwreliablehomeservices.com/","13714 NE 28th St Suite 14, Vancouver, WA 98682, USA"
"P1 Plumbing - Vancouver & Portland","(360) 787-1354","plumber","5","153","http://www.p1plumbing.com/","6500 NE 45th Way, Vancouver, WA 98661, USA"
"Rescue Rooter","(971) 323-1052","plumber","4.2","150","https://ars.com/cleveland","1650 SE 3rd Ave #203, Portland, OR 97214, USA"
"Prime Exteriors NW","(503) 679-8915","roofer","4.7","149","https://primeexteriorsnw.com/","16285 SW 85th Ave #303, Tigard, OR 97224, USA"
"Sunnyside Roofing Services LLC","(503) 883-8430","roofer","5","148","https://sunnysideroofingservices.com/?utm_campaign=gmb","14841 SE 82nd Dr, Clackamas, OR 97015, USA"
"Pioneer Gas Furnace","(503) 249-5000","gas-engineer","4.6","146","https://pioneergasfurnace.com/","6446 NE Simpson St, Portland, OR 97218, USA"
"7 Pines Plumbing","(971) 387-6230","plumber","4.8","146","http://7pinesplumbing.com/","14991 SW Tualatin-Sherwood Rd #202, Sherwood, OR 97140, USA"
"White Oak Plumbing","(360) 869-1165","plumber","5","145","http://www.whiteoakplumbing.com/","10110 NE 11th St, Vancouver, WA 98664, USA"
"OC Drain Service, LLC","(971) 255-8171","plumber","5","143","http://ocdrainservicellc.com/","18744 Allegheny Dr, Oregon City, OR 97045, USA"
"Portland Roofing Company LLC","(503) 490-3994","roofer","4.5","141","https://www.portlandroofingco.com/","14415 SE Stark St, Portland, OR 97233, USA"
"Pro Tow","(503) 646-2233","locksmith","3.1","141","https://www.protow.net/","4470 SW 142nd Ave, Beaverton, OR 97005, USA"
"Matrix Roof & Home","(360) 474-5828","roofer","4.9","140","https://matrixroof.com/","8100 NE St Johns Rd A-104, Vancouver, WA 98665, USA"
"Aloha Pressure Washing Inc. & Roofing Co","(503) 649-6849","roofer","4.9","138","https://www.alohapressurewashing.com/","2795 SE Cornelius Pass Rd, Hillsboro, OR 97123, USA"
"Classic Electric","(503) 259-0459","electrician","4.9","137","https://www.classicelectricnw.com/","16300 SW Langer Dr #1335, Sherwood, OR 97140, USA"
"United Water & Air","(360) 852-7998","plumber","4.9","137","https://www.unitedwaterandair.com/","6000 NE 88th St Bldg B Ste. 100, Vancouver, WA 98665, USA"
"Orion Roofing","(503) 690-1807","roofer","4.9","136","https://www.orion-nw.com/","9620 Northeast Tanasbourne Dr Suite 300, Hillsboro, OR 97124, USA"
"Proline Plumbing & Sewer","(360) 614-4018","plumber","4.8","135","https://prolineplumbingandsewer.com/","2918 NW 31st Ave, Camas, WA 98607, USA"
"ABC Lock & Safe","(503) 766-5541","locksmith","4.8","135","https://abclockandsafe.com/","3255 NE Wygant St, Portland, OR 97211, USA"
"Soto & Brothers Roofing","(360) 241-5024","roofer","5","134","https://www.sotobrothersroofing.com/","15612 NE Union Rd, Vancouver, WA 98686, USA"
"A-MAX Security Solutions, Inc.","(503) 245-3653","locksmith","4.6","134","http://www.amaxsecurity.com/","9665 SW Allen Blvd #109, Beaverton, OR 97005, USA"
"Gutter Empire LLC","(971) 777-9899","roofer","4.9","133","https://gutterempiregutterguards.com/?utm_source=omg-gbp&utm_medium=webclick","6003 NE 44th Ave, Vancouver, WA 98661, USA"
"Perfect Service Plumbing and Drain Cleaning","(503) 964-4000","plumber","5","132","https://www.theperfectservice.com/","1011 SE Oak St, Portland, OR 97214, USA"
"Gresham Roofing","(503) 492-7663","roofer","4.8","128","https://www.greshamroofing.com/","2525 SE 287th Ave, Troutdale, OR 97060, USA"
"Smart HVAC","(360) 953-5762","gas-engineer","4.9","127","https://www.smart-hvacus.com/","9511 NE 106th St, Vancouver, WA 98662, USA"
"Tonys Roofing","(503) 415-0438","roofer","4.9","127","https://tonysroofingllc.com/","4450 SE 125th Ave, Portland, OR 97236, USA"
"Streamline Plumbing","(360) 326-8981","plumber","4.9","124","https://www.streamline-plumbing.com/","3612 NE 149th Ave, Vancouver, WA 98682, USA"
"Jeremy's Plumbing and Water heater services","(360) 949-2330","plumber","5","124","https://eliteplumbingjeremy.com/","5604 NE 102nd St, Vancouver, WA 98686, USA"
"4 A Roofing Inc","(360) 558-1572","roofer","5","123","http://4aroofing.com/","9120 NE Vancouver Mall Loop STE 230, Vancouver, WA 98682, USA"
"SFW Construction","(503) 536-2210","roofer","4.8","121","https://sfwconstruction.com/locations/tualatin-siding-contractor/?utm_campaign=gmb","12705 SW Herman Rd B, Tualatin, OR 97062, USA"
"RBB Roofing & Contracting","(503) 764-9853","roofer","4.9","121","https://rbbroofing.com/","3803 SW 9th Ct, Gresham, OR 97030, USA"
"Affordable Roofing and Gutter Company","(503) 575-7267","roofer","4.7","120","https://affordableroofingandguttercompany.com/","8215 SW Tualatin-Sherwood Rd suite 200b, Tualatin, OR 97062, USA"
"Mr. Electric of Clackamas County","(503) 433-3464","electrician","4.8","120","https://mrelectric.com/clackamas-county?cid=LSTL_MRE000196&utm_source=gmb&utm_campaign=local&utm_medium=organic","260 82nd Dr #105, Gladstone, OR 97027, USA"
"Sarkinen Electrical","(360) 258-0370","electrician","4.9","119","https://sarkinenelectrical.com/","9502 NE 72nd Ave Suite B, Vancouver, WA 98665, USA"
"Northwest Roof Tech","(503) 253-5666","roofer","4.8","119","https://nwrooftech.com/","5360 NE 112th Ave, Portland, OR 97220, USA"
"NW Precision Roofing","(971) 217-5324","roofer","5","118","http://nwprecisionroofing.com/","8915 NE Tennyson St, Beaverton, OR 97006, USA"
"Klam Construction, LLC","(503) 387-6929","roofer","5","117","http://klamconstruction.net/","8502 SE Hinkley Ave, Happy Valley, OR 97086, USA"
"Lock Dragon | Car Key Replacement & Locksmith","(971) 930-2542","locksmith","4.3","116","http://locksmithdragon.com/?utm_campaign=gmb","11080 SW Polsky Rd, Beaverton, OR 97005, USA"
"Best Choice Roofing","(971) 328-3901","roofer","4.9","116","https://bestchoiceroofing.com/portland/?utm_source=google&utm_medium=organic&utm_campaign=gmb","9498 SW Barbur Blvd Suite 310, Portland, OR 97219, USA"
"Zoom Electric","(360) 516-2819","electrician","5","115","https://callzoomelectric.com/","4001 Main St #320, Vancouver, WA 98663, USA"
"West coast Roofers & Gutters llc","(971) 227-3353","roofer","5","115","https://westcoastroofersllc.com/","1303 SW 15th Ct, Gresham, OR 97080, USA"
"All Season Continuous Gutters & Roof Care","(503) 860-6950","roofer","4.9","113","https://allseasongutters.com/","24023 NE Shea Ln Suite 204, Wood Village, OR 97060, USA"
"Black Cat Plumbing","(503) 788-0300","plumber","4.9","113","http://www.blackcatplumbing.com/","8230 SE 72nd Ave, Portland, OR 97206, USA"
"B&G Excavation and Plumbing LLC","(503) 761-2038","plumber","4.6","111","https://portlandplumbingbg.com/?utm_source=google&utm_medium=organic","17835 SE Foster Rd, Damascus, OR 97089, USA"
"Sawtooth Roofing Company","(503) 258-8017","roofer","4.6","111","https://sawtoothroofing.com/","5230 NE 109th Ave, Portland, OR 97220, USA"
"Sound Plumbing & Drain","(360) 768-6857","plumber","5","111","https://www.soundplumbers.com/","7720 NE Hwy 99 D, Vancouver, WA 98665, USA"
"BP plumbing & Construction Services","(360) 241-1199","plumber","5","110","http://www.allamericanplumbinginc.net/","15715 NE Beech St STE 4B, Portland, OR 97230, USA"
"J&J Roofing & Construction","(360) 517-1381","roofer","5","109","https://jnjroofing.net/vancouver-wa-roofing/","7811 NE 88th St, Vancouver, WA 98662, USA"
"Greater Purpose Construction LLC - Portland Roofing","(503) 512-9054","roofer","5","108","https://www.gpurpose.com/","15875 SE 114th Ave suite h, Clackamas, OR 97015, USA"
"West Side Drain and Septic","(503) 334-2228","plumber","4.9","108","https://www.westsidedrain.com/","5976 SE Alexander St Ste C, Hillsboro, OR 97123, USA"
"Fox Roofing and Construction","(503) 660-6225","roofer","5","108","https://foxroofingpdx.com/","21891 SE Ash St, Gresham, OR 97030, USA"
"Locksmith Plus, Inc.","(503) 782-1287","locksmith","5","108","https://locksmithplusinc.com/portland-or/","600 SE Powell Blvd, Portland, OR 97202, USA"
"HOMEMASTERS - West PDX","(503) 506-6536","roofer","4.6","107","https://homemasters.com/locations/portland-sw-oregon/","16295 SW 85th Ave, Tigard, OR 97224, USA"
"Precision Locksmith Service, Inc","(503) 644-9881","locksmith","4.3","106","http://www.precisionlocksmith.com/","10345 SW Canyon Rd, Beaverton, OR 97005, USA"
"Mr. Electric of Beaverton - Tigard","(503) 278-8897","electrician","5","105","https://mrelectric.com/beaverton-tigard?cid=LSTL_MRE000256","14355 SW Allen Blvd #120, Beaverton, OR 97005, USA"
"Mountaintop Metal Roofing","(503) 902-7924","roofer","5","104","https://www.mountaintopmetalroofing.com/location/portland/?utm_source=google&utm_medium=organic&utm_campaign=portland&utm_content=gbp","2175 NW Raleigh St Suite 2038, Portland, OR 97210, USA"
"Advantage Locksmith Portland","(503) 342-4106","locksmith","4.6","103","https://advantagelocksmithportland.com/","7645 SW Capitol Hwy, Portland, OR 97219, USA"
"Apex Home Solutions","(503) 442-1719","roofer","4.9","103","https://apexhomespdx.com/","412 Beavercreek Rd Suite 612, Oregon City, OR 97045, USA"
"Living Hope Roofing","(503) 713-1837","roofer","5","103","https://www.livinghoperoofing.com/","11650 SW 67th Ave, Tigard, OR 97223, USA"
"SKS Plumbing, LLC","(503) 319-9348","plumber","4.9","103","https://sksplumbing.com/?utm_source=organic&utm_medium=google+business+profile","25670 SW Wolsborn Ave, Hillsboro, OR 97123, USA"
"Lo's Contracting, Inc.","(503) 750-3804","roofer","5","101","https://loscontracting.com/","4110 NE 122nd Ave Suite#125, Portland, OR 97230, USA"
"H&L Roofing","(503) 756-8487","roofer","4.8","101","https://oregonroof.com/","12599 S Hiefield Ct, Oregon City, OR 97045, USA"
"West Coast Electric, Inc.","(360) 980-2290","electrician","4.9","99","","13215 SE Mill Plain Blvd Suite C-8, Vancouver, WA 98684, USA"
"C C & L Roofing Co","(503) 774-0928","roofer","4.7","97","http://www.ccandlroofing.com/","3319 SE 92nd Ave, Portland, OR 97266, USA"
"Ability Plus Roofing","(503) 628-6322","roofer","4.8","95","http://www.abilityplusroofing.com/","16055 SW Walker Rd #110, Beaverton, OR 97006, USA"
"KVN Vancouver Siding","(360) 667-7767","roofer","5","93","https://www.kvnconstruction.com/portland-siding-contractors/","16505 NE 22nd St, Vancouver, WA 98684, USA"
"HOMEMASTERS Portland East","(503) 766-3912","roofer","4.7","92","https://homemasters.com/locations/portland-east-oregon/","12900 SE Richey Rd, Boring, OR 97009, USA"
"Hawthorne General Construction","(971) 500-5190","roofer","4.9","91","https://hawthornegeneralconstruction.com/","4862 SW Scholls Ferry Rd, Portland, OR 97225, USA"
"Pacific Exteriors LLC","(503) 647-4765","roofer","4.7","91","https://www.pacificexteriorsllc.com/?utm_source=organic&utm_medium=portlandgmb&promo=portlandgmb","9570 SW Barbur Blvd #304, Portland, OR 97219, USA"
"Service Pro Plumbing Inc","(360) 857-0999","plumber","5","91","https://serviceproplumbing.com/service-areas/vancouver/","5305 NE 121st Ave #608, Vancouver, WA 98682, USA"
"Pilot Plumbing and Water Restoration of Portland","(503) 606-8771","plumber","4.8","90","https://pilotplumbinganddrain.com/portland-plumbers/?utm_source=google&utm_medium=organic&utm_campaign=gbp_portland","555 SE Martin Luther King Jr Blvd Suite 105, Portland, OR 97214, USA"
"Exterior Care Pdx Inc.","(503) 925-3907","roofer","5","90","https://www.exteriorcarepdx.com/","10290 SW Tualatin Rd Unit # DM-5, Tualatin, OR 97062, USA"
"Western Pacific Roofing","(503) 659-7663","roofer","4.9","89","https://www.westpacroofing.com/","9318 SE Church St, Clackamas, OR 97015, USA"
"Keystone Electric","(360) 989-6382","electrician","4.8","87","","5305 NE 121st Ave #304, Vancouver, WA 98682, USA"
"Newman Electric LLC","(360) 828-7143","electrician","4.9","86","https://newmanelectricwa.com/?utm_source=google&utm_medium=organic&campaign=gbp-listing","5305 NE 121st Ave #308, Vancouver, WA 98682, USA"
"Young Electric LLC","(503) 706-9867","electrician","4.9","85","https://youngelectricco.com/?utm_source=google&utm_medium=organic&utm_campaign=clackamas-gbp-main","14704 SE 82nd Dr, Clackamas, OR 97015, USA"
"Dan's Top Notch Heating & Cooling","(360) 835-9364","gas-engineer","4.4","85","http://www.danstopnotchhvac.com/","594 C St, Washougal, WA 98671, USA"
"Tilt Plumbing","(971) 930-8826","plumber","4.8","85","https://tiltplumbing.com/","402 Beavercreek Rd #109, Oregon City, OR 97045, USA"
"Proper Electric Inc.","(971) 207-7270","electrician","5","85","http://properelectricpdx.com/","3716 NE 3rd St, Gresham, OR 97030, USA"
"Kamakoa Plumbing Solutions","(808) 766-4207","plumber","5","84","https://kamakoaplumbing.com/","2180 NE Clarendon St, Hillsboro, OR 97124, USA"
"Dryworx Water Damage Restoration","(360) 526-6593","plumber","5","84","https://dryworxrestoration.com/vancouver-wa/?utm_source=GBP&utm_id=vancouver","7902 NE St Johns Rd #105C, Vancouver, WA 98665, USA"
"Terry Massey Plumbing","(503) 997-0324","plumber","4.9","84","https://masseyplumbingmilwaukie.com/","12949 SE Rusk Rd, Milwaukie, OR 97222, USA"
"Joe Water Heater, LLC","(503) 748-9365","gas-engineer","4.7","82","https://joe-water-heater.ueniweb.com/?utm_campaign=gmb","114 SW Whitaker St., Portland, OR 97239, USA"
"Caliber Plumbing Services LLC","(503) 505-9823","plumber","4.7","82","https://caliberservicellc.com/","2615 NW St Helens Rd, Portland, OR 97210, USA"
"M T Dunn Plumbing","(503) 640-2458","plumber","4.7","82","https://mtdunnplumbing.com/","3618 SE Conrad Ct, Hillsboro, OR 97123, USA"
"Kruse Plumbing","(360) 573-4337","plumber","4.7","81","https://kruseplumbing.com/","5802 NE 88th St, Vancouver, WA 98665, USA"
"Callahan Electric","(503) 421-4553","electrician","4.9","81","http://callahanelectricpdx.com/","1623 SE Lafayette St, Portland, OR 97202, USA"
"Reliance Roof Pros","(503) 303-7180","roofer","4.9","80","https://relianceroofpros.com/?utm_source=GBP&utm_medium=organic&utm_campaign=GBP-Visit","7490 SW Bridgeport Rd, Portland, OR 97224, USA"
"KeyMe Locksmiths","(503) 372-1582","locksmith","4.2","80","https://key.me/kiosks/oregon/wood-village/wood-village/locksmith-key-copy-wood-village-fred-meyer-97060-oregon","22855 NE Park Ln, Wood Village, OR 97060, USA"
"Beaverton Plumbing","(503) 643-7619","plumber","3.8","80","http://www.beavertonplumbing.com/","13980 SW Tualatin Valley Hwy, Beaverton, OR 97005, USA"
"Excellence Plumbing","(503) 643-3459","plumber","4.7","79","http://www.excellenceplumbing.com/","Parking lot, 7913 SW Nimbus Ave, Beaverton, OR 97008, USA"
"Crown Electric of Clark County LLC","(360) 896-4122","electrician","4.8","78","https://www.crownelectric.us/","6109 NE 121st Ave suite 104, Vancouver, WA 98682, USA"
"Gold Shield Exteriors","(360) 947-7119","roofer","5","78","https://goldshieldexteriors.com/","7909 NE St Johns Rd, Vancouver, WA 98665, USA"
"NW Seismic","(503) 741-8311","gas-engineer","4.8","77","http://www.nwseismic.com/","1230 NE 63rd Ave, Portland, OR 97213, USA"
"Cascade Roofing Portland","(503) 620-2711","roofer","4.7","75","https://www.cascaderoofingportland.com/","6950 SW Hampton St, Portland, OR 97223, USA"
"Absolute Electric Inc.","(360) 883-3873","electrician","4.6","74","http://www.absoluteelectricinc.com/","6715 NE 63rd St Suite 510, Vancouver, WA 98661, USA"
"Raindrop Roofing NW LLC","(503) 526-3887","roofer","4.8","74","https://www.raindropnw.com/?utm_source=google&utm_medium=organic&utm_campaign=gbp","8305 SW Cirrus Dr, Beaverton, OR 97008, USA"
"Blazer Electric LLC","(971) 533-6827","electrician","5","74","http://www.blazerelect.com/","12604 NE 105th Way, Vancouver, WA 98682, USA"
"The Plumbers Inc.","(503) 519-6644","plumber","4.6","73","http://www.theplumbersinc.net/","11420 SW Pacific Hwy, Tigard, OR 97223, USA"
"Power Plumbing Company","(503) 244-1900","plumber","3.9","73","http://powerplumbingco.com/","6611 SW Multnomah Blvd, Portland, OR 97223, USA"
"Prairie Electric Inc.","(360) 576-7426","electrician","4.8","73","https://www.prairielectric.com/locations/vancouver-wa/?utm_source=GBP&utm_medium=organic","6000 NE 88th St # B104, Vancouver, WA 98665, USA"
"Certified Roofing Services​ | Roofing Contractor Portland​","(503) 760-9000","roofer","4.9","72","https://certifiedroofingservicesportland.com/?utm_source=google&utm_medium=organic&utm_campaign=gbp-website-link","11918 SE Division St #218, Portland, OR 97266, USA"
"Post Electric Company","(360) 474-3338","electrician","5","71","http://www.postelectricpdx.com/","10707 NE 207th Ave, Brush Prairie, WA 98606, USA"
"Wire Nutz Electric","(360) 609-2714","electrician","5","71","http://wirenutzelectric.com/","13023 NE Hwy 99 Suite 7 PMB#264, Vancouver, WA 98686, USA"
"AGE Electric Inc","(360) 798-4104","electrician","5","70","https://ageelectricinc.com/","1710 NE 149th Cir, Vancouver, WA 98686, USA"
"Energy Solutions","(503) 476-3243","electrician","4.9","69","https://esolutions-or.com/","414 S Beavercreek Rd Unit #702, Oregon City, OR 97045, USA"
"Assured Exteriors","(503) 744-6034","roofer","4.6","69","https://assuredexteriors.com/service-area/vancouver-wa/?utm_campaign=gmb","2211 E Mill Plain Blvd #100, Vancouver, WA 98661, USA"
"A Act Fast Locksmith","(503) 655-3172","locksmith","4.3","69","","16621 SE 82nd Dr, Clackamas, OR 97015, USA"
"Brisco Roofing, LLC","(360) 433-9071","roofer","4.6","69","https://briscoroofing.com/vancouver-wa/","5703 NE St James Rd, Vancouver, WA 98663, USA"
"RedBird Roofing","(360) 207-6059","roofer","5","69","https://www.redbirdroofs.com/","7902 NE St Johns Rd SUITE 111, Vancouver, WA 98665, USA"
"RoofTek","(503) 462-1365","roofer","4.8","68","https://rooftek.com/location-home/portland/?s=portland","8885 SW Canyon Rd, Portland, OR 97225, USA"
"All Roofing Eagle Construction Inc","(503) 774-1299","roofer","4.9","68","https://allroofingeagle.com/","8200 SE 162nd Ave, Portland, OR 97236, USA"
"LADA Exteriors","(503) 860-6660","roofer","5","67","https://ladaexteriors.com/","19365 SW 89th Ave, Tualatin, OR 97062, USA"
"Exterior Barrier, LLC","(971) 293-2703","roofer","5","66","https://exteriorbarrier.com/","2208 NW Birdsdale Ave #10, Gresham, OR 97030, USA"
"Kaminskiy Care and Repair Handyman Services","(971) 571-5787","roofer","5","66","https://careandrepair.com/or/portland-local-handyman-services/?utm_source=google&utm_medium=organic&utm_campaign=gbp-listing","9620 Northeast Tanasbourne Dr Ste 300K, Hillsboro, OR 97124, USA"
"NCRoofing LLC.","(971) 228-9989","roofer","5","66","","2913 E Main St, Hillsboro, OR 97123, USA"
"Top Flight Roofing LLC","(503) 912-1664","roofer","4.7","65","http://www.topflightroofingportland.com/","111 SW 5th Ave, Portland, OR 97204, USA"
"Real Estate Roofing & Mold Solutions","(503) 284-5522","roofer","4.3","63","http://www.realestateroofing.com/","5402 NE Columbia Blvd, Portland, OR 97218, USA"
"Raven Roofing Beaverton","(503) 783-8855","roofer","4.9","63","https://ravenroofingpdx.com/","4145 SW Watson Ave #350, Beaverton, OR 97005, USA"
"Premier Property Services PDX LLC","(503) 864-5996","roofer","4.9","62","https://premierpropertyservicesor.com/","5681 SE 29th Terrace, Gresham, OR 97080, USA"
"ABC Electric","(503) 233-7551","electrician","4.5","61","http://www.abc-electric.net/","19380 SW 118th Ave, Tualatin, OR 97062, USA"
"Rainy City Roofing LLC.","(503) 577-2176","roofer","4.9","61","https://rainycityroofing.com/?utm_source=google&utm_medium=organic&utm_campaign=gbp","2204-8 NW Birdsdale Ave, Gresham, OR 97030, USA"
"KeyMe Locksmiths","(503) 660-4891","locksmith","4.1","60","https://key.me/kiosks/oregon/tigard/tigard/locksmith-key-copy-tigard-fred-meyer-97223-oregon","11565 SW Pacific Hwy, Tigard, OR 97223, USA"
"Vitan Construction LLC","(503) 575-7663","roofer","5","59","https://www.vitanconstruction.com/","9327 NE Glisan St, Portland, OR 97220, USA"
"A&E Plumbing, Heating and Air","(503) 618-9646","plumber","4.7","59","https://aeheatingandcooling.com/","390 NE 9th St, Gresham, OR 97030, USA"
"Advanced Plumbing, LLC","(360) 938-4888","plumber","4.9","59","http://advancedplumbing.net/?utm_campaign=gmb","5000 NE Salmon Creek St, Vancouver, WA 98686, USA"
"Executive Roof Services","(503) 445-7746","roofer","3","59","https://www.executiveroofservices.com/roofing-portland/","2107 SE 7th Ave, Portland, OR 97214, USA"
"Powerful Roofing and Construction LLC","(971) 246-9411","roofer","5","58","https://powerfulrc.com/","8560 SW Salish Ln #900, Wilsonville, OR 97070, USA"
"Squires Electric, Inc.","(503) 252-1609","electrician","4.3","58","http://www.squireselectric.com/","820 SE Washington St, Portland, OR 97214, USA"
"Red's Electric Co.","(503) 233-6467","electrician","4.3","58","https://www.redselectric.com/","3787 SE Naef Rd, Portland, OR 97267, USA"
"Loves Plumbing","(971) 484-8077","plumber","5","58","https://loves-plumbing.com/","10940 SW 79th Ave, Tigard, OR 97223, USA"
"Conduit Electric","(503) 692-1428","electrician","4.8","57","http://www.conduitelectric.net/?utm_source=google&utm_medium=wix_google_business_profile&utm_campaign=8801893437895499736","19461 SW 89th Ave, Tualatin, OR 97062, USA"
"JCL Heating and Cooling LLC","(503) 991-8688","gas-engineer","5","57","https://www.jclheatingandcooling.com/ac-repair-gresham-oregon","2354 NE View Pl, Gresham, OR 97030, USA"
"Cascade Building Services","(503) 691-0776","drain-specialist","5","56","https://cascadebuildingservices.com/?utm_source=GMBlisting&utm_medium=organic","10680 SW Industrial Way, Tualatin, OR 97062, USA"
"Canyon Ridge Electric","(971) 271-0159","electrician","5","56","http://canyonridgeelectric.com/","404 Beavercreek Rd #230, Oregon City, OR 97045, USA"
"Flat Roof LLC","(971) 339-4299","roofer","5","56","https://flatroofllc.com/","650 NE Holladay St Suite 1600, Portland, OR 97232, USA"
"Dr. Roof, Inc","(360) 852-8884","roofer","4.7","56","https://www.drroofinc.com/","1311 NE 144th St, Vancouver, WA 98685, USA"
"Tom's Roofing & General Contractor Inc","(503) 516-5633","roofer","4.8","55","","12413 SE Steele St, Portland, OR 97236, USA"
"King of the Circuits","(503) 751-8503","electrician","4.7","55","","707 SW Washington St #5050, Portland, OR 97205, USA"
"Stanley Roof and Solar","(800) 433-4633","roofer","5","54","https://stanleyroofandsolar.com/","7202 NE Hwy 99 SUITE 106-210, Vancouver, WA 98665, USA"
"Alameda Electric LLC","(503) 863-6887","electrician","4.2","54","https://www.alamedaelectricpdx.com/","3415 NE 44th Ave, Portland, OR 97213, USA"
"Platt Electric Supply","(503) 230-1265","electrician","4.1","54","https://www.platt.com/platt-electric-supply/OR/Portland/StoreLocationDetail.aspx?id=42&utm_source=local-listings&utm_medium=organic&utm_content=GMB","322 SE Taylor St #042, Portland, OR 97214, USA"
"AAAAA Locksmith Service","(503) 757-6616","locksmith","4.9","54","","19456 SE Marcia Ct, Milwaukie, OR 97267, USA"
"KeyMe Locksmiths","(360) 844-3035","locksmith","3.8","53","https://key.me/kiosks/washington/vancouver/vancouver/locksmith-key-copy-vancouver-fred-meyer-98684-washington","11325 SE Mill Plain Blvd, Vancouver, WA 98684, USA"
"Thomas & Sons Heating & Cooling","(971) 260-3637","plumber","4.9","53","https://thomassonsplumbing.com/","1823 Willamette Falls Dr, West Linn, OR 97068, USA"
"Gonzalez Eagle Roofing LLC","(971) 217-0779","roofer","4.5","53","http://gonzalezeagleroofing.com/","4305 SW 185th Ave, Beaverton, OR 97078, USA"
"KeyMe Locksmiths","(503) 850-7659","locksmith","4.4","52","https://key.me/kiosks/oregon/portland/portland/locksmith-key-copy-portland-fred-meyer-97219-oregon","7555 SW Barbur Blvd, Portland, OR 97219, USA"
"Pacific Northwest Electric Inc.","(503) 657-1188","electrician","5","52","https://pacificnwelectric.com/","15710 S Holcomb Blvd, Oregon City, OR 97045, USA"
"West Side Drain and Septic","(503) 461-6177","plumber","5","52","http://westsidedrain.com/","9460 SW Tigard St STE 102 A, Tigard, OR 97223, USA"
"American Leak Detection of Portland","(503) 843-8975","drain-specialist","4.9","52","https://www.americanleakdetection.com/portland/","3219 NE 66th Ave, Portland, OR 97213, USA"
"Pronto Handyman llc","(971) 425-7214","electrician","4.9","51","http://prontohandymanllc.com/","1049 SE Walnut St, Hillsboro, OR 97123, USA"
"Green O Construction LLC","(971) 997-2166","roofer","4.2","51","https://greenoconstruction.com/","20001 SW Tualatin Valley Hwy Suite 208, Beaverton, OR 97006, USA"
"M Brothers Roofing LLC","(503) 381-6409","roofer","5","51","https://mbrothersroofingllc.com/","16771 SE 80th Pl, Milwaukie, OR 97267, USA"
"DeTemple CO","(503) 227-2641","plumber","4","50","http://www.detemple.com/","4287 SE International Way ste a, Milwaukie, OR 97222, USA"
"Flow Roofing & Gutters Washington","(503) 936-2476","roofer","5","50","https://flowroofing.us/","1013 NE 62nd Ave, Portland, OR 97213, USA"
"Unbreakable Remodeling PDX","(503) 572-9237","roofer","4.9","50","https://unbreakableremodeling.com/","410 NW Lost Springs Terrace #108, Portland, OR 97229, USA"
"JH Kelly","(503) 656-7400","plumber","3.1","48","https://www.jhkelly.com/","2000 SE Hanna Harvester Dr, Milwaukie, OR 97222, USA"
"FlyLock","(503) 660-4738","locksmith","4.8","48","https://flylock.com/locations/portland/?utm_source=Google&utm_medium=Listing&utm_campaign=PORTLAND","14050 SW Pacific Hwy Suite #102, Tigard, OR 97224, USA"
"KeyMe Locksmiths","(503) 212-6175","locksmith","4.2","48","https://key.me/kiosks/oregon/tualatin/tualatin/key-copy-tualatin-oregon","19200 SW Martinazzi Ave, Tualatin, OR 97062, USA"
"Rose City Plumbing","(503) 936-5618","plumber","5","48","http://rosecityplumbingpdx.com/","4001 N Interstate Ave, Portland, OR 97227, USA"
"KeyMe Locksmiths","(503) 212-9491","locksmith","4.1","48","https://key.me/kiosks/oregon/milwaukie/milwaukie/locksmith-key-copy-milwaukie-fred-meyer-97267-oregon","14700 SE McLoughlin Blvd, Milwaukie, OR 97267, USA"
"Northwest Electrical Solutions","(503) 759-3952","electrician","4.8","48","","7409 SW Tech Center Dr Suite B 125, Tigard, OR 97223, USA"
"Precision Earthworks LLC","(503) 509-8926","drain-specialist","4.7","47","https://precisionearthworksllc.com/","21150 SW Johnson St, Hillsboro, OR 97003, USA"
"All County Plumbing LLC","(360) 883-2506","plumber","4.5","47","https://allcountyplumbers.com/","10614 NE 124th Ave #2, Vancouver, WA 98682, USA"
"Boones Ferry Electric, Inc.","(503) 682-4936","electrician","4.8","47","http://www.boonesferryelectric.com/","9375 SW Commerce Cir # A6, Wilsonville, OR 97070, USA"
"Trinity Glass and Shower Doors LLC","(503) 267-9596","glazier","4.9","47","http://portlandglassservice.com/","216 NE 172nd Ave, Portland, OR 97230, USA"
"Urban Electric Company LLC","(360) 606-2674","electrician","4.8","46","http://www.urbanelectricalco.com/","Box 822405, 11909 NE 65th St, Vancouver, WA 98682, USA"
"Sunlight Electric","(971) 222-5758","electrician","4.5","46","https://sunlightelectric.com/","7524 NE 88th St, Vancouver, WA 98662, USA"
"Your Trusted Handyman LLC","(360) 773-4118","roofer","5","46","http://yourtrustedhandyman.org/","18510 NE 32nd Cir, Vancouver, WA 98682, USA"
"CedarTech Roofing, Inc.","(503) 643-9303","roofer","4.7","45","https://www.cedartechroofcare.com/","10940 SW Barnes Rd #138, Portland, OR 97225, USA"
"NW Roofing Renovation LLC","(503) 752-7773","roofer","4.8","45","https://nwroofingrenovation.com/","9600 NE 73rd St, Vancouver, WA 98662, USA"
"Parkin Electric Inc","(503) 657-4958","electrician","4.5","45","http://www.parkinelectric.com/","14001 Fir St, Oregon City, OR 97045, USA"
"Stanley Brothers Home Heating & Air Conditioning","(971) 306-9300","drain-specialist","4.8","45","https://stanleybrothersplumbing.com/","23105 SE Tualatin Valley Hwy, Hillsboro, OR 97123, USA"
"Einstein Pros Plumbing Portland","(503) 821-4070","plumber","4.3","44","https://einsteinprosportland.com/","618 NW Glisan St, Portland, OR 97209, USA"
"Coy Electric, Inc.","(503) 600-0111","electrician","5","44","https://www.coyelectric.com/","402 S Beavercreek Rd #108, Oregon City, OR 97045, USA"
"Superior Roofing","(503) 762-3123","roofer","4","43","https://www.thesuperiorroofers.com/","7235 SE Woodstock Blvd, Portland, OR 97206, USA"
"Precision Locksmith Service, Inc (A-Assured Lock Shop)","(503) 636-6962","locksmith","4.7","43","http://precisionlocksmith.com/","311 B Ave UNIT E, Lake Oswego, OR 97034, USA"
"Tice Electric Company","(503) 233-8801","electrician","4.6","43","http://www.ticeelectric.com/","5405 N Lagoon Ave, Portland, OR 97217, USA"
"InterTech Electrical","(850) 226-3311","electrician","4.9","43","https://www.intertechelectrical.com/","5601 E 18th St Unit 307, Vancouver, WA 98661, USA"
"Elements Roofing","(503) 699-6905","roofer","4.5","43","https://www.roofportland.com/24-7-roof-repair/","13425 SW 72nd Ave, Tigard, OR 97223, USA"
"Robinson Brothers Heating & Cooling","(971) 260-3545","plumber","4.9","43","https://robinsonplumbers.com/","19370 SW 90th Ct, Tualatin, OR 97062, USA"
"Black Rock Underground, LLC","(503) 747-9312","drain-specialist","4.7","43","http://www.blackrockunderground.com/","16770 SW Shaw St Suite C, Beaverton, OR 97007, USA"
"Aylwin Construction","(503) 998-7663","roofer","4.3","42","http://www.aylwinconstruction.com/","3144 SE Tualatin Valley Hwy, Hillsboro, OR 97123, USA"
"Big Jim’s Home Repair","(503) 332-0744","roofer","4.9","42","http://bigjimshomerepair.com/","4630 SW 177th Ave, Beaverton, OR 97078, USA"
"Wright Brothers Home Heating & AC","(971) 260-4147","plumber","4.8","42","https://wrighthomeplumbing.com/","8406 SW Main St, Wilsonville, OR 97070, USA"
"LOVETT Restoration","(503) 238-3870","drain-specialist","4.4","42","https://www.lovettservices.com/water-mold-damage-portland-oregon/","6920 NE 42nd Ave, Portland, OR 97218, USA"
"Smiley Electric, Inc. 🙂 Portland Electricians","(503) 484-7556","electrician","4.7","42","http://smileyelectric.net/","820 N River St #205, Portland, OR 97227, USA"
"Platt Electric Supply","(503) 255-3436","electrician","4.3","42","https://www.platt.com/platt-electric-supply/OR/Portland/StoreLocationDetail.aspx?id=39&utm_source=local-listings&utm_medium=organic&utm_content=GMB","12830 NE Airport Way, Portland, OR 97230, USA"
"KeyMe Locksmiths","(503) 966-8836","locksmith","4.3","42","https://key.me/kiosks/oregon/portland/portland/locksmith-key-copy-portland-fred-meyer-97236-oregon","14700 SE Division St, Portland, OR 97236, USA"
"Plumbing Services in Portland - Repiping Services in Portland - JamPlumbingPDX","(971) 712-4884","plumber","4.4","41","https://jamplumbingpdx.com/","918 NE Killingsworth St, Portland, OR 97211, USA"
"High Quality Plumbing Services Portland OR","(503) 650-6158","plumber","4.2","41","","5320 S Macadam Ave, Portland, OR 97239, USA"
"Miller & Sons HVAC & Gas","(971) 260-3535","plumber","4.8","41","https://millersonsplumbing.com/","2105-2643 SE Tualatin Valley Hwy, Hillsboro, OR 97123, USA"
"Stoner Electric Group","(503) 462-6500","electrician","4","41","http://www.stonergroup.com/","1904 SE Ochoco St, Milwaukie, OR 97222, USA"
"Clow Roofing & Siding Co","(503) 281-1238","roofer","3.7","41","http://clowroofing.com/","434 N Tillamook St, Portland, OR 97227, USA"
"Legacy Glass","(503) 305-5679","glazier","4.4","41","https://www.legacyglassnw.com/","6510 Rosewood St, Lake Oswego, OR 97035, USA"
"RPI Plumbing & Fire Inc.","(360) 718-2415","plumber","4.9","40","https://rpiplumbingandfire.com/","5900 NE 152nd Ave Building G, Suite 225, Vancouver, WA 98682, USA"
"Bruner Plumbing Inc","(503) 624-4880","plumber","4.7","40","http://www.brunerplumbing.com/","10470 SW Park St, Tigard, OR 97223, USA"
"Bridgetown Electric","(503) 621-7122","electrician","4.4","40","https://www.bridgetownelectric.com/","4702 N Lombard St, Portland, OR 97203, USA"
"A Apple Plumbing Repair","(503) 648-1855","plumber","4.7","40","","Hillsboro, OR 97124, USA"
"Yes Portland Roofing","(971) 316-4829","roofer","5","39","https://www.yesportlandroofing.com/","3640 SE 35th Pl, Portland, OR 97202, USA"
"Dickinson's Electric Portland","(503) 246-3550","electrician","4.9","39","https://dickinsonselectric.com/","8449 SW Barbur Blvd, Portland, OR 97219, USA"
"KeyMe Locksmiths","(360) 318-7281","locksmith","3.8","39","https://key.me/kiosks/washington/vancouver/vancouver/locksmith-duplicate-keys-vancouver-fred-meyer-98665-washington","7700 NE Hwy 99, Vancouver, WA 98665, USA"
"KeyMe Locksmiths","(503) 217-2814","locksmith","4.2","39","https://key.me/kiosks/oregon/happy-valley/happy-valley/locksmith-key-copy-happy-valley-fred-meyer-97015-oregon","17005 SE Sunnyside Rd, Happy Valley, OR 97015, USA"
"Woods Roofing LLC","(503) 317-9663","roofer","4.9","39","http://www.woodsroofing.net/?utm_source=google&utm_medium=wix_google_business_profile&utm_campaign=16396431563868808836","802 Magnolia St, Oregon City, OR 97045, USA"
"New Generation Roofing","(503) 519-6421","roofer","5","39","https://www.newgeneration-roofing.com/","122 NW 14th Pl, Gresham, OR 97030, USA"
"Hasskamp Roofing","(503) 645-0215","roofer","4.7","38","https://www.hasskamproofing.com/","2074 NE Aloclek Dr Ste 418, Hillsboro, OR 97124, USA"
"Star Roofing LLC","(503) 704-4248","roofer","5","38","https://starroofingpdx.com/","12308 NE 56th St #1307, Vancouver, WA 98682, USA"
"Matador Exteriors","(360) 836-0369","roofer","4.9","38","https://www.matadorexteriors.com/","10401 NE 29th Ave, Vancouver, WA 98686, USA"
"Nail It!","(503) 557-8989","roofer","4.4","38","https://www.nailitroofing.com/","16239 SE McLoughlin Blvd Suite 202, Milwaukie, OR 97267, USA"
"Garner Electric","(503) 648-4552","electrician","3.8","38","https://www.garnerelectric.com/","2890 SE Brookwood Ave, Hillsboro, OR 97123, USA"
"My Plumber LLC","(360) 991-9991","plumber","4.8","38","https://myplumberllc.com/","3014 NE 59th St, Vancouver, WA 98663, USA"
"Pacific Exteriors NW","(360) 907-1128","roofer","4.9","38","https://pacificexteriorsnw.com/","4217 NE Mason St, Portland, OR 97218, USA"
"KeyMe Locksmiths","(503) 506-7884","locksmith","4","37","https://key.me/kiosks/oregon/portland/portland/locksmith-key-copy-portland-fred-meyer-97225-oregon","7700 SW Beaverton Hillsdale Hwy, Portland, OR 97225, USA"
"KeyMe Locksmiths","(360) 295-9127","locksmith","4","37","https://key.me/kiosks/washington/vancouver/vancouver/locksmith-key-copy-vancouver-fred-meyer-98685-washington","800 NE Tenney Rd, Vancouver, WA 98685, USA"
"AutoTronics LLC","(503) 862-9408","locksmith","4.8","37","https://autotronicsllc.com/","5550 SW Oleson Rd, Portland, OR 97225, USA"
"ElectricXYZ","(503) 869-9929","electrician","4.9","36","http://www.electricxyz.com/","6715 NE 63rd St Suite #121, Vancouver, WA 98661, USA"
"KeyMe Locksmiths","(503) 874-6835","locksmith","3.6","36","https://key.me/kiosks/oregon/beaverton/beaverton/locksmith-key-copy-beaverton-fred-meyer-97005-oregon","11425 SW Beaverton Hillsdale Hwy, Beaverton, OR 97005, USA"
"1st Call Plumbing","(971) 409-7463","plumber","4.7","36","http://www.1stcallplumbing.net/","6615 SE 42nd Ave, Portland, OR 97206, USA"
"Mikechanics Mobile Auto Repair","(360) 513-2028","locksmith","4.8","36","http://mikesmobileauto.com/","1500 SW Pleasant View Dr, Gresham, OR 97080, USA"
"Ultimate Roofing LLC","(503) 849-6022","roofer","5","36","http://ultimateroofingllc.com/","8525 SE Orchard Ln #38, Happy Valley, OR 97086, USA"
"Eric Olson Electric","(360) 258-1849","electrician","4.3","36","https://www.ericolsonelectricinc.com/","8013 NE St Johns Rd H Unit, Vancouver, WA 98665, USA"
"Warner Roofing & Construction, Inc.","(360) 694-0249","roofer","4.5","35","https://www.warnerroofinginc.com/?utm_source=GMBlisting&utm_medium=organic","6815 E 18th St Ste 200, Vancouver, WA 98661, USA"
"Nichols Plumbing","(503) 653-2069","plumber","4.9","35","http://nicholsplumbingservices.com/?utm_source=google&utm_medium=gbp&utm_campaign=milwaukie","4375 SE Mark Kelly Ct, Milwaukie, OR 97267, USA"
"Golden Hawk Roofing","(503) 290-4475","roofer","5","35","http://www.goldenhawkroof.com/","6826 N Sedro St, Portland, OR 97203, USA"
"Electrician Guys Gresham","(503) 741-8726","electrician","4.9","35","https://www.greshamelectricianpros.com/","1304 Powell Blvd, Gresham, OR 97030, USA"
"M5 Plumbing Services, Inc.","(503) 926-6039","plumber","4.6","35","http://www.m5plumbing.com/","159 SW Florence Ave C17, Gresham, OR 97080, USA"
"Two States Roofing","(503) 869-3872","roofer","5","34","https://twostatesroofing.com/","4835 NE 107th Ave #39, Portland, OR 97220, USA"
"Platt Electric Supply","(503) 640-8907","electrician","4.4","34","https://www.platt.com/platt-electric-supply/OR/Hillsboro/StoreLocationDetail.aspx?id=21&utm_source=local-listings&utm_medium=organic&utm_content=GMB","1281 NE 25th Ave #021, Hillsboro, OR 97124, USA"
"BZ Lock and Key LLC","(360) 649-4501","locksmith","4.8","33","http://www.bzlockandkey.com/","9505 NE 15th Ave Suite B, Vancouver, WA 98665, USA"
"CR Electrical LLC","(503) 206-7441","electrician","4.3","33","https://crelectricalllc.com/","15842 SE 114th Ave, Clackamas, OR 97015, USA"
"NAVY Construction LLC","(503) 430-4794","roofer","4.7","33","http://navycompany.org/","550 SE 66th Ave, Hillsboro, OR 97123, USA"
"KeyMe Locksmiths","(503) 221-8454","locksmith","4","33","https://key.me/kiosks/oregon/wilsonville/wilsonville/locksmith-key-copy-wilsonville-fred-meyer-97070-oregon","30300 SW Boones Ferry Rd, Wilsonville, OR 97070, USA"
"Top Line Roofing Contractors","(503) 206-3167","roofer","4.8","33","https://www.toplineroofingcontractors.com/","6708 NE Glisan St #107, Portland, OR 97213, USA"
"Gregg Roofing Inc","(971) 484-1694","roofer","5","32","","2701 N Newark St, Portland, OR 97217, USA"
"Rose City Electric Co","(503) 287-6164","electrician","3.8","31","http://www.rosecityelectricco.com/","2150 NW 29th Ave, Portland, OR 97210, USA"
"Salmon Creek Electric","(360) 606-5767","electrician","4.8","30","https://www.salmoncreekelectric.com/","16221 NE 50th Ave, Vancouver, WA 98686, USA"
"Hillsboro Plumbing","(503) 640-2525","plumber","4.2","30","","360 SE Oak St, Hillsboro, OR 97123, USA"
"Platt Electric Supply / Rexel","(503) 682-1399","electrician","4.5","30","https://www.platt.com/locations/or/rexel-platt-wilsonville/5152&utm_source=local-listings&utm_medium=organic&utm_content=GMB","9730 SW Hillman Ct Suite 600, Bldg 6, Wilsonville, OR 97070, USA"
"Milwaukie Electric","(971) 263-4514","electrician","5","30","https://www.milwaukieelectric.com/","14570 SE Johnson Rd, Milwaukie, OR 97267, USA"
"Gregg Roofing LLC","(360) 834-3902","roofer","4.9","30","http://www.greggroofing.com/","27001 SE 15th St, Camas, WA 98607, USA"
"RK Electric, Inc.","(503) 640-1344","electrician","4.3","30","http://www.rkelectric.biz/","3075 SW 234th Ave, Hillsboro, OR 97123, USA"
"Blue Moon Roofing & Gutters","(971) 272-8812","roofer","5","29","https://www.bluemoonroofs.com/?utm_source=google&utm_medium=organic&utm_campaign=gmb","530 NE Liberty Ave A, Gresham, OR 97030, USA"
"French Roofing LLC","(503) 730-4050","roofer","4.7","29","http://www.frenchroofing.com/","16235 SE Van Zyl Dr, Damascus, OR 97089, USA"
"KVN Construction","(503) 477-3854","roofer","4.9","29","https://www.kvnconstruction.com/","14354 SE Morning Sun Ct, Clackamas, OR 97015, USA"
"Trinity Plumbing PDX","(503) 683-7000","plumber","4.9","29","https://trinityplumbingpdx.com/","2051 Willamette Falls Dr, West Linn, OR 97068, USA"
"Cloud City Electric","(503) 232-0351","electrician","5","28","https://www.cloudcityelectric.com/","2355 NE 134th Pl, Portland, OR 97230, USA"
"Alpine Exteriors","(503) 573-1966","roofer","5","28","https://alpineexteriorspros.com/","1125 SE Madison St # 100C, Portland, OR 97214, USA"
"Tilly's Roofing Repair","(503) 638-1096","roofer","4.8","28","https://www.tillysroofing.com/","20169 S May Rd, Oregon City, OR 97045, USA"
"Phoenix Quality Construction","(971) 389-2947","roofer","5","28","https://www.phoenixqualityconstruction.com/","5686 NW 183rd Ave, Portland, OR 97229, USA"
"Oakley Electric","(971) 213-6901","electrician","4.6","28","http://www.oakleyelec.com/","300 NE Roberts Ave, Gresham, OR 97030, USA"
"Kaminskiy Care and Repair Handyman Services","(503) 912-7872","roofer","5","28","https://careandrepair.com/or/lake-oswego-local-handyman-services/?utm_source=google&utm_medium=organic&utm_campaign=gbp-listing","5 Centerpointe Dr Ste 400K, Lake Oswego, OR 97035, USA"
"Sky View Roofing Inc","(971) 392-0775","roofer","5","28","http://www.skyviewroofinginc.com/","20617 SW Longacre St, Aloha, OR 97003, USA"
"Prodigy Roof Solutions","(503) 457-5363","roofer","5","28","https://www.prodigyroofsolutions.com/","4145 SW Watson Ave, Beaverton, OR 97005, USA"
"Ace Locksmiths LLC","(503) 381-5799","locksmith","4.9","28","http://ace24hrlocksmith.com/","5129 SE 30th Ave, Portland, OR 97202, USA"
"KeyMe Locksmiths","(503) 506-6945","locksmith","4.5","28","https://key.me/kiosks/oregon/oregon-city/oregon-city/locksmith-key-copy-oregon-city-winco-97045-oregon","19701 OR-213, Oregon City, OR 97045, USA"
"SW Salmon Electrical Contractors","(971) 316-8427","electrician","4.2","28","","1020 SW Salmon St, Portland, OR 97205, USA"
"Griffith Roofing Co","(503) 643-1596","roofer","4","27","http://www.griffithroofingcompany.com/","6815 SW 111th Ave, Beaverton, OR 97008, USA"
"Abba's Integrity Lock & Safe","(503) 657-5625","locksmith","5","27","","Parking lot, 1839 Molalla Ave #7, Oregon City, OR 97045, USA"
"Advanced Electric","(360) 254-6864","electrician","4.7","27","https://www.advancedelectric.ws/contact-us","21811 NE 58th St, Vancouver, WA 98682, USA"
"QB Lock and Key Llc","(971) 678-1234","locksmith","4.8","27","https://qblockandkey.com/","6200 S Virginia Ave #106, Portland, OR 97239, USA"
"KeyMe Locksmiths","(360) 469-3462","locksmith","3.9","27","https://key.me/kiosks/washington/vancouver/vancouver/locksmith-key-copy-vancouver-winco-98661-washington","2101 NE Andresen Rd, Vancouver, WA 98661, USA"
"AllScope Plumbing and Construction, Inc.","(503) 927-0713","plumber","4.9","27","http://www.allscopeplumbinginc.com/","18859 SW Butternut St, Beaverton, OR 97078, USA"
"Next Gen Pro Build LLC","(360) 820-0886","roofer","5","27","https://nextgenprobuild.com/","4500 Nicholson Rd, Vancouver, WA 98661, USA"
"Top Value Roofing LLC","(503) 858-7522","roofer","5","26","https://topvalueroofing.com/","851 Liberty Bell Dr, Beaverton, OR 97006, USA"
"Henrickson Electric","(503) 756-4636","electrician","5","26","http://www.henelectric.com/","20138 S Bakers Ferry Rd, Oregon City, OR 97045, USA"
"2 Brothers Contracting LLC","(360) 909-2265","roofer","5","26","https://2brotherscontractingllc.com/","7017 NE 124th Ave, Vancouver, WA 98682, USA"
"HOUGH ELECTRIC LLC","(503) 572-3482","electrician","4.5","26","","10355 SW Bryton Ct, Wilsonville, OR 97070, USA"
"Cameron Contractors LLC","(360) 597-6048","plumber","5","25","http://cameroncontractors.com/","3916 NW 136th St, Vancouver, WA 98685, USA"
"Premier Roofers","(971) 717-8097","roofer","4.9","25","https://premier-roofers.ueniweb.com/?utm_campaign=gmb","1974 SW 5th Ave, Portland, OR 97201, USA"
"Kammer Electric","(360) 773-6882","electrician","4.8","25","https://kammerelectric.com/","5601 NE 88th St, Vancouver, WA 98665, USA"
"Badger Electric","(503) 288-4756","electrician","4.5","25","http://www.badgerelectricinc.com/","4415 NE Sandy Blvd # 205, Portland, OR 97213, USA"
"Venne Plumbing","(503) 624-9309","plumber","4.8","25","http://venneplumbing.com/","15145 SW Division St, Sherwood, OR 97140, USA"
"Nxt Level Roofing and Construction LLC","(503) 453-5300","roofer","4.2","25","http://www.nxtlevel-roofing.com/","5233 NE Windrow St, Hillsboro, OR 97003, USA"
"ADK Electric Inc.","(360) 546-5155","electrician","4.6","25","http://www.teamadk.com/","9000 NE 90th St, Vancouver, WA 98662, USA"
"Unity Electrical Service","(971) 379-7380","electrician","5","24","http://unityelectricalservice.com/","3325 NE 65th Ave, Portland, OR 97213, USA"
"Pacific Roof LLC","(360) 828-1969","roofer","4.8","24","http://www.pacificroofllc.com/","12216 NW 36th Ave, Vancouver, WA 98685, USA"
"Platt Electric Supply","(503) 667-9931","electrician","4.5","24","https://www.platt.com/platt-electric-supply/OR/Gresham/StoreLocationDetail.aspx?id=11&utm_source=local-listings&utm_medium=organic&utm_content=GMB","909 NE Kane Dr, Gresham, OR 97030, USA"
"KeyMe Locksmiths","(503) 966-9743","locksmith","4","24","https://key.me/kiosks/oregon/clackamas/clackamas/locksmith-key-copy-clackamas-fred-meyer-97015-oregon","16301 SE 82nd Dr, Clackamas, OR 97015, USA"
"SA Roofing","(503) 837-3556","roofer","4.8","24","http://keepitsimpleroofing.com/","1414 SE 18th Ave # 100, Hillsboro, OR 97123, USA"
"Bullseye Electric Inc","(360) 260-4814","electrician","4.5","24","http://www.bullseye-electric.com/","3613 NE 64th Street, Vancouver, WA 98661, USA"
"Platt Electric Supply","(503) 643-4671","electrician","4.2","24","https://www.platt.com/platt-electric-supply/OR/Beaverton/StoreLocationDetail.aspx?id=10&utm_source=local-listings&utm_medium=organic&utm_content=GMB","4650 SW Pacific Ave, Beaverton, OR 97005, USA"
"Pro Tech Roofing A.S.","(360) 472-2024","roofer","4.9","24","http://protechroofingas.com/","5305 NE 121st Ave UNIT 413, Vancouver, WA 98682, USA"
"Sky Bright Metal Roofing","(971) 344-5424","roofer","4.8","24","https://skybrightmetalroofing.com/","12212 SE Ash St, Portland, OR 97233, USA"
"Top Shield Roofing","(503) 894-6279","roofer","5","24","http://www.topshieldroof.com/","10260 SW Greenburg Rd Suite 447, Portland, OR 97223, USA"
"North By Northwest Services - Electric Clackamas","(800) 474-0568","electrician","5","24","http://northbynorthwestservices.com/","15069 SE 94th Ave, Clackamas, OR 97015, USA"
"Summerson Plumbing","(360) 600-4198","plumber","4.6","24","https://www.summersonplumbing.com/","15310 NE 81st Way, Vancouver, WA 98682, USA"
"Alfa Electric","(503) 804-2090","electrician","4.5","23","http://alfa-electrical.com/","16915 SW Annie Ln, Beaverton, OR 97007, USA"
"WT Electric | Wired Together Electric","(971) 979-4733","electrician","5","23","http://wtelectric.us/","9735 SW Sunshine Ct #100, Beaverton, OR 97005, USA"
"KeyMe Locksmiths","(503) 714-7895","locksmith","3.7","23","https://key.me/kiosks/oregon/portland/portland/locksmith-key-copy-portland-fred-meyer-97232-oregon","3030 NE Weidler St, Portland, OR 97232, USA"
"Modern Plumbing","(503) 691-6166","plumber","4.1","23","https://www.modernplumbingpdx.com/?utm_source=GMB&utm_medium=GMB&utm_campaign=GMB","11120 SW Industrial Way, Tualatin, OR 97062, USA"
"Parfitt Plumbing","(503) 307-5605","plumber","5","23","https://parfittplumbing.com/","12172 SE 222nd Dr, Damascus, OR 97089, USA"
"McGee Plumbing Company Inc.","(360) 835-2859","plumber","4.1","23","https://www.mcgeepnw.com/","559 C St, Washougal, WA 98671, USA"
"Mt. Hood Roof Restoration","(503) 666-5590","roofer","4.3","23","https://www.mthoodroof.com/","16405 SE Royer Rd, Damascus, OR 97089, USA"
"Direct Roofing Company","(971) 393-2023","roofer","5","23","","5605 SE Milwaukie Ave, Portland, OR 97202, USA"
"Affinity Electric","(971) 400-5354","electrician","4.9","23","http://www.nwaffinityelectric.com/","685 Collins Crest St, Gladstone, OR 97027, USA"
"DL Baker Homes","(360) 356-1251","roofer","4.3","23","https://dlbakerhomes.com/","7017 NE Hwy 99 UNIT 108, Vancouver, WA 98665, USA"
"Nimbus Roofing & Sheet Metal","(971) 435-5341","roofer","5","22","https://nimbusroofingandsheetmetal.com/","6440 SE Crosswhite Way, Portland, OR 97206, USA"
"Quality Roof Inc.","(503) 642-9762","roofer","4.8","22","https://qualityroofinc.com/","7795 SW Cirrus Dr, Beaverton, OR 97008, USA"
"Drain-Pro Inc. - Oregon","(503) 668-3000","drain-specialist","4.6","22","http://www.drain-pro.com/","12255 SE 282nd Ave, Boring, OR 97009, USA"
"Keith Green Construction Inc","(503) 681-7912","roofer","4.9","22","https://keithgreenconstruction.com/beaverton/","3045 SW 207th Ave, Beaverton, OR 97003, USA"
"SaveRoofs","(503) 933-5065","roofer","4.4","22","","16700 SE 80th Pl, Portland, OR 97267, USA"
"LION ROOFING & EXTERIORS LLC","(503) 405-8082","roofer","5","22","","7236 SE 162nd Ave, Portland, OR 97236, USA"
"Premier Portland Plumbers","(971) 803-3401","plumber","4.8","22","","Classico Marmo in Portland, OR, USA, 1311 SE 9th Ave, Portland, OR 97214, USA"
"Omni Electric Inc","(503) 747-0805","electrician","4.5","21","https://omnielectric3.wixsite.com/website","18988 SW Shaw St, Aloha, OR 97007, USA"
"I & A Roofing LLC","(971) 303-7381","roofer","4.6","21","http://www.iaroofing.com/","5135 SE 108th Ave, Portland, OR 97266, USA"
"KeyMe Locksmiths","(503) 868-0024","locksmith","3.4","21","https://key.me/kiosks/oregon/happy-valley/happy-valley/locksmith-key-copy-happy-valley-winco-97086-oregon","11250 SE 82nd Ave, Happy Valley, OR 97086, USA"
"Turcios roofing & general construction llc","(360) 771-0912","roofer","4.6","21","http://www.tr-roofing.com/","3419 E 21st St, Vancouver, WA 98661, USA"
"Team Electric Company","(503) 557-7180","electrician","4.5","21","http://www.teamelectricco.com/","9400 SE Clackamas Rd, Clackamas, OR 97015, USA"
"Duke & Son LLC","(503) 317-1006","roofer","4.8","20","https://usamapsdet.top/details/duke-son-llc-ChIJp04","308 S Montgomery St, Portland, OR 97201, USA"
"MRC Roofing LLC","(360) 773-0187","roofer","5","20","https://mrcroofingllc.com/","12417 NE 72nd St, Vancouver, WA 98682, USA"
"Integrity Roofing Company","(503) 742-0864","roofer","5","20","http://www.integrityroofingco.com/","15814 SE 114th Ave Ste 101, Clackamas, OR 97015, USA"
"Journeyman Exteriors","(360) 241-6050","roofer","5","20","https://www.journeymanexteriors.net/","Northgate Industrial Park, 1417 NE 76th St Ste G13, Vancouver, WA 98665, USA"
"Tough Roofing LLC","(971) 230-4929","roofer","4.9","20","https://www.toughroofingportland.com/","2177 SE 105th Ave, Portland, OR 97216, USA"
"Platt Electric Supply","(503) 224-1919","electrician","4.7","20","https://www.platt.com/platt-electric-supply/OR/Portland/StoreLocationDetail.aspx?id=56&utm_source=local-listings&utm_medium=organic&utm_content=GMB","2727 NW Front Ave, Portland, OR 97210, USA"
"RJ Ramos Construction and Electrical Co.","(503) 233-1435","electrician","5","20","https://www.rjramos.com/","8401 SE Powell Blvd, Portland, OR 97266, USA"
"D&R Roofing","(503) 908-5197","roofer","5","19","https://dnrroofing.com/","8605 SE 65th Ave, Portland, OR 97206, USA"
"Nw Solutions LLC","(971) 507-2587","roofer","5","19","https://www.nwsolutionsllc.com/","830 Liberty Bell Dr, Beaverton, OR 97006, USA"
"M and M Roofing Inc","(360) 944-6087","roofer","4.7","19","","14804 NE 26th St, Vancouver, WA 98684, USA"
"Innovators Construction LLC","(503) 766-8021","roofer","4.7","19","https://www.innovatorsconstruction.com/","1440 NE 223rd Ave, Wood Village, OR 97060, USA"
"SYLVANIA ELECTRIC INC.","(503) 757-1117","electrician","5","19","https://sylvaniaelectricinc.com/","1208 NE Sockeye Pl, Wood Village, OR 97060, USA"
"KeyMe Locksmiths","(360) 295-9439","locksmith","4.3","19","https://key.me/kiosks/washington/vancouver/vancouver/locksmith-key-copy-vancouver-fred-meyer-98661-washington","2500 Columbia House Blvd, Vancouver, WA 98661, USA"
"Western Pacific Roofing","(503) 659-7663","roofer","4.5","19","https://www.westpacroofing.com/roofing-contact-free-estimate/","10824 SE Oak St, Milwaukie, OR 97222, USA"
"Ranieri Plumbing LLC","(503) 719-6671","plumber","4.9","19","http://www.ranieriplumbing.com/","2635 SE 9th Ave, Portland, OR 97202, USA"
"KeyMe Locksmiths","(503) 852-9185","locksmith","4.7","19","https://key.me/kiosks/oregon/tigard/tigard/locksmith-key-copy-tigard-winco-97223-oregon","7501 SW Dartmouth St, Tigard, OR 97223, USA"
"24/7 Heating & Cooling","(503) 804-6534","gas-engineer","4.4","19","","Tigard, OR 97224, USA"
"Precision NW Electrical Contractors","(503) 413-9870","electrician","4.7","18","https://precisionnw.com/","14200 SE McLoughlin Blvd, Portland, OR 97267, USA"
"Sankoz Corporation","(503) 607-0140","roofer","4.6","18","","15865 SE 114th Ave # L, Clackamas, OR 97015, USA"
"KeyMe Locksmiths","(503) 897-9801","locksmith","4","18","https://key.me/kiosks/oregon/portland/portland/locksmith-key-copy-portland-fred-meyer-97213-oregon","6615 NE Glisan St, Portland, OR 97213, USA"
"Hillsboro Roofing Company","(971) 297-3583","roofer","4.8","18","http://hillsbororoofingcompany.click/","862 SE Oak St, Hillsboro, OR 97123, USA"
"LOCAL Plumbing Co","(503) 642-2067","plumber","4.6","18","https://www.localplumbingco.com/","20833 SW Olds Pl, Sherwood, OR 97140, USA"
"JBC Roofing, LLC","(503) 968-1235","roofer","4.6","18","http://www.jbcroofing.com/","12155 SW Grant Ave d, Tigard, OR 97223, USA"
"Rose City Lock & Safe","(503) 280-9999","locksmith","4.4","18","","3136 NE Weidler St, Portland, OR 97232, USA"
"KeyMe Locksmiths","(503) 966-7306","locksmith","3.6","17","https://key.me/kiosks/oregon/gresham/gresham/locksmith-key-copy-gresham-winco-97080-oregon","2511 SE 1st St, Gresham, OR 97080, USA"
"KeyMe Locksmiths","(503) 506-6372","locksmith","3.8","17","https://key.me/kiosks/oregon/hillsboro/hillsboro/locksmith-key-copy-hillsboro-fred-meyer-97123-oregon","6495 SE Tualatin Valley Hwy, Hillsboro, OR 97123, USA"
"Rossco Plumbing","(360) 775-2247","plumber","4.5","17","https://www.rosscoplumbing.com/?utm_source=google&utm_medium=organic&utm_campaign=gbp-profile-vancouver","11801 NE Hwy 99, Vancouver, WA 98686, USA"
"Western Plumbing & Services","(503) 639-5296","plumber","3.4","17","http://www.westernplumbinginc.com/","9460 SW Tigard St, Tigard, OR 97223, USA"
"Three Phase Electric","(503) 908-8058","electrician","4.1","17","http://www.threephaseelectric.com/","11490 SE Jennifer St, Clackamas, OR 97015, USA"
"M5 Plumbing Services, Inc.","(360) 624-8376","plumber","4.7","17","http://www.m5plumbing.com/plumbing-vancouver-wa/","14304 NE 52nd St, Vancouver, WA 98682, USA"
"Jordan Roofing Company LLC","(971) 353-8064","roofer","4.8","17","http://www.jordanroofingcollc.com/","820 SW 15th St, Troutdale, OR 97060, USA"
"Service Now Heating & Cooling Inc.","(503) 445-2440","gas-engineer","4.8","17","http://www.servicenowinc.com/","15648 SE 114th Ave #106, Clackamas, OR 97015, USA"
"KeyMe Locksmiths","(360) 215-3446","locksmith","3.1","17","https://key.me/kiosks/washington/vancouver/vancouver/locksmith-key-copy-vancouver-winco-98665-washington","9700 NE Hwy 99, Vancouver, WA 98665, USA"
"PRORoof","(503) 477-9836","roofer","4.3","16","http://www.yourproroof.com/","6710 N Catlin Ave Suite A, Portland, OR 97203, USA"
"Best Contractor and Handyman Services - Lake Oswego / West Linn","(971) 404-2500","roofer","5","16","https://bestcontractorandhandymanservices.com/","14889 SW 116th Pl, Tigard, OR 97224, USA"
"Shift Electric Co.","(503) 914-4040","electrician","4.9","16","https://www.shiftelectricco.com/","1001 SE Sandy Blvd Suite 110, Portland, OR 97214, USA"
"New System Plumbing","(503) 698-2211","plumber","5","16","http://newsystemplumbing.com/","1960 NE 25th Ave Ste 20, Hillsboro, OR 97124, USA"
"Platt Electric Supply","(503) 684-2087","electrician","4.6","16","https://www.platt.com/platt-electric-supply/OR/Portland/StoreLocationDetail.aspx?id=48&utm_source=local-listings&utm_medium=organic&utm_content=GMB","18098 SW Lower Boones Ferry Rd, Portland, OR 97224, USA"
"Electric XYZ","(503) 869-9929","electrician","5","16","https://www.electricxyz.com/","1410 NW Kearney St APT 1010, Portland, OR 97209, USA"
"Peace Of Mind Plumbing","(503) 344-4705","plumber","4.8","16","http://www.peaceofmindplumbing.com/","20100 S Beavercreek Rd, Oregon City, OR 97045, USA"
"AE Roofing Company Portland","(503) 213-6561","roofer","4.8","16","https://aeroofingcompany.com/portland-or/","3303 N Mississippi Ave, Portland, OR 97227, USA"
"Precision Plumbing Co.","(503) 348-9606","plumber","4.5","16","","10569 NW Lost Park Dr, Portland, OR 97229, USA"
"On The Way Plumbing","(503) 741-7500","plumber","5","16","https://ontheway-plumbing.com/","17750 SW Upper Boones Ferry Rd Ste. 160, Portland, OR 97224, USA"
"HOMEMASTERS Vancouver","(360) 836-4100","roofer","4.5","16","https://vancouver.homemasters.com/","1315 NE 134th St #112, Vancouver, WA 98685, USA"
"Star Electrical Services Inc","(503) 579-9201","electrician","4","16","http://www.starelectricalserviceinc.com/","10700 SW Beaverton Hillsdale Hwy, Beaverton, OR 97005, USA"
"Cochran Portland","(971) 205-4242","electrician","2.8","16","http://www.cochraninc.com/","7550 SW Tech Center Dr STE 220, Portland, OR 97223, USA"
"Prime Roofing","(503) 780-1312","roofer","5","15","https://primeroof.com/","6795 SW Juniper Terrace, Beaverton, OR 97008, USA"
"Sagas Roofing Company","(503) 212-6708","roofer","5","15","https://sagasroofing.com/company-oregon-city-or/","617 High St, Oregon City, OR 97045, USA"
"Portland Roof & Gutter Cleaning by All Seasons","(503) 974-6970","roofer","5","15","https://www.seasonscleaningservices.com/portland?utm_source=google-business-profile","11150 NE Weidler St suite 8, Portland, OR 97220, USA"
"V-S Roofing services llc","(360) 241-8798","roofer","5","15","http://www.v-sroofingservicesllc.com/","4304 NE 42nd St, Vancouver, WA 98661, USA"
"Accurate Electric Unlimited, Inc.","(360) 567-3330","electrician","4.5","15","http://www.aeuinc.com/","600 SE Maritime Ave Suite 260, Vancouver, WA 98661, USA"
"Lake Oswego Roofing Company","(971) 297-3715","roofer","5","15","https://lakeoswegoroofingcompany.homes/","4800 Meadows Rd, Lake Oswego, OR 97035, USA"
"KeyMe Locksmiths","(503) 212-6850","locksmith","3.6","15","https://key.me/kiosks/oregon/portland/portland/locksmith-key-copy-portland-fred-meyer-97217-oregon","7404 N Interstate Ave, Portland, OR 97217, USA"
"PORTLAND ROOF AND GUTTERS CO.","(503) 601-9122","roofer","3.9","14","https://usamapsdet.top/details/portland-roof-and-gutters-co-ChIJXYd","18365 SW Tualatin Valley Hwy, Beaverton, OR 97006, USA"
"Lumex Electric llc","(360) 831-2692","electrician","5","14","http://www.lumexelectric.com/","10506 NE 67th Ave, Vancouver, WA 98686, USA"
"McDonald & Wetle Inc","(503) 667-0175","roofer","4.5","14","https://www.mcdonaldwetle.com/?utm_source=google&utm_medium=organic&utm_campaign=gbp-listing","2020 NE 194th Ave, Portland, OR 97230, USA"
"Jarmer Electric Inc","(503) 246-5381","electrician","4.9","14","","5105 SW 45th Ave #100, Portland, OR 97221, USA"
"Lucky Electric LLC","(971) 417-9345","electrician","5","14","https://www.luckyelectricpdx.com/","9115 SW Club Meadow Ln, Portland, OR 97225, USA"
"KeyMe Locksmiths","(503) 831-9123","locksmith","4.2","14","https://key.me/kiosks/oregon/hillsboro/hillsboro/locksmith-key-copy-hillsboro-winco-97124-oregon","7330 NE Butler St, Hillsboro, OR 97124, USA"
"ABC Roofing, a Tecta America Company, LLC","(503) 786-0616","roofer","4.4","14","http://www.tectaamerica.com/portland-oregon-commercial-roofing-abc-roofing/","11305 NE Marx St, Portland, OR 97220, USA"
"Cache Valley Electric","(503) 431-6600","electrician","3.7","14","https://www.cve.com/","12550 SW 68th Ave, Tigard, OR 97223, USA"
"Noble Fir Construction","(503) 457-3729","roofer","4.9","14","https://www.noblefirconstruction.com/","10125 N Leonard St, Portland, OR 97203, USA"
"Pacific Roof Restorations","(503) 564-8343","roofer","5","14","https://www.pacificroofrestorations.com/","12308 NE 56th St, Vancouver, WA 98682, USA"
"Multiphase Electric LLC","(503) 908-1593","electrician","4.9","13","https://multiphaseelectric.com/","220 14th St, Oregon City, OR 97045, USA"
"Timberline Electrical Contractor","(503) 459-4089","electrician","4.7","13","","9414 SW Barbur Blvd, Portland, OR 97219, USA"
"Elements Roofing NW","(503) 699-6905","roofer","4.7","13","https://www.roofportland.com/elements-nw/","1720 NW Lovejoy St #216, Portland, OR 97209, USA"
"First Call Roofing","(360) 587-2211","roofer","4.7","13","","1704 Main St, Vancouver, WA 98660, USA"
"Oregon Mechanical Group LLC","(971) 340-0269","plumber","5","13","http://www.oregonmgroup.com/","23099 SE Mercer Ct, Damascus, OR 97089, USA"
"FXD Construction LLC","(503) 806-6644","roofer","5","13","https://www.fxdconstructionpdx.com/","7715 N Seneca St, Portland, OR 97203, USA"
"Craftsman Electric Inc","(971) 274-5536","electrician","5","13","https://www.craftsmanelectricinc.com/","2870 NE Hogan Dr suite e 301, Gresham, OR 97030, USA"
"Elements Roofing SE","(503) 699-6905","roofer","4","13","https://www.roofportland.com/elements-se/","833 SE Main St #207, Portland, OR 97214, USA"
"Friends Roofing and Remodel LLC","(360) 998-6381","roofer","5","13","http://friendsroofingandremodelllc.com/","5908 NE 100th Ave, Vancouver, WA 98662, USA"
"NWB Roofing - Roof Repair","(503) 461-5860","roofer","5","13","","Kings Landing, 13032 SE Gateway Dr, Happy Valley, OR 97086, USA"
"Jimmy's Roofing","(503) 966-3106","roofer","4.7","12","https://jimmysroofing.com/","14775 SE 82nd Dr, Clackamas, OR 97015, USA"
"KeyMe Locksmiths","(503) 974-0745","locksmith","3.4","12","https://key.me/kiosks/oregon/beaverton/beaverton/locksmith-key-copy-beaverton-fred-meyer-97006-oregon","15995 SW Walker Rd, Beaverton, OR 97006, USA"
"Atlas Electrical Contractors Inc.","(503) 659-2212","electrician","3.8","12","http://www.atlaselectrical.com/","4403 SE Roethe Rd, Milwaukie, OR 97267, USA"
"Fred Joules Electricians","(971) 265-2635","electrician","4.6","12","","8644 SW Canyon Rd #1590, Portland, OR 97225, USA"
"WRB Construction","(503) 885-7994","roofer","5","12","https://gowrb.com/","12705 SW Herman Rd Suite C, Tualatin, OR 97062, USA"
"Andersen Electric Inc.","(503) 665-4327","electrician","4","12","https://andersenelectric.com/","24023 NE Shea Ln #102, Wood Village, OR 97060, USA"
"Team Pro Lock","(503) 217-2910","locksmith","3.7","12","","24940 SW Gage Rd, Wilsonville, OR 97070, USA"
"iak contractors","(503) 765-2986","roofer","5","12","https://iakcontractor.com/homepage#section-L3jjJ5gqZ","714 N Grand Blvd Suite A, Vancouver, WA 98661, USA"
"AE Roofing Tigard","(503) 713-6126","roofer","5","12","https://aeroofingcompany.com/tigard-or/","8060 SW Pfaffle St Suite 106, Tigard, OR 97223, USA"
"Five Star Electric, Inc.","(503) 324-0948","electrician","4.6","12","http://fivestarelectric.org/","756 SW Bailey St, Hillsboro, OR 97123, USA"
"KeyMe Locksmiths","(360) 401-8353","locksmith","4.1","12","https://key.me/kiosks/washington/vancouver/vancouver/locksmith-key-copy-vancouver-winco-98684-washington","905 NE 136th Ave, Vancouver, WA 98684, USA"
"Electrical Control Services","(503) 536-5030","electrician","4.7","12","https://www.electricalcontrolservices.com/","4655 SW 202nd Ave, Beaverton, OR 97078, USA"
"Plumbing and Drain Service","(360) 995-1385","plumber","4.3","12","","11406 NE Rosewood Ave # K, Vancouver, WA 98662, USA"
"Einstein Pros Plumbing Vancouver Washington","(360) 768-3030","plumber","4.3","12","https://einsteinprosvancouver.com/","601 Main St, Vancouver, WA 98660, USA"
"Arrow Roofing & Sheet Metal Inc","(503) 460-2767","roofer","4.4","12","http://arrow-roofing.com/","5610 NE 65th Ave, Portland, OR 97218, USA"
"Royal Remodeling LLC","(503) 270-6607","roofer","5","12","http://www.royalremodelingllc.com/","21015 SW Alexander St, Beaverton, OR 97006, USA"
"KeyMe Locksmiths","(503) 506-4695","locksmith","3","11","https://key.me/kiosks/oregon/portland/portland/locksmith-key-copy-portland-fred-meyer-97214-oregon","3805 SE Hawthorne Blvd, Portland, OR 97214, USA"
"Roof Roof Roofing PDX","(971) 381-7936","roofer","5","11","https://roofroofingpdx.com/","8508 SE Alder St, Portland, OR 97216, USA"
"The Unplugger","(971) 407-8627","plumber","4.1","11","http://www.theunplugger.com/","5335 SE 104th Ave, Portland, OR 97266, USA"
"SERDEN - Bathroom, Tub & Shower Systems","(360) 600-7719","roofer","5","11","https://serdenco.com/interiors/","1104 Main St UNIT 610, Vancouver, WA 98660, USA"
"A+ Electrical Services","(503) 284-7300","electrician","3.6","11","","900 Lloyd Center, Portland, OR 97232, USA"
"Evergreen construction and roofing","(360) 747-9831","roofer","4.6","11","","13217 ne 59th st unite 108, Vancouver, WA 98682, USA"
"Good Affordable Roofing Services LLC","(971) 312-7767","roofer","3.9","11","","1287 SE Oak Grove Blvd, Milwaukie, OR 97267, USA"
"MD Electrical Services","(503) 504-7960","electrician","4","11","http://mdelectrical.services/?utm_source=gmb&utm_medium=referral","20068 OR-213, Oregon City, OR 97045, USA"
"Quickest Locksmith","(971) 203-2010","locksmith","5","11","https://quickest-locksmith.com/","1428 SE 19th Ave suite c, Portland, OR 97214, USA"
"Hood River Electrical LLC","(503) 201-0257","electrician","3.9","11","","20145 NE Sandy Blvd UNIT 22, Fairview, OR 97024, USA"
"SRD Plumbing","(503) 447-3737","plumber","5","10","https://srd-plumbing.com/","6805 SW Madrid Dr, Beaverton, OR 97078, USA"
"Black Diamond Plumbing INC.","(503) 310-3665","plumber","4.6","10","https://www.blackdiamondplumbinginc.com/?utm_campaign=gmb","14190 Fir St Suite 208, Oregon City, OR 97045, USA"
"Minute Key","(360) 360-1397","locksmith","3.3","10","https://www.minutekey.com/key-services/washington/vancouver/locksmith-key-copy-duplication-221-ne-104th-ave/26465/","221 NE 104th Ave, Vancouver, WA 98664, USA"
"Total Mechanical, Inc.","(360) 896-3848","gas-engineer","3.8","10","http://www.totalmechanical.com/","4857 NW Lake Rd Ste300, Camas, WA 98607, USA"
"Lioncrest Roofing & Chimney","(503) 997-8640","roofer","5","10","http://lioncrestpdx.com/","9301 SE Stanley Ave Ste 210, Portland, OR 97222, USA"
"Abe's Power Wash & Roofing, LLC","(503) 320-2016","roofer","4.2","10","https://www.abespowerwash.com/","16536 NW Argyle Way, Portland, OR 97229, USA"
"KeyMe Locksmiths","(503) 832-6873","locksmith","3.3","10","https://key.me/kiosks/oregon/portland/portland/locksmith-key-copy-portland-safeway-97222-oregon","4320 SE King Rd Ste 260 Suite 260, Portland, OR 97222, USA"
"Roof & Nail","(503) 270-3194","roofer","4.6","10","https://roofandnailco.com/","8885 SW Canyon Rd Suite #219, Portland, OR 97225, USA"
"North Coast Electric","(503) 570-6174","electrician","4.8","10","https://www.northcoast.com/?utm_source=google&utm_medium=organic&utm_campaign=gmb-listing&utm_content=wilsonville-branch","27600 SW 95th Ave #104, Wilsonville, OR 97070, USA"
"Pacific Sun Electric","(503) 732-8336","electrician","5","10","https://www.pacificsunelectric.com/","504 12th St, Oregon City, OR 97045, USA"
"KeyMe Locksmiths","(503) 751-3797","locksmith","4","9","https://key.me/kiosks/oregon/oregon-city/oregon-city/locksmith-key-copy-oregon-city-albertsons-97045-oregon","19007 S Beavercreek Rd, Oregon City, OR 97045, USA"
"Black Diamond Services LLC","(360) 735-0656","plumber","5","9","http://blackdiamondservicesllc.com/","11816 NE 113th St, Vancouver, WA 98662, USA"
"KeyMe Locksmiths","(360) 276-9935","locksmith","4","9","https://key.me/kiosks/washington/vancouver/vancouver/locksmith-key-copy-vancouver-fred-meyer-98662-washington","7411 NE 117th Ave, Vancouver, WA 98662, USA"
"Superior Underground","(503) 744-6905","drain-specialist","5","9","http://superiorunderground.net/","6400 SE 101st Ave UNIT 3, Portland, OR 97266, USA"
"KeyMe Locksmiths","(503) 843-8343","locksmith","3.3","9","https://key.me/kiosks/oregon/portland/portland/locksmith-key-copy-portland-fred-meyer-97203-oregon","6850 N Lombard St, Portland, OR 97203, USA"
"Minute Key","(360) 216-9149","locksmith","4.9","9","https://www.minutekey.com/key-services/washington/vancouver/locksmith-key-copy-duplication-2201-grand-blvd/25407/","2201 Grand Blvd, Vancouver, WA 98661, USA"
"Del Pacifico Roofing","(971) 303-7289","roofer","5","9","https://dproofingpdx.com/contact-us/","2130 N Kilpatrick St, Portland, OR 97217, USA"
"Beck Electric Inc","(503) 656-7396","electrician","5","9","","15687 SE Hwy 212, Damascus, OR 97089, USA"
"Hillsboro Electric LLC","(503) 439-9666","electrician","5","8","","8285 NE Evergreen Pkwy Suite 110, Hillsboro, OR 97124, USA"
"Electro-Wire Inc","(503) 360-5587","electrician","4.5","8","","18857 SE Sunnyside Rd, Damascus, OR 97089, USA"
"Current Remodeling, Inc.","(360) 608-9560","roofer","5","8","http://www.currentremodeling.com/","4107 NW Fruit Valley Rd e, Vancouver, WA 98660, USA"
"Metro Electric","(503) 407-1447","electrician","5","8","http://getmetroelectric.com/","2809 SE Myrtlewood Way, Gresham, OR 97080, USA"
"Pacific Installers NW","(360) 597-8868","roofer","5","8","https://www.pacificinstallersnw.com/","306 Little Rock Way, Vancouver, WA 98664, USA"
"Tom's Electrical","(503) 739-9848","electrician","5","8","","24076 SE Stark St #224, Gresham, OR 97030, USA"
"Burfitt Plumbing","(503) 287-1267","plumber","4.4","8","http://www.burfittplumbinginc.com/","16013 NE 81st St, Vancouver, WA 98682, USA"
"VanCam Handyman","(360) 726-3569","roofer","5","8","https://vancamhandyman.com/","3715 SE 189th Ave, Vancouver, WA 98683, USA"
"KeyMe Locksmiths","(458) 224-1852","locksmith","3.3","8","https://key.me/kiosks/washington/vancouver/vancouver/locksmith-key-copy-vancouver-quality-food-center-98683-washington","3505 SE 192nd Ave, Vancouver, WA 98683, USA"
"Blackout Electric","(360) 818-3120","electrician","5","8","https://blackoutelectric.us/","6605 NE 70th St, Vancouver, WA 98661, USA"
"Clark County Roofing","(360) 573-4986","roofer","4","8","https://www.clarkcountyroofing.com/","9203 NE Ward Rd, Vancouver, WA 98682, USA"
"Mountainside Roofing LLC","(360) 540-9906","roofer","5","8","http://www.mountainsideroofing.com/","3208 M St, Vancouver, WA 98663, USA"
"Tualatin Roofing","(503) 597-4079","roofer","5","8","http://www.tualatinroofing.com/","20390 SW 70th Ave, Tualatin, OR 97062, USA"
"Garon Roofing & Sheet Metal","(360) 254-0380","roofer","5","8","http://www.garonroofing.com/","8204 NE 78th St, Vancouver, WA 98662, USA"
"Summit Electric","(360) 901-0789","electrician","5","8","https://www.summitelectricco.net/","6212 NE 152nd Ave, Vancouver, WA 98682, USA"
"Best Tualatin Plumbers","(503) 543-1410","plumber","3.5","8","","18861 SW Martinazzi Ave #220, Tualatin, OR 97062, USA"
"Express Roofing","(360) 989-5073","roofer","5","8","","7412 NE 109th Ave, Vancouver, WA 98662, USA"
"Anderson Roofing Co Inc","(503) 294-0202","roofer","4.9","7","https://andersonroofing.net/","5885 NW St Helens Rd, Portland, OR 97210, USA"
"Minute Key","(971) 413-8336","locksmith","3.9","7","https://www.minutekey.com/key-services/oregon/milwaukie/locksmith-key-copy-duplication-13631-se-johnson-rd/26054/","13631 SE Johnson Rd, Milwaukie, OR 97222, USA"
"Minute Key","(503) 214-0541","locksmith","4","7","https://www.minutekey.com/key-services/oregon/hillsboro/locksmith-key-copy-duplication-1951-se-24th-ave/25872/","1951 SE 24th Ave, Hillsboro, OR 97123, USA"
"KeyMe Locksmiths","(503) 852-9416","locksmith","4","7","https://key.me/kiosks/oregon/aloha/aloha/locksmith-key-copy-aloha-safeway-97006-oregon","20535 SW Tualatin Valley Hwy, Aloha, OR 97006, USA"
"Foss Maritime","(206) 281-3800","gas-engineer","5","7","https://www.foss.com/regions/columbia-snake-river/","9030 NW St Helens Rd, Portland, OR 97231, USA"
"Vancouver Roofing Company","(360) 230-1206","roofer","5","7","http://www.roofing-vancouverwa.com/","100 E 19th St, Vancouver, WA 98663, USA"
"Montes Roofing Company","(360) 585-8787","roofer","4.4","7","","514 W 32nd St, Vancouver, WA 98660, USA"
"Dr. Roof, Inc","(503) 446-2043","roofer","4.3","7","https://drroofinc.com/roof-repair-portland-or/","818 SW 3rd Ave #1435, Portland, OR 97204, USA"
"Portland Roofing NW","(503) 766-3869","roofer","2.6","7","https://portlandroofingnw.com/","820 SW 10th Ave #102, Portland, OR 97205, USA"
"Portland Quality Roofing Inc","(503) 894-8691","roofer","5","7","https://portlandqualityroofing.com/","15837 NE Tillamook Ct, Portland, OR 97230, USA"
"Gresham Electric Inc","(503) 740-1727","electrician","5","7","https://gresham-electric.com/","4664 SE Antelope Hills, Gresham, OR 97080, USA"
"Columbia River Roofing","(503) 674-8754","roofer","4.7","7","http://www.crroof.com/","14745 SE 82nd Dr, Clackamas, OR 97015, USA"
"Mighty Dog Roofing of West Portland","(503) 487-5323","roofer","5","7","https://www.mightydogroofing.com/west-portland-or","1915 NE Stucki Ave STE 400, Beaverton, OR 97006, USA"
"Bergelectric Corporation","(503) 255-1818","electrician","4.1","7","http://www.bergelectric.com/","13650 NE Whitaker Way, Portland, OR 97230, USA"
"Vancouver Electric","(360) 907-8695","electrician","5","7","","802 Friedel Ave, Vancouver, WA 98664, USA"
"Pacific Roofing and Renovations LLC","(503) 915-3835","roofer","5","7","https://www.pacificroofingor.com/","18230 SW Monte Verdi Blvd, Aloha, OR 97007, USA"
"Lockguard Locksmiths of Portland","(503) 928-6700","locksmith","4.3","6","https://lockguardlocksmiths.com/locksmith-portland/","220 NW 8th Ave, Portland, OR 97209, USA"
"KeyMe Locksmiths","(503) 994-5735","locksmith","4.7","6","https://key.me/kiosks/oregon/sherwood/sherwood/locksmith-key-copy-sherwood-safeway-97140-oregon","20685 SW Roy Rogers Rd, Sherwood, OR 97140, USA"
"Clearview Roof Cleaning","(503) 863-8080","roofer","5","6","","10405 SW Denney Rd, Beaverton, OR 97008, USA"
"Dynalectric Oregon","(503) 226-6771","electrician","4.3","6","https://www.dyna-oregon.com/","2225 NW 20th Ave., Portland, OR 97209, USA"
"Top Master Roofing","(503) 327-1216","roofer","5","6","https://www.topmasterroofing.com/","2215 SW Townsend Ct, Troutdale, OR 97060, USA"
"Portland Plumbing Services","(503) 886-7849","plumber","4.7","6","","11124 NE Halsey St, Portland, OR 97220, USA"
"Sarkinen Plumbing Inc","(503) 208-9005","plumber","4.2","6","","Portland, OR 97236, USA"
"Columbia Drain Co","(503) 313-7246","drain-specialist","4.3","6","http://www.columbiadrain.com/","Portland, OR 97201, USA"
"Minute Key","(971) 313-3387","locksmith","4.7","6","https://www.minutekey.com/key-services/oregon/gresham/locksmith-key-copy-duplication-3900-w-powell-blvd/25535/","3900 W Powell Blvd, Gresham, OR 97030, USA"
"Isaac Roof Construction","(503) 841-4470","roofer","5","6","http://www.isaacroof.com/","2431 Rossiter Ln, Vancouver, WA 98661, USA"
"KeyMe Locksmiths","(503) 868-2137","locksmith","4.7","6","https://key.me/kiosks/oregon/portland/portland/locksmith-key-copy-portland-albertsons-97230-oregon","451 NE 181st Pl, Portland, OR 97230, USA"
"KeyMe Locksmiths","(503) 831-9284","locksmith","4","6","https://key.me/kiosks/oregon/portland/portland/locksmith-key-copy-portland-safeway-97224-oregon","15570 SW Pacific Hwy, Portland, OR 97224, USA"
"Ackerman Plumbing Services","(503) 698-2211","plumber","4.5","6","","4040 SE International Way e104, Milwaukie, OR 97222, USA"
"Leak Seal Roofing, Inc.","(360) 576-6826","roofer","5","6","https://www.leaksealroofing.com/","2518 NE 252nd Ave, Camas, WA 98607, USA"
"Affordable Septic Services","(360) 693-7074","drain-specialist","2.8","6","http://affordablesepticusa.com/","10620 NE Marx St, Vancouver, WA 98661, USA"
"Nations Roof","(503) 885-8080","roofer","3.7","6","https://nationsroof.com/locations/portland-or-commercial-roofing?utm_source=gmb&utm_medium=organic&utm_campaign=portland&utm_term=website_portland&utm_content=home_portland","19660 SW 118th Ave, Tualatin, OR 97062, USA"
"Mark Adams Electric, Inc.","(503) 557-8543","electrician","3.4","5","","17075 SE 82nd Dr, Clackamas, OR 97015, USA"
"Power Plus Electric","(971) 808-9038","electrician","5","5","","17675 SW Farmington Rd #256, Aloha, OR 97007, USA"
"KVN Vancouver Roofing","(360) 987-7000","roofer","5","5","https://www.kvnconstruction.com/roofing-vancouver-wa/","3111 U St Unit A, Vancouver, WA 98663, USA"
"Crystal Clear Plumbing of Portland","(971) 219-0784","plumber","4.2","5","http://www.crystalclearplumb.com/","4233 SE 182nd Ave, Gresham, OR 97030, USA"
"Viking Electric","(503) 775-3479","electrician","4.4","5","","1717 SE Umatilla St, Portland, OR 97202, USA"
"CornerStone Electric","(503) 775-0880","electrician","2.6","5","http://cornerstone-electric.com/","308 SW 1st Ave, Portland, OR 97204, USA"
"KeyMe Locksmiths","(360) 997-2291","locksmith","3.8","5","https://key.me/kiosks/washington/vancouver/vancouver/locksmith-key-copy-vancouver-safeway-98665-washington","408 NE 81st St, Vancouver, WA 98665, USA"
"Energized Electric","(971) 500-1735","electrician","5","5","https://energizedelectricllc.com/emergency-electrician/","10100 SW Herman Rd, Tualatin, OR 97062, USA"
"KeyMe Locksmiths","(503) 210-9727","locksmith","4","5","https://key.me/kiosks/oregon/gresham/gresham/locksmith-key-copy-gresham-fred-meyer-97080-oregon","2497 SE Burnside Rd, Gresham, OR 97080, USA"
"KeyMe Locksmiths","(503) 461-6005","locksmith","3.2","5","https://key.me/kiosks/oregon/lake-oswego/lake-oswego/locksmith-key-copy-lake-oswego-albertsons-97035-oregon","16199 Boones Ferry Rd, Lake Oswego, OR 97035, USA"
"NW Mizpah construction","(971) 724-4615","roofer","5","5","https://nwmizpahconstruction.com/","103 NE 25th Ave, Hillsboro, OR 97124, USA"
"Next Level Electric LLC","(971) 341-9466","electrician","5","5","https://www.nwnle.com/","2123 NE Aloclek Dr Ste 1202, Hillsboro, OR 97124, USA"
"Portland Roofing Experts","(800) 567-4000","roofer","5","5","","635A NW 16th Ave, Portland, OR 97209, USA"
"Portland Inc","(503) 770-8883","drain-specialist","5","5","https://www.portlandwaterdamagerestorationinc.com/","4605 SW Beaverton Hillsdale Hwy, Portland, OR 97221, USA"
"Garner Electric","(360) 869-0014","electrician","4.2","5","http://www.garnerelectric.com/","10202 NE 13th Ave, Vancouver, WA 98686, USA"
"McCoy Electric Co., Inc","(503) 234-7521","electrician","4.4","5","http://www.mccoyelectric.com/","29191 NW West Union Rd, North Plains, OR 97133, USA"
"Genesis Electric Northwest of Oregon LLC","(503) 303-8056","electrician","5","5","http://www.genesiselectricnwor.com/","1260 Willamette Falls Dr, West Linn, OR 97068, USA"
"Charged Electric LLC","(503) 380-4364","electrician","5","5","","12175 SW Summer Crest Dr, Tigard, OR 97223, USA"
"KeyMe Locksmiths","(971) 290-5944","locksmith","3","5","https://key.me/kiosks/oregon/portland/portland/locksmith-copy-keys-portland-safeway-97219-oregon","8145 SW Barbur Blvd, Portland, OR 97219, USA"
"The Heating Specialist","(866) 257-7050","gas-engineer","3.3","4","https://theheatingspecialist.com/","16500 S Pam Dr, Oregon City, OR 97045, USA"
"Two Angels Roofing LLC","(503) 984-9009","roofer","5","4","https://twoangelsroofing.com/","2813 NE 78th Ave, Vancouver, WA 98662, USA"
"Capitol Electric Co Inc","(503) 255-9488","electrician","2.5","4","http://www.capitolelectricco.com/","11401 NE Marx St, Portland, OR 97220, USA"
"Cordova construction, LLc","(503) 891-0461","roofer","5","4","http://www.cordovaconstructionservices.com/","23300 NE Arata Rd, Wood Village, OR 97060, USA"
"Cascade United Roofing","(503) 526-0260","roofer","5","4","http://www.cascadeunitedroofing.com/contact/","1819 SW 5th Ave #705, Portland, OR 97201, USA"
"Alder Creek Plumbing","(503) 850-8195","plumber","5","4","https://acplumbingpdx.com/","14311 SE Webster Rd, Milwaukie, OR 97267, USA"
"Portland Roofing Northwest","(503) 960-3656","roofer","4","4","http://portlandroofingnorthwest.com/","5040 SE Milwaukie Ave, Portland, OR 97202, USA"
"DK Commercial Roofing","(971) 252-7609","roofer","5","4","https://www.dkroofingportland.com/","1050 SW 6th Ave #1100, Portland, OR 97204, USA"
"Champion Drain Cleaning","(503) 422-0466","plumber","5","4","https://g.co/kgs/XYZEvjq","3005 NE 67th Ave, Portland, OR 97213, USA"
"DR Plumbing Hillsboro","(503) 300-4519","plumber","3","4","","2092 NE Aloclek Dr, Hillsboro, OR 97124, USA"
"Minute Key","(503) 201-5199","locksmith","3.3","4","https://www.minutekey.com/key-services/oregon/hillsboro/locksmith-key-copy-duplication-7330-ne-butler-st/25343/?utm_source=Synup&utm_medium=GoogleMaps&utm_campaign=WFX00040","7330 NE Butler St, Hillsboro, OR 97124, USA"
"KeyMe Locksmiths","(360) 295-9264","locksmith","4","4","https://key.me/kiosks/washington/vancouver/vancouver/locksmith-key-maker-vancouver-safeway-98661-washington","6701 E Mill Plain Blvd, Vancouver, WA 98661, USA"
"Burfitt Plumbing Since 1903","(503) 287-1267","plumber","5","4","http://burfittplumbinginc.com/","4505 NE Alberta St, Portland, OR 97218, USA"
"E T Burner & Boiler Services Inc","(503) 658-6548","gas-engineer","5","4","https://www.etburner.com/","13203 SE 172nd Ave Ste 166, Happy Valley, OR 97086, USA"
"Cromwell Plumbing, Inc","(971) 224-5304","drain-specialist","3","4","","855 Molalla Ave, Oregon City, OR 97045, USA"
"Pacific Networks","(503) 645-4000","electrician","4","4","http://www.pacnetworks.com/","16869 SW 65th Ave #373, Lake Oswego, OR 97035, USA"
"Pipe Systems Plumbing","(503) 895-8609","drain-specialist","5","4","http://www.pipesystems.weebly.com/","222 SW Harrison St #9c, Portland, OR 97201, USA"
"Minute Key","(360) 360-1320","locksmith","4","3","https://www.minutekey.com/key-services/washington/vancouver/locksmith-key-copy-duplication-18801-se-mill-plain-blvd/32760/","18801 SE Mill Plain Blvd, Vancouver, WA 98683, USA"
"Plumbing Services of Milwaukie","(503) 688-9594","plumber","4.7","3","http://milwaukieplumber.weebly.com/","2323 SE Harrison St, Milwaukie, OR 97222, USA"
"KeyMe Locksmiths","(503) 660-4691","locksmith","3.3","3","https://key.me/kiosks/oregon/portland/portland/locksmith-key-copy-portland-albertsons-97229-oregon","18425 NW West Union Rd, Portland, OR 97229, USA"
"Carlson Plumbing Company","(360) 803-4500","plumber","5","3","https://carlsonplumbing.co/?utm_source=gmb&utm_medium=referral","9508 NE 72nd Ave, Vancouver, WA 98665, USA"
"Boiler and Combustion Service","(503) 256-5845","gas-engineer","5","3","http://www.boilerandcombustionservice.com/contact-us","8750 SE McLoughlin Blvd, Milwaukie, OR 97222, USA"
"Affordable Septic Services","(360) 524-0322","drain-specialist","3","3","","Vancouver, WA 98661, USA"
"Villatoro Roofing Llc","(503) 804-6132","roofer","5","3","https://villatororoofingllc.us/","681 SE 182nd Ave, Portland, OR 97233, USA"
"Prestige Electric LLC","(360) 210-4269","electrician","5","3","http://prestigeelectricllc.com/","421C St Bldg 2a, Washougal, WA 98671, USA"
"Minute Key","(971) 284-7150","locksmith","4.7","3","https://www.minutekey.com/key-services/oregon/gresham/locksmith-key-copy-duplication-2444-e-powell-blvd/25634/","2444 E Powell Blvd, Gresham, OR 97080, USA"
"Hillsboro Plumbers","(503) 505-9974","plumber","1.7","3","","3000 NW Stucki Pl, Hillsboro, OR 97127, USA"
"KeyMe Locksmiths","(971) 290-5903","locksmith","5","3","https://key.me/kiosks/oregon/hillsboro/hillsboro/locksmith-copy-keys-hillsboro-albertsons-97124-oregon","888 NE 25th Ave, Hillsboro, OR 97124, USA"
"Merit Electric","(503) 248-1716","electrician","3.7","3","http://www.meritelectric.net/","10830 SW Tualatin-Sherwood Rd #200, Tualatin, OR 97062, USA"
"HER Roofing","(503) 303-3893","roofer","5","3","https://www.herroofing.com/roof-replacement-wilsonville-or/","9425 SW Commerce Cir B13, Wilsonville, OR 97070, USA"
"Minute Key","(360) 360-1379","locksmith","2.3","3","https://www.minutekey.com/key-services/washington/vancouver/locksmith-key-copy-duplication-905-ne-136th-ave/25348/?utm_source=Synup&utm_medium=GoogleMaps&utm_campaign=WFX00049","905 NE 136th Ave, Vancouver, WA 98684, USA"
"J Vaughan Roofing Inc","(503) 567-4360","roofer","5","3","https://www.orion-nw.com/?utm_source=gbp&utm_medium=organic&utm_campaign=jvaughan","9620 Northeast Tanasbourne Dr Suite 300, Hillsboro, OR 97124, USA"
"KeyMe Locksmiths","(360) 844-3159","locksmith","4","3","https://key.me/kiosks/washington/vancouver/vancouver/locksmith-duplicate-keys-vancouver-safeway-98661-washington","6711 NE 63rd St, Vancouver, WA 98661, USA"
"Smart King Roofing LLC","(503) 639-2573","roofer","5","3","","9725 SW Murdock St, Portland, OR 97224, USA"
"nw quality roofing llc","(360) 843-0332","roofer","5","3","","3617 K St, Vancouver, WA 98663, USA"
"Columbia Roofing & Sheet Metal","(503) 684-9123","roofer","5","3","https://reroofnow.com/","18525 SW 126th Pl, Tualatin, OR 97062, USA"
"Watchtower roofing llc","(360) 947-7449","roofer","4.5","2","","632 NE Birch St APT 306, Camas, WA 98607, USA"
"Sturgeon Electric Co","(503) 661-1568","electrician","4.5","2","https://sturgeonelectric.com/","1500 NE Graham Rd, Troutdale, OR 97060, USA"
"Metro Electric Inc","(503) 407-1447","electrician","5","2","http://getmetroelectric.com/","25027 OR-224, Boring, OR 97009, USA"
"GW Electric","(360) 295-9595","electrician","3","2","https://gweusa.com/","19660 SW 112th Ave, Tualatin, OR 97062, USA"
"Wilsonville Service Plumber","(503) 389-5673","plumber","5","2","http://wilsonvilleserviceplumber.weebly.com/","9280 SW Bailey St, Wilsonville, OR 97070, USA"
"The Service Plumbers Gladstone","(503) 895-6280","plumber","5","2","http://gladstoneplumber.weebly.com/","605 Portland Ave, Gladstone, OR 97027, USA"
"Cheap Auto Key","(503) 743-0366","locksmith","2","2","","13435 SE 79th Ave, Portland, OR 97222, USA"
"Cooper Mountain Roofing","(503) 649-2367","roofer","3","2","https://www.coopermountainroofing.com/contact/","14845 SW Murray Scholls Dr, Beaverton, OR 97007, USA"
"Neighborhood Roofing","(360) 585-6102","roofer","5","2","","12010a NE Fourth Plain Blvd, Vancouver, WA 98682, USA"
"Prairie Electric Inc.","(503) 286-9209","electrician","5","2","https://prairielectric.com/locations/ne-portland/?utm_source=GBP&utm_medium=organic","5933 NE Win Sivers Dr #205, Portland, OR 97220, USA"
"Minute Key","(805) 472-6062","locksmith","5","2","https://www.minutekey.com/key-services/washington/vancouver/locksmith-key-copy-duplication-14505-ne-fourth-plain-blvd-/14864/","14505 NE Fourth Plain Blvd, Vancouver, WA 98682, USA"
"JJ NEW ERA ROOFING LLC","(503) 593-6729","roofer","5","2","","Troutdale, OR 97060, USA"
"Tetra Tech","(503) 221-8636","gas-engineer","5","2","http://www.tetratech.com/","1750 S Harbor Way #400, Portland, OR 97201, USA"
"Signature Security","(360) 750-6000","electrician","5","2","http://www.signaturesecurityinc.com/","2917 Washington St #104, Vancouver, WA 98660, USA"
"Wilsonville Roofing","(503) 597-7792","roofer","5","2","http://www.wilsonvilleroofing.com/","29030 Town Center Loop E, Wilsonville, OR 97070, USA"
"Minute Key","(971) 348-6501","locksmith","2","2","https://www.minutekey.com/key-services/oregon/sherwood/locksmith-key-copy-duplication-21320-sw-langer-farms-pkwy/14137/","21320 SW Langer Farms Pkwy, Sherwood, OR 97140, USA"
"KeyMe Locksmiths","(503) 738-1908","locksmith","4","2","https://key.me/kiosks/oregon/gladstone/gladstone/locksmith-key-copy-gladstone-safeway-97027-oregon","95 82nd Dr, Gladstone, OR 97027, USA"
"Aquarius Roofing LLC","(971) 408-5905","roofer","5","1","","NE 92nd St, Vancouver, WA 98662, USA"
"KeyMe Locksmiths","(971) 287-6067","locksmith","1","1","https://key.me/kiosks/oregon/portland/portland/locksmith-copy-keys-portland-safeway-97267-oregon","14840 SE Webster Rd, Portland, OR 97267, USA"
"Home Help Electric","(360) 562-8257","electrician","5","1","https://www.electricianvancouverwa.com/","5302 NE 95th St, Vancouver, WA 98665, USA"
"All Across the Board Construction","(503) 960-8442","roofer","5","1","","9932 N Leonard St, Portland, OR 97203, USA"
"Aloha Pressure Washing & Roofing Co","(503) 998-1974","roofer","5","1","http://www.alohapressurewashing.com/","20449 SW Tualatin Valley Hwy PMB313, Aloha, OR 97003, USA"
"Eds Electric","(360) 798-9590","electrician","5","1","","1005 NE 192nd Ave, Vancouver, WA 98684, USA"
"Deschutes Roofing","(503) 447-4705","roofer","5","1","https://deschutesroofing.com/","4145 SW Watson Ave #350, Beaverton, OR 97005, USA"
"BEST GENERATION ROOFING LLC","(360) 487-9358","roofer","5","1","http://thebestgenerationroofingllc.com/index.php","21620 NE 58th St, Vancouver, WA 98682, USA"
"Minute Key","(503) 201-3293","locksmith","5","1","https://www.minutekey.com/key-services/oregon/wood-village/locksmith-key-copy-duplication-23500-ne-sandy-blvd/29058/","23500 NE Sandy Blvd, Wood Village, OR 97060, USA"
"All Weather Shield of WA","(360) 487-9090","roofer","5","1","http://www.elitemetalroofingllc.com/","7110 NE 163rd Ave, Vancouver, WA 98682, USA"
"Electrical Reliability Services (ERS)","(503) 653-6781","electrician","5","1","https://ers.vertiv.com/en-us/?utm_source=Google+Business+Listing&utm_medium=Portland&utm_campaign=Portland&utm_id=Google+Business+Listing","4099 SE International Way #201, Milwaukie, OR 97222, USA"
"Blue Elk Roofing","(360) 637-2234","roofer","5","1","http://www.blueelkroofing.com/","3210 SE 172nd Ave, Vancouver, WA 98683, USA"
"Minute Key","(805) 472-6062","locksmith","1","1","https://www.minutekey.com/key-services/washington/vancouver/locksmith-key-copy-duplication-9000-ne-highway/27205/","9000 NE Hwy 99, Vancouver, WA 98665, USA"
"Galvanized Roofing Llc","(971) 803-1781","roofer","5","1","http://pdxcityroofing.com/","2121 SE Scott Ave, Gresham, OR 97080, USA"
"Professional Electrical Systems Inc.","(503) 680-0292","electrician","5","1","http://www.pro-elect-sys.com/","17023 S Winter View Ln, Oregon City, OR 97045, USA"
"Taurus Power & Controls","(503) 692-9004","electrician","5","1","http://www.tauruspower.com/","9999 SW Avery St, Tualatin, OR 97062, USA"
"Mathews Mechanical","(971) 242-8734","gas-engineer","1","1","https://mathmec.com/","4855 SE 18th Ave, Portland, OR 97202, USA"
"Advanced Electrical Technologies","(360) 636-2245","electrician","5","1","https://www.aet-pneco.com/","109 W Mill Plain Blvd, Vancouver, WA 98660, USA"
"T & M Design Solutions LLC","(971) 409-7137","roofer","5","1","","14631 S Livesay Rd, Oregon City, OR 97045, USA"
"Vitan Construction LLC Roofing Clackamas","(971) 236-7807","roofer","5","1","http://vitanconstruction.com/","10760 SE Hwy 212, Clackamas, OR 97015, USA"
"Sadlers Solutions LLC","(503) 991-4433","roofer","5","1","","24100 NW Dierdorff Rd, Hillsboro, OR 97124, USA"
"Sager Roofing Inc","(503) 257-1196","roofer","5","1","","11307 NE Glisan St, Portland, OR 97220, USA"
"Tom Stevens Boiler Repair, Inc.","(503) 658-2289","gas-engineer","5","1","http://www.tstevensboiler.com/","17675 SE Midway St, Damascus, OR 97089, USA"
"G&G Roof & Construction llc","(971) 207-0743","roofer","5","1","https://roofnconstruction.com/","5355 SW River Rd, Hillsboro, OR 97123, USA"
"KeyMe Locksmiths","(360) 997-2048","locksmith","3","1","https://key.me/kiosks/washington/vancouver/vancouver/locksmith-key-copy-vancouver-albertsons-98686-washington","14300 NE 20th Ave, Vancouver, WA 98686, USA"
"Deschutes Roofing","(503) 917-3322","roofer","5","1","https://deschutesroofing.com/","1455 NW Irving St suite 200, Portland, OR 97209, USA"
"Quality Plus Services","(503) 640-4326","electrician","","","http://www.qpsisbest.com/","6501 NE Croeni Ave, Hillsboro, OR 97124, USA"
"All American Electrical Contractor","(503) 657-4351","electrician","","","","414 Beavercreek Rd # 706, Oregon City, OR 97045, USA"
"OC Service Plumber","(503) 660-3287","plumber","","","http://ocserviceplumber.weebly.com/","5686 Summit St, West Linn, OR 97068, USA"
"Roto Pro","(360) 222-7686","plumber","","","https://24hourrotopro.com/","16505 SE 1st St suite 101, Vancouver, WA 98684, USA"
"MRP Services / Metro Rooter USA","(503) 253-4828","drain-specialist","","","http://www.metrorooterusa.com/","5410 NE 109th Ave, Portland, OR 97220, USA"
"Hughes Electrical Contractors","(503) 647-2221","electrician","","","https://hugheselectrical.com/","5592 NE Clara Ln, Hillsboro, OR 97124, USA"
"Minute Key","(805) 472-6062","locksmith","","","https://www.minutekey.com/key-services/oregon/oregon-city/locksmith-key-copy-duplication-2002-washington-st/36998/","2002 Washington St, Oregon City, OR 97045, USA"
"O'Reiley's Drain & Plumbing","(503) 277-0089","plumber","","","","14800 NW Cornelius Pass Rd, Portland, OR 97231, USA"
"Tigard Service Plumber","(503) 895-5511","plumber","","","http://tigardserviceplumber.weebly.com/","11575 SW 135th Ave #29, Tigard, OR 97223, USA"
"Advanced Electrician Services Vancouver WA","(564) 203-3846","electrician","","","https://electricianpros.us/","910 NE Minnehaha St, Vancouver, WA 98665, USA"
"Tetra Tech","(503) 227-5280","gas-engineer","","","http://www.tetratech.com/","900 SW 5th Ave #1600, Portland, OR 97204, USA"
"Tetra Tech","(503) 684-9097","gas-engineer","","","http://www.tetratech.com/","15350 SW Sequoia Pkwy #220, Portland, OR 97224, USA"